data,hora,natureza_acidente,situacao,bairro,endereco,numero,detalhe_endereco_acidente,complemento,bairro_cruzamento,num_semaforo,sentido_via,tipo,descricao,auto,moto,ciclom,ciclista,pedestre,onibus,caminhao,viatura,outros,vitimas,vitimasfatais,acidente_verificado,tempo_clima,situacao_semaforo,sinalizacao,condicao_via,conservacao_via,ponto_controle,situacao_placa,velocidade_max_via,mao_direcao,divisao_via1,divisao_via2,divisao_via3
2020-01-18,11:07:00,SEM VÍTIMA,FINALIZADA,SÃO JOSÉ,C SANTA RITA,595,,LADO OPOSTO AS TORRES GÊMEAS,SÃO JOSÉ,,SUBURBIO,COLISÃO TRASEIRA,DOIS AUTOS,2,,,,,,,,,0,,Longo da via,Bom,Não existe,Perfeito estado,Seca,Perfeito estado,Não existe,Não há placas,,Dupla,Faixa seccionada,Canteiro central,
2020-01-18,11:52:00,SEM VÍTIMA,FINALIZADA,BOA VISTA,RUA DO GIRIQUITI,18,,EM FRENTE AO Nº 18,BOA VISTA,,CIDADE,COLISÃO TRASEIRA,COLISÃO S/VITIMAS ENTRE DOIS AUTOS,2,,,,,,,,,0,,Longo da via,Bom,Não existe,Perfeito estado,Seca,Perfeito estado,Não existe,Outras,,Única,Não existe,,
2020-01-18,12:24:00,SEM VÍTIMA,FINALIZADA,JORDÃO,AV DONA CARENTINA,21,,ESCOLA ESTADUAL ENELDA RABELO,JORDÃO,,SUBURBIO,CHOQUE VEÍCULO PARADO,COLISAO SEM VITIMAS,1,,,,,1,,,,0,,Longo da via,Bom,Não existe,Perfeito estado,Seca,Perfeito estado,,,,Dupla,Faixa seccionada,,
2020-01-18,12:32:00,SEM VÍTIMA,FINALIZADA,BOMBA DO HEMETÉRIO,RUA CHA DE ALEGRIA,107,RUA TAMBOARA,,BOMBA DO HEMETÉRIO,,CIDADE,COLISÃO TRASEIRA,ENTRE DUAS MOTOS S/V,,2,,,,,,,,0,,Cruzamento,Bom,Não existe,Perfeito estado,Seca,Perfeito estado,Outros,Outras,,Dupla,Faixa seccionada,,
2020-01-18,13:01:00,COM VÍTIMA,FINALIZADA,BOA VIAGEM,RUA SA E SOUZA,580,RUA LUIZ PIMENTEL,E/F A IGREJA DE JESUS CRISTOS DOS ULTIMOS DIAS,BOA VIAGEM,,CIDADE,ABALROAMENTO TRANSVERSAL,COLISAO COM VITIMAS,1,1,,,,,,,,1,,Cruzamento,Bom,Não existe,Perfeito estado,Seca,Perfeito estado,Não existe,Placas Pare,,Dupla,Faixa seccionada,,
2020-01-18,14:13:00,SEM VÍTIMA,FINALIZADA,BOA VISTA,RUA SAO GONCALO,497,RUA DA GLORIA,,BOA VISTA,,SUBURBIO,ABALROAMENTO LONGITUDINAL,ENTRE DOIS AUTOS S/V,2,,,,,,,,,0,,,Bom,Não existe,Perfeito estado,Seca,Perfeito estado,Não existe,Placas Pare,40 km/h,Única,Faixa seccionada,,
2020-01-18,14:22:00,SEM VÍTIMA,FINALIZADA,ILHA DO RETIRO,RUA SPORT CLUBE DO RECIFE,,RUA JOAO ELISIO RAMOS,AO LADO DO ESTÁDIO ADELMAR DA COSTA CARVALHO,ILHA DO RETIRO,355,CIDADE,ABALROAMENTO LONGITUDINAL,COLISÃO SEM VITIMA,2,,,,,,,,,0,,,Bom,Sem defeito,Perfeito estado,Seca,Perfeito estado,,R-6a,,Dupla,Faixa contínua,Canteiro central,
2020-01-18,14:27:00,SEM VÍTIMA,FINALIZADA,TORRÕES,,,RUA ONZE DE FEVEREIRO,AO LADO DO LAVA JATO BRILHO CAR,TORRÕES,,,ABALROAMENTO LONGITUDINAL,ENTRE AUTO PASSEIO X MOTO COM VÍTIMA,1,1,,,,,,,,0,,Cruzamento,Bom,Não existe,,Seca,Perfeito estado,Não existe,Placas Pare,,Dupla,,,
2020-01-18,14:27:00,SEM VÍTIMA,CANCELADA,BOA VIAGEM,RUA JAIME RAMIRO COSTA,176,,PROX A QUADRA DE TENIS,BOA VIAGEM,,,COLISÃO,COLISAO SEM VITIMAS,2,,,,,,,,,0,,,,,,,,,,,,,,
2020-01-18,14:27:00,SEM VÍTIMA,DUPLICIDADE,COELHOS,RUA SAO GONCALO,7,,NA RUA DO MERCADO DA BOA VISTA,COELHOS,,,COLISÃO,COLISÃO SEM VITIMA,2,,,,,,,,,0,,,,,,,,,,,,,,
2020-01-18,15:34:00,SEM VÍTIMA,FINALIZADA,JIQUIÁ,RUA SAO MIGUEL,1805,,,JIQUIÁ,,SUBURBIO,COLISÃO TRASEIRA,COLISÃO SEM VITIMA,2,,,,,,,,,0,,Longo da via,Bom,Sem defeito,Incompleta,Seca,Perfeito estado,Faixa de pedestre,Outras,60 km/h,Dupla,Faixa contínua,,
2020-01-18,16:02:00,SEM VÍTIMA,FINALIZADA,ARRUDA,RUA DAS MOCAS,752,,EM FRENTE A IEADALPE,ARRUDA,,SUBURBIO,ABALROAMENTO LONGITUDINAL,ENTRE DOIS AUTOS S/V,2,,,,,,,,,0,,Longo da via,Bom,Não existe,Perfeito estado,Seca,Perfeito estado,Não existe,Não há placas,,Dupla,Faixa seccionada,,
2020-01-18,16:47:00,SEM VÍTIMA,FINALIZADA,TORREÃO,RUA DJALMA FARIAS,109,,EM FRENTE AO Nº 109,TORREÃO,,SUBURBIO,ABALROAMENTO LONGITUDINAL,AUTO PASSEIO X MOTO S/V,1,1,,,,,,,,0,,Longo da via,Bom,Não existe,Não existente,Seca,Mal conservada,Não existe,Não há placas,,Dupla,Não existe,,
2020-01-18,17:18:00,SEM VÍTIMA,CANCELADA,CASA AMARELA,AV NORTE,,RUA PADRE LEMOS,E/F A PASSIRA,CASA AMARELA,,,COLISÃO,ENTRE DOIS AUTOS S/V,2,,,,,,,,,0,,,,,,,,,,,,,,
2020-01-18,17:55:00,SEM VÍTIMA,CANCELADA,TORRE,RUA FREI JABOATAO,65,,E/F AO CARREFOUR DA TORRE,TORRE,,,COLISÃO,ENTRE 2 AUTOS. S/V,2,,,,,,,,,0,,,,,,,,,,,,,,
2020-01-18,20:49:00,COM VÍTIMA,FINALIZADA,IMBIRIBEIRA,RUA ITACARI,162,RUA ITAJAI,GRÁFICA YNOVE,IMBIRIBEIRA,,SUBURBIO,ABALROAMENTO TRANSVERSAL,SIENA X VOYAGE,2,,,,,,,,,1,,Cruzamento,Bom,Não existe,Incompleta,Seca,Mal conservada,Não existe,Placas Pare,,Única,,,
2020-01-18,21:26:00,SEM VÍTIMA,FINALIZADA,ÁGUA FRIA,AV BEBERIBE,,RUA DA REGENERACAO,,ÁGUA FRIA,187,SUBURBIO,ABALROAMENTO LONGITUDINAL,ENTRE 3 AUTOS. S/V,3,,,,,,,,,0,,Longo da via,Bom,Não existe,Ilegível,Seca,Perfeito estado,Não existe,Não há placas,,Única,Faixa seccionada,,
2020-01-19,00:45:00,SEM VÍTIMA,CANCELADA,CAMPO GRANDE,RUA ODORICO MENDES,,,EM FRENTE AO CLUBE DAS PÁS,CAMPO GRANDE,,,COLISÃO,COLISÃO ENTRE VEÍCULOS- SEGUIDA DE CHOQUE EM DOIS TÁXIS ESTACIONADOS. SEM VÍTIMAS,4,,,,,,,,,0,,,,,,,,,,,,,,
2020-01-19,02:29:00,SEM VÍTIMA,FINALIZADA,BOA VISTA,RUA DOM BOSCO,,RUA LUIZ BARBALHO,EM FRENTE AO BATALHÃO DE POLÍCIA RADIOPATRULHA,BOA VISTA,,CIDADE,CHOQUE VEÍCULO PARADO,AUTO CHOCOU-SE EM UM VEICULO QUE ENCONTRAVA-SE ESTACIONADO (UM DOS ENVOLVIDOS APRESENTA SINTOMAS DE EMBRIAGUEZ),2,,,,,,,,,0,,Longo da via,Chuvoso,Não existe,Perfeito estado,Molhada,Perfeito estado,Não existe,R-6a,,Única,Faixa seccionada,,
2020-01-19,06:02:00,SEM VÍTIMA,FINALIZADA,SANTO AMARO,AV NORTE,,,SENAI,SANTO AMARO,36,,COLISÃO TRASEIRA,COLISÃO ENTRE AUTO E ÔNIBUS- S/V,1,,,,,1,,,,0,,Longo da via,Bom,Sem defeito,Perfeito estado,Seca,Perfeito estado,Faixa de pedestre,Outras,,Dupla,Canteiro central,,
2020-01-19,06:53:00,COM VÍTIMA,FINALIZADA,ROSARINHO,RUA COUTO MAGALHAES,,AV SANTOS DUMONT,DE ESQUINA COM O COLEGIO FAZER CRESCER,ROSARINHO,,SUBURBIO,ABALROAMENTO LONGITUDINAL,AUTO E MOTO,1,1,,,,,,,,1,,Esquina,Bom,Não existe,Perfeito estado,Seca,Perfeito estado,Faixa de pedestre,Outras,30 km/h,Única,Não existe,,
2020-01-19,08:09:00,SEM VÍTIMA,FINALIZADA,CORDEIRO,AV CAXANGA,144,,EM FRENTE AO SEMÁFORO Nº 080,CORDEIRO,80,SUBURBIO,COLISÃO TRASEIRA,AUTO E ONIBUS,1,,,,,1,,,,0,,Longo da via,Bom,Sem defeito,Perfeito estado,Seca,Perfeito estado,Faixa de pedestre,R-6a,,Dupla,Faixa contínua,Canteiro central,
2020-01-19,09:12:00,SEM VÍTIMA,CANCELADA,AFOGADOS,RUA FRANCISCO SILVEIRA,,,APOS O LARGO DA PAZ PRIMEIRA A ESQUERDA / SENT AEROPORTO,AFOGADOS,,,COLISÃO,CAMINHAO E AUTO,1,,,,,,1,,,0,,,,,,,,,,,,,,
2020-01-19,09:35:00,SEM VÍTIMA,FINALIZADA,TEJIPIÓ,AV LIBERDADE,364,,PRÓXIMO A DELEGACIA DRACO,TEJIPIÓ,,SUBURBIO,ABALROAMENTO LONGITUDINAL,SEM VITIMAS,2,,,,,,,,,0,,Longo da via,Bom,Não existe,Não existente,Seca,Perfeito estado,Não existe,Não há placas,,Dupla,Faixa contínua,,
2020-01-19,09:51:00,COM VÍTIMA,FINALIZADA,PINA,AV HERCULANO BANDEIRA,950,,EM FRENTE A JBS VEICULOS,PINA,660,SUBURBIO,CHOQUE OBJETO FIXO,CAMINHAO CHOCOU-SE COM A LOJA / MOTORISTA FOI SOCORRIDO POR TERCEIROS,,,,,,,1,,,1,,Longo da via,Bom,Sem defeito,Perfeito estado,Seca,Perfeito estado,Faixa de pedestre,Outras,60 km/h,Única,Faixa seccionada,,
2020-01-19,10:07:00,SEM VÍTIMA,FINALIZADA,CORDEIRO,AV CAXANGA,1417,RUA CONEGO ANTONIO CAVALCANTE,,CORDEIRO,,CIDADE,CHOQUE OBJETO FIXO,CHOQUE OBJETO FIXO. VEICULO PASSEIO- NAO A VITIMA,1,,,,,,,,,0,,Cruzamento,Bom,Não existe,Perfeito estado,Seca,Perfeito estado,Outros,Outras,,Dupla,Não existe,,
2020-01-19,13:15:00,SEM VÍTIMA,FINALIZADA,TORREÃO,AV NORTE,1726,,CHEVROLET PEDRAGON,TORREÃO,376,CIDADE,COLISÃO TRASEIRA,COLISÃO SEM VÍTIMA,1,,,,,1,,,,0,,Longo da via,Bom,Sem defeito,Perfeito estado,Seca,Perfeito estado,Faixa de pedestre,Outras,,Única,Faixa seccionada,Canteiro central,
2020-01-19,13:33:00,SEM VÍTIMA,FINALIZADA,IMBIRIBEIRA,AV SENADOR ROBERT KENNEDY,350,RUA CONDESSA DE BARRAL,REGIONAL SUL,IMBIRIBEIRA,,SUBURBIO,ABALROAMENTO TRANSVERSAL,COLISÃO SEM VÍTIMA,1,1,,,,,,,,0,,,Bom,Não existe,Não existente,Seca,Perfeito estado,Não existe,Não há placas,,Dupla,Não existe,,
2020-01-19,15:46:00,COM VÍTIMA,FINALIZADA,DOIS IRMÃOS,RUA DOIS IRMAOS,932,,PRÓX. AO VIADUTO DA BR 101,DOIS IRMÃOS,,SUBURBIO,ABALROAMENTO TRANSVERSAL,COLISÃO C/VITIMAS ENTRE UMA MOTO E UM AUTO (V.T 26 NO QTH),1,1,,,,,,,,2,,Longo da via,Bom,Sem defeito,Perfeito estado,Seca,Perfeito estado,Não existe,Não há placas,,Dupla,Faixa contínua,,
2020-01-19,16:40:00,SEM VÍTIMA,FINALIZADA,ARRUDA,RUA SAO BENTO,84,,RESIDENCIAL SÃO BENTO,ARRUDA,,SUBURBIO,COLISÃO TRASEIRA,COLISÃO S/VITIMAS ENTRE DOIS AUTO,2,,,,,,,,,0,,Longo da via,Bom,Não existe,Perfeito estado,Seca,Perfeito estado,,Outras,,Única,Faixa seccionada,,
2020-01-19,19:37:00,SEM VÍTIMA,CANCELADA,IPUTINGA,AV CAXANGA,,,AO LADO DO VIADUTO DA BR-101- E/F A CHEVROLET,IPUTINGA,,,COLISÃO,ENTRE DOIS AUTOS S/V,2,,,,,,,,,0,,,,,,,,,,,,,,
2020-01-19,20:21:00,SEM VÍTIMA,FINALIZADA,SANTO ANTÔNIO,C SANTA RITA,,,POSTE DE ILUMINAÇÃO PÚBLICA BO 17446 ( POSTE LADO OPOSTO ),SANTO ANTÔNIO,571,CIDADE,ABALROAMENTO LONGITUDINAL,ONIBUS X AUTO PASSEIO S/V,1,,,,,1,,,,0,,Longo da via,Bom,Sem defeito,Perfeito estado,Seca,Perfeito estado,Faixa de pedestre,Outras,,Única,Faixa contínua,Faixa seccionada,
2020-01-19,20:45:00,SEM VÍTIMA,FINALIZADA,TORREÃO,RUA DJALMA FARIAS,,RUA PADRE MIGUELINHO,,TORREÃO,,CIDADE,ABALROAMENTO TRANSVERSAL,ENTRE AUTO E MOTO. S/V,1,1,,,,,,,,0,,Cruzamento,Bom,Não existe,Perfeito estado,Seca,Perfeito estado,Não existe,Placas Pare,,Dupla,Não existe,,
2020-01-19,20:53:00,COM VÍTIMA,FINALIZADA,CORDEIRO,AV CAXANGA,,,E/F A EXPOSIÇÃO DE ANIMAIS,CORDEIRO,235,SUBURBIO,COLISÃO TRASEIRA,AUTO PASSEIO X MOTO COM VÍTIMA,1,1,,,,,,,,1,,Longo da via,Bom,Sem defeito,Perfeito estado,Seca,Perfeito estado,Faixa de pedestre,,,Dupla,Canteiro central,,
2020-01-19,21:06:00,SEM VÍTIMA,CANCELADA,CASA AMARELA,AV NORTE,,,E/F A MATERNIDADE BARROS LIMA,CASA AMARELA,,,COLISÃO,ENTRE 2 AUTOS. S/V,1,,,,,1,,,,0,,,,,,,,,,,,,,
2020-01-19,21:41:00,COM VÍTIMA,CANCELADA,ESTÂNCIA,AV DR JOSE RUFINO,,,PRÓX AO COLÉGIO VISÃO E POSTO IPIRANGA / E/F AO POSTO PETROISA,ESTÂNCIA,,,COLISÃO,ENTRE AUTO E MOTO. C/V,1,1,,,,,,,,1,,,,,,,,,,,,,,
2020-01-20,07:20:00,COM VÍTIMA,FINALIZADA,TORRE,RUA REAL DA TORRE,1201,,,TORRE,108,CIDADE,COLISÃO COM CICLISTA,COLISÃO COM UMA VITIMA AGUARDANDO SAMU,,1,,1,,,,,,1,,Longo da via,Bom,Sem defeito,Perfeito estado,Seca,Perfeito estado,,Outras,50 km/h,Única,Faixa,,
2020-01-20,08:15:00,SEM VÍTIMA,CANCELADA,DERBY,AV GOVERNADOR AGAMENON MAGALHAES,241 A,RUA JORNALISTA PAULO BITTENCOURT,EM FRENTE AO CERPE,DERBY,,,COLISÃO,SEM VITIMAS,1,,,,,1,,,,0,,,,,,,,,,,,,,
2020-01-20,08:24:00,SEM VÍTIMA,FINALIZADA,DERBY,AV GOVERNADOR AGAMENON MAGALHAES,,RUA JORNALISTA PAULO BITTENCOURT,AO LADO DO BRADESCO,DERBY,,CIDADE,ABALROAMENTO LONGITUDINAL,COLISÃO S/VITIMAS ENTRE UM AUTO E UM ONIBUS (V.T 05 NO QTH),1,,,,,1,,,,0,,Cruzamento,Bom,Não existe,Perfeito estado,Seca,Perfeito estado,Faixa de pedestre,Placas Pare,30 km/h,Dupla,Faixa seccionada,,
2020-01-20,08:28:00,SEM VÍTIMA,FINALIZADA,ESPINHEIRO,RUA QUARENTA E OITO,,RUA CONS PORTELA,CRUZAMENTO DAS RUAS,ESPINHEIRO,11,,ABALROAMENTO LONGITUDINAL,SEM VITIMAS,1,,,,,1,,,,0,,Longo da via,Bom,Sem defeito,Perfeito estado,Seca,Perfeito estado,Faixa de pedestre,,,Única,Faixa seccionada,,
2020-01-20,08:39:00,SEM VÍTIMA,FINALIZADA,IPSEP,AV RECIFE,,RUA JEAN EMILE FAVRE,EM FRENTE A PADARIA VILLA DO PÃO,IPSEP,130,,COLISÃO TRASEIRA,COLISÃO S/VITIMAS ENTRE TRES AUTOS,3,,,,,,,,,0,,Longo da via,Bom,Sem defeito,Perfeito estado,Seca,Perfeito estado,,Não há placas,60 km/h,Dupla,Faixa contínua,Faixa seccionada,Canteiro central
2020-01-20,09:18:00,SEM VÍTIMA,FINALIZADA,GRAÇAS,RUA ANTONIO NOVAIS,50,,,GRAÇAS,,,ABALROAMENTO LONGITUDINAL,COLISÃO S/VITIMAS ENTRE UMA MOTO E UM AUTO,1,1,,,,,,,,0,,Longo da via,Bom,Não existe,Perfeito estado,Seca,Perfeito estado,Não existe,Não há placas,,Única,Não existe,,
2020-01-20,09:30:00,COM VÍTIMA,FINALIZADA,CORDEIRO,AV GENERAL SAN MARTIN,,,EM FRENTE AO HOSPITAL GETULIO VARGAS,CORDEIRO,185,SUBURBIO,ATROPELAMENTO,COM UMA VITIMA AGUARDANDO SOCORRO/ VT 24 NO LOCAL,,1,,,1,,,,,1,,Longo da via,Bom,Sem defeito,Perfeito estado,Seca,Perfeito estado,,,,Dupla,Faixa contínua,,
2020-01-20,09:35:00,SEM VÍTIMA,FINALIZADA,MADALENA,RUA JOSE MUCIO MONTEIRO,241,,,MADALENA,,,ABALROAMENTO LONGITUDINAL,COLISAO S/ VITIMA. DOIS VEICULOS,2,,,,,,,,,0,,Longo da via,Bom,Não existe,Perfeito estado,Seca,Perfeito estado,Não existe,R-6a,,Única,Faixa seccionada,,
2020-01-20,10:09:00,SEM VÍTIMA,FINALIZADA,ESPINHEIRO,RUA CONS PORTELA,,RUA QUARENTA E OITO,PRÓX. AO SEMÁFORO 011,ESPINHEIRO,11,CIDADE,COLISÃO TRASEIRA,ONIBUS E AUTO GM RODRIGO NO QTH P.O,1,,,,,1,,,,0,,Cruzamento,Bom,Sem defeito,Perfeito estado,Seca,Perfeito estado,Agente,Outras,40 km/h,Única,,,
2020-01-20,10:11:00,SEM VÍTIMA,FINALIZADA,CORDEIRO,RUA TAMBORIL,18,RUA TIJUCAS,RESTAURANTE JOÃO DA CARNE DE SOL,CORDEIRO,,CIDADE,COLISÃO FRONTAL,COLISÃO S/VITIMAS ENTRE DOIS AUTOS,1,,,,,1,,,,0,,,Bom,Não existe,Perfeito estado,Seca,Perfeito estado,,Placas Pare,,Dupla,Não existe,,
2020-01-20,10:18:00,SEM VÍTIMA,FINALIZADA,IMBIRIBEIRA,AV MARECHAL MASCARENHAS DE MORAES,6211,,JUSTÇA FEDERAL ( EDIFÍCIO SEDE II),IMBIRIBEIRA,625,SUBURBIO,COLISÃO TRASEIRA,SEM VITIMAS,2,,,,,,,,,0,,Longo da via,Bom,Sem defeito,Perfeito estado,Seca,Perfeito estado,Faixa de pedestre,Não há placas,60 km/h,Dupla,Canteiro central,,
2020-01-20,10:43:00,SEM VÍTIMA,FINALIZADA,JORDÃO,RUA DR ANDRADE LYRA,10,,EM FRENTE AO Nº 10,JORDÃO,,CIDADE,COLISÃO TRASEIRA,COLISAO S/ VITIMA. VEICULO E COMBI,2,,,,,,,,,0,,Longo da via,Bom,Não existe,Perfeito estado,Seca,Perfeito estado,Não existe,,30 km/h,Única,Não existe,,
2020-01-20,10:34:00,SEM VÍTIMA,FINALIZADA,MADALENA,RUA JOAO IVO DA SILVA,,,DENTRO DO TÚNEL DA ABOLIÇÃO,MADALENA,,SUBURBIO,ABALROAMENTO LONGITUDINAL,COLISÃO SEM VITIMAS,1,,,,,1,,,,0,,Longo da via,Bom,Não existe,Perfeito estado,Seca,Perfeito estado,Não existe,Não há placas,,Única,,,
2020-01-20,11:42:00,COM VÍTIMA,FINALIZADA,BOA VIAGEM,AV CONSELHEIRO AGUIAR,,RUA ERNESTO DE PAULA SANTOS,HABIB'S.,BOA VIAGEM,127,CIDADE,ABALROAMENTO LONGITUDINAL,AUTO E MOTO,1,1,,,,,,,,1,,Cruzamento,Bom,Sem defeito,Perfeito estado,Seca,Perfeito estado,Faixa de pedestre,Não há placas,60 km/h,Única,Faixa seccionada,,
2020-01-20,11:59:00,SEM VÍTIMA,FINALIZADA,BOA VISTA,AV GOVERNADOR AGAMENON MAGALHAES,,,AO LADO DO COLEGIO AMERICANO BATISTA,BOA VISTA,,,COLISÃO TRASEIRA,COLISAO S/ VITIMA. ENTRE DOIS VEICULOS. GM: ERIVAN SILVA E LEILA. PONTO FIXO NO LOCAL,2,,,,,,,,,0,,Longo da via,Bom,Sem defeito,Perfeito estado,Seca,Perfeito estado,Outros,Outras,60 km/h,Dupla,Canteiro central,,
2020-01-20,12:26:00,SEM VÍTIMA,FINALIZADA,IMBIRIBEIRA,AV MARECHAL MASCARENHAS DE MORAES,4861,,FACULDADE FPS,IMBIRIBEIRA,630,SUBURBIO,COLISÃO TRASEIRA,COLISÃO SEM VÍTIMA,2,,,,,,,,,0,,Longo da via,Bom,Não existe,Perfeito estado,Seca,Perfeito estado,Não existe,Não há placas,60 km/h,Dupla,Canteiro central,,
2020-01-20,12:26:00,SEM VÍTIMA,FINALIZADA,CAMPO GRANDE,RUA ODORICO MENDES,,AV GOVERNADOR AGAMENON MAGALHAES,LADO OPOSTO AO INSTITUTO CRIMINALÍSTICO CICS,CAMPO GRANDE,49,SUBURBIO,ABALROAMENTO TRANSVERSAL,COISAO SEM VITIMAS,1,1,,,,,,,,0,,Cruzamento,Bom,Sem defeito,Perfeito estado,Seca,Perfeito estado,Faixa de pedestre,R-4a,60 km/h,Dupla,Faixa seccionada,Canteiro central,
2020-01-20,13:10:00,SEM VÍTIMA,FINALIZADA,DOIS IRMÃOS,RUA DOM MANOEL DA COSTA,,,E/F A UNIVERSIDADE RURAL DE PERNABUCO,DOIS IRMÃOS,,,COLISÃO,COLISAO SEM VITIMAS,1,,,,,1,,,,0,,,,,,,,,,,,,,
2020-01-20,13:17:00,SEM VÍTIMA,FINALIZADA,MADALENA,AV VISCONDE DE ALBUQUERQUE,123,RUA LOPES DE CARVALHO,,MADALENA,,SUBURBIO,ABALROAMENTO TRANSVERSAL,COLISÃO SEM VÍTIMA,2,,,,,,,,,0,,Cruzamento,Bom,Não existe,Perfeito estado,Seca,Perfeito estado,Não existe,Placas Pare,,Única,Faixa seccionada,,
2020-01-20,13:26:00,SEM VÍTIMA,FINALIZADA,BOA VIAGEM,AV ENGENHEIRO DOMINGOS FERREIRA,,,E/F AO SUPERMECADO EXTRA,BOA VIAGEM,,SUBURBIO,COLISÃO TRASEIRA,COLISAO SEM VITIMAS,2,,,,,,,,,0,,Longo da via,Bom,Sem defeito,Perfeito estado,Seca,Perfeito estado,Faixa de pedestre,Não há placas,60 km/h,Dupla,Canteiro central,,
2020-01-20,13:34:00,COM VÍTIMA,FINALIZADA,BOA VIAGEM,AV ENGENHEIRO DOMINGOS FERREIRA,,RUA ERNESTO DE PAULA SANTOS,E/F A ACADEMIA SMAT FIT,BOA VIAGEM,217,SUBURBIO,ABALROAMENTO LONGITUDINAL,COLISAO COM VITIMAS,2,,,,,,,,,1,,Cruzamento,Bom,Sem defeito,Perfeito estado,Seca,Perfeito estado,Faixa de pedestre,R-6a,60 km/h,Única,Faixa seccionada,,
2020-01-20,13:48:00,SEM VÍTIMA,FINALIZADA,JORDÃO,AV MARIA IRENE,837,,MADEREIRA SÃO JOSE,JORDÃO,,CIDADE,COLISÃO TRASEIRA,COLISÃO SEM VÍTIMA,1,,,,,1,,,,0,,Longo da via,Bom,Não existe,Ilegível,Seca,Mal conservada,Não existe,Outras,60 km/h,Dupla,Faixa contínua,,
2020-01-20,14:19:00,SEM VÍTIMA,FINALIZADA,ENCRUZILHADA,AV NORTE,,AV JOAO DE BARROS,LADO OPOSTO AO BANCO SANTANDER,ENCRUZILHADA,43,SUBURBIO,COLISÃO TRASEIRA,ENTRE DOIS AUTOS S/V,1,,,,,,1,,,0,,Longo da via,Bom,Sem defeito,Perfeito estado,Seca,Perfeito estado,Agente,,60 km/h,Dupla,Canteiro central,,
2020-01-20,14:27:00,SEM VÍTIMA,FINALIZADA,BOA VISTA,AV MANOEL BORBA,166,RUA GERVASIO PIRES,EM FRENTE A CASA LUX ÓTICA,BOA VISTA,169,SUBURBIO,ABALROAMENTO LONGITUDINAL,ONIBUS X MOTO S/V,,,1,,,1,,,,0,,Cruzamento,Bom,Sem defeito,Perfeito estado,Seca,Perfeito estado,Faixa de pedestre,R-6a,,Única,Faixa seccionada,,
2020-01-20,14:40:00,SEM VÍTIMA,FINALIZADA,SANTO AMARO,RUA TREZE DE MAIO,1030,,LADO OPOSTO A OFICINA BOY CAR,SANTO AMARO,36,SUBURBIO,COLISÃO TRASEIRA,ENTRE DOIS AUTOS S/V,2,,,,,,,,,0,,Longo da via,Bom,Sem defeito,Perfeito estado,Seca,Perfeito estado,,R-6a,,Dupla,Faixa contínua,,
2020-01-20,15:42:00,SEM VÍTIMA,FINALIZADA,BOA VISTA,RUA DR LEOPOLDO LINS,237,,EM FRENTE AO Nº 237,BOA VISTA,78,SUBURBIO,COLISÃO TRASEIRA,AUTO PASSEIO X MOTO S/V,1,1,,,,,,,,0,,Longo da via,Bom,Sem defeito,Perfeito estado,Seca,Perfeito estado,Faixa de pedestre,R-6a,,Única,Não existe,,
2020-01-20,16:15:00,COM VÍTIMA,FINALIZADA,DERBY,AV GOVERNADOR AGAMENON MAGALHAES,,,NA FAIXA DE PEDESTRE DA PRAÇA DO DERBY SENTIDO BOA VIAGEM,DERBY,75,BOA VIAGEM,ATROPELAMENTO,ATROPELAMENTO ENTRE AUTO E PEDESTRE,1,,,,1,,,,,1,,Cruzamento,Bom,Sem defeito,Perfeito estado,Seca,Perfeito estado,Faixa de pedestre,,60 km/h,Única,Faixa seccionada,,
2020-01-20,16:20:00,SEM VÍTIMA,FINALIZADA,DERBY,PRC DO DERBY,,,APÓS O SEMÁFORO 040,DERBY,,CIDADE,COLISÃO TRASEIRA,COLISÃO SEM VÍTIMA,2,,,,,,,,,0,,Longo da via,Bom,Sem defeito,Perfeito estado,Seca,Perfeito estado,Não existe,,50 km/h,Dupla,Canteiro central,,
2020-01-20,16:34:00,SEM VÍTIMA,FINALIZADA,BOA VIAGEM,RUA ANTONIO VICENTE,258,,,BOA VIAGEM,,SUBURBIO,ABALROAMENTO LONGITUDINAL,COLISÃO SEM VÍTIMA,2,,,,,,,,,0,,Longo da via,Bom,Não existe,Perfeito estado,Seca,Perfeito estado,Não existe,Placas Pare,,Dupla,Faixa seccionada,,
2020-01-20,16:56:00,SEM VÍTIMA,FINALIZADA,CURADO,RUA MINISTRO MARIO ANDREAZZA,,AV PREFEITO ANTONIO PEREIRA,POSTE B 067125,CURADO,,,ABALROAMENTO TRANSVERSAL,ENTRE ONIBUS X AUTO PASSEIO,1,,,,,1,,,,0,,Longo da via,Bom,Não existe,Não existente,Seca,Mal conservada,Não existe,Não há placas,,Dupla,Não existe,,
2020-01-20,16:57:00,SEM VÍTIMA,FINALIZADA,VÁRZEA,AV AFONSO OLINDENSE,,,PADARIA CAXANGÁ,VÁRZEA,638,SUBURBIO,COLISÃO TRASEIRA,COLISAO SEM VITIMAS,1,1,,,,,,,,0,,Longo da via,Bom,Sem defeito,Perfeito estado,Seca,Perfeito estado,,,,,,,