data,hora,natureza_acidente,situacao,bairro,endereco,numero,detalhe_endereco_acidente,complemento,bairro_cruzamento,num_semaforo,sentido_via,tipo,descricao,auto,moto,ciclom,ciclista,pedestre,onibus,caminhao,viatura,outros,vitimas,vitimasfatais,acidente_verificado,tempo_clima,situacao_semaforo,sinalizacao,condicao_via,conservacao_via,ponto_controle,situacao_placa,velocidade_max_via,mao_direcao,divisao_via1,divisao_via2,divisao_via3
2020-01-20,17:05:00,SEM VÍTIMA,FINALIZADA,MANGABEIRA,AV NORTE,,,EM FRENTE AO SEMÁFORO Nº 096,MANGABEIRA,96,SUBURBIO,COLISÃO TRASEIRA,COLISAO SEM VITIMAS,2,,,,,,,,,0,,Longo da via,Bom,Sem defeito,Perfeito estado,Seca,Perfeito estado,Faixa de pedestre,Outras,,Dupla,Canteiro central,,
2020-01-20,17:34:00,SEM VÍTIMA,FINALIZADA,BOA VIAGEM,RUA MARQUES DE VALENCA,,,,BOA VIAGEM,,,ABALROAMENTO TRANSVERSAL,ENTRE DOIS AUTOS S/V,2,,,,,,,,,0,,Cruzamento,Bom,Não existe,Perfeito estado,Seca,Perfeito estado,Faixa de retenção,R-6a,,Dupla,Faixa seccionada,,
2020-01-20,17:49:00,SEM VÍTIMA,FINALIZADA,SANTO ANTÔNIO,PRC DA REPUBLICA,,RUA IMPERADOR PEDRO SEGUNDO,AO LADO DA SECRETARIA DA FAZENDA,SANTO ANTÔNIO,278,CIDADE,ABALROAMENTO LONGITUDINAL,COLISAO SEM VITIMAS,1,,,,,1,,,,0,,Longo da via,Bom,Sem defeito,Perfeito estado,Seca,Perfeito estado,Faixa de pedestre,R-6a,30 km/h,Única,Faixa contínua,,
2020-01-20,18:34:00,COM VÍTIMA,FINALIZADA,IMBIRIBEIRA,AV PINHEIROS,886,,PROX AO POSTO IPIRANGA/ PROX A GRILO FLORES,IMBIRIBEIRA,,SUBURBIO,COLISÃO FRONTAL,ENTRE AUTO PASSEIO X MOTO COM VITIMA,1,1,,,,,,,,1,,Longo da via,Bom,Não existe,Perfeito estado,Seca,Perfeito estado,Não existe,Não há placas,,Dupla,Não existe,,
2020-01-20,18:39:00,SEM VÍTIMA,FINALIZADA,DOIS UNIDOS,AV HILDEBRANDO DE VASCONCELOS,4A,,EM FRENTE A ESCOLA DR FRANCISCO DE QUEIROZ,DOIS UNIDOS,,SUBURBIO,ABALROAMENTO LONGITUDINAL,SIENA X PALIO OBS: OS DOPIS VEICULOS ESTA COM EIXO QUEBRADOS,2,,,,,,,,,0,,Longo da via,Bom,Não existe,Perfeito estado,Seca,Perfeito estado,Não existe,Não há placas,,Dupla,Faixa seccionada,,
2020-01-20,19:21:00,SEM VÍTIMA,CANCELADA,TORRÕES,AV INACIO MONTEIRO,1601,RUA DR MIGUEL VIEIRA FERREIRA,ENF A ESCOLA PASTOR MUNGUBA SOBRINHO,TORRÕES,,,COLISÃO,FIAT TORO X ONIX,2,,,,,,,,,0,,,,,,,,,,,,,,
2020-01-20,19:31:00,SEM VÍTIMA,FINALIZADA,JOANA BEZERRA,VIADUTO CAPITAO TEMUDO,,RUA DOM PAULO II,ANTES ALÇA ACESSO AFOGADOS,JOANA BEZERRA,,SUBURBIO,ABALROAMENTO LONGITUDINAL,CAMINHAO X RENEGADE,1,,,,,,1,,,0,,Viaduto,Bom,Não existe,Perfeito estado,Seca,Perfeito estado,Não existe,Outras,,Dupla,,,
2020-01-21,06:57:00,SEM VÍTIMA,FINALIZADA,JORDÃO,RUA BOANERGES PEREIRA,07B,,GRÁFICA EDX,JORDÃO,,CIDADE,ABALROAMENTO LONGITUDINAL,COLISÃO S/VITIMAS ENTRE UM CAMINHÃO E UM MICROONIBUS,,,,,,1,,,,0,,Longo da via,Bom,Não existe,Perfeito estado,Seca,Perfeito estado,Não existe,Não há placas,30 km/h,Dupla,Não existe,,
2020-01-21,08:18:00,SEM VÍTIMA,FINALIZADA,IPSEP,RUA BLUMENAU,374,RUA IRAPUA,,IPSEP,,SUBURBIO,ABALROAMENTO LONGITUDINAL,COLISÃO S/VITIMAS ENTEE DOIS AUTOS,2,,,,,,,,,0,,Cruzamento,Bom,Sem defeito,Perfeito estado,Seca,Perfeito estado,Não existe,Não há placas,,Única,Não existe,,
2020-01-21,08:18:00,SEM VÍTIMA,FINALIZADA,DERBY,AV GOVERNADOR AGAMENON MAGALHAES,,,LADO OPOSTO AO HOSPITAL DA RESTAURAÇÃO,DERBY,174,,COLISÃO TRASEIRA,COLISAO S/ VITIMA. ONIBUS E VEICULO. GM: EVERTON SILVA E EVANDRO RAMOS- PONTO FIXO NO LOCAL,1,,,,,1,,,,0,,Longo da via,Bom,Sem defeito,Perfeito estado,Seca,Perfeito estado,Agente,Outras,60 km/h,Única,Faixa seccionada,,
2020-01-21,08:29:00,SEM VÍTIMA,CANCELADA,VÁRZEA,RUA BERNARDIM RIBEIRO,112,,PROX. AO POSTO DE SAUDE,VÁRZEA,,,COLISÃO,DOIS AUTOS,2,,,,,,,,,0,,,,,,,,,,,,,,
2020-01-21,08:33:00,SEM VÍTIMA,FINALIZADA,CABANGA,RUA COMANDANTE ANTONIO MANHAES DE MATTOS,472,,EM FRENTE A COMPESA UNIDADE CABANGA,CABANGA,,,COLISÃO TRASEIRA,COLISAO S/ VITIMA. DOIS VEICULOS,2,,,,,,,,,0,,Longo da via,Bom,Não existe,Perfeito estado,Seca,Perfeito estado,Não existe,Não há placas,,Única,Faixa seccionada,,
2020-01-21,08:39:00,COM VÍTIMA,FINALIZADA,CAMPO GRANDE,AV GOVERNADOR AGAMENON MAGALHAES,,,E/F A ANTIGA FÁBRICA TACARUNA (SENT. CIDADADE),CAMPO GRANDE,,CIDADE,ATROPELAMENTO,ATROPELAMENTO ENVOLVENDO 3 VITIMAS,1,,,,3,,,,,3,,Longo da via,Bom,Não existe,Não existente,Seca,Mal conservada,Não existe,Não há placas,60 km/h,Única,Não existe,,
2020-01-21,08:55:00,SEM VÍTIMA,FINALIZADA,CASA AMARELA,AV NORTE,4861,RUA ARNOLDO MAGALHAES,,CASA AMARELA,,CIDADE,ABALROAMENTO LONGITUDINAL,AUTO E CAMINHAO / VT 8 NO QTH,1,,,,,,1,,,0,,,Bom,Não existe,Perfeito estado,Seca,Perfeito estado,Não existe,Placas Pare,,Dupla,Canteiro central,,
2020-01-21,09:36:00,SEM VÍTIMA,FINALIZADA,BAIRRO DO RECIFE,RUA MADRE DEUS,,,EM FRENTE AO SHOPPING PAÇO ALFÂNDEGA,BAIRRO DO RECIFE,,SUBURBIO,COLISÃO TRASEIRA,COLISÃO S/VITIMAS ENTRE UMA VAN E UM AUTO,1,,,,,1,,,,0,,Longo da via,Bom,Não existe,Perfeito estado,Seca,Perfeito estado,Faixa de pedestre,Placas Dê a preferência,30 km/h,Única,Não existe,,
2020-01-21,09:45:00,COM VÍTIMA,FINALIZADA,IPSEP,RUA ITACARI,369,RUA CACHOEIRA,VAGNER JOSE GAS NATURAL,IPSEP,,SUBURBIO,ABALROAMENTO TRANSVERSAL,COLISAO COM VITIMA. ENTRE VEICULO E MOTO,1,1,,,,,,,,1,,Cruzamento,Bom,Não existe,Incompleta,Seca,Perfeito estado,Não existe,Não há placas,30 km/h,Única,Faixa seccionada,,
2020-01-21,10:04:00,SEM VÍTIMA,FINALIZADA,GRAÇAS,RUA AMELIA,372,,GRAÇAS CENTER,GRAÇAS,177,CIDADE,COLISÃO TRASEIRA,COLISÃO S/VITIMAS ENTRE DOIS AUTOS,2,,,,,,,,,0,,Longo da via,Bom,Sem defeito,Perfeito estado,Seca,Perfeito estado,Faixa de pedestre,R-6a,40 km/h,Única,Faixa contínua,,
2020-01-21,10:24:00,SEM VÍTIMA,FINALIZADA,BOA VIAGEM,AV CONSELHEIRO AGUIAR,1748,,EM FRENTE AO EMPRESARIAL ITALO BRASIL RENDA,BOA VIAGEM,,CIDADE,ABALROAMENTO LONGITUDINAL,AUTO E CAMINHÃO,1,,,,,,1,,,0,,Longo da via,Bom,Não existe,Perfeito estado,Seca,Perfeito estado,Não existe,Não há placas,60 km/h,Única,Faixa seccionada,,
2020-01-21,12:20:00,SEM VÍTIMA,FINALIZADA,BOA VIAGEM,AV HERCULANO BANDEIRA,949,,EM FRENTE A JBS,BOA VIAGEM,,SUBURBIO,COLISÃO TRASEIRA,ENTRE TRÊS AUTOS S/V,3,,,,,,,,,0,,Longo da via,Bom,Sem defeito,Perfeito estado,Seca,Perfeito estado,Agente,Não há placas,60 km/h,Única,Faixa seccionada,,
2020-01-21,12:36:00,SEM VÍTIMA,FINALIZADA,ÁGUA FRIA,AV BEBERIBE,,,EM FRENTE A LOJA MI,ÁGUA FRIA,405,,ABALROAMENTO LONGITUDINAL,COLISÃO SEM VÍTIMA,1,,,,,,1,,,0,,Longo da via,Bom,Sem defeito,Perfeito estado,Seca,Perfeito estado,Não existe,,,Única,Não existe,,
2020-01-21,12:56:00,SEM VÍTIMA,FINALIZADA,ARRUDA,RUA DAS MOCAS,859,RUA ZEFERINO AGRA,CACULE COMEDORIA,ARRUDA,,SUBURBIO,ABALROAMENTO TRANSVERSAL,ENTRE DOIS AUTOS S/V,2,,,,,,,,,0,,Cruzamento,Bom,Não existe,Perfeito estado,Seca,Perfeito estado,Faixa de pedestre,Placas Pare,30 km/h,Dupla,Faixa seccionada,,
2020-01-21,13:33:00,SEM VÍTIMA,FINALIZADA,MADALENA,RUA RODOLFO RANGEL MOREIRA,48,,PRÓX. PONTO TÁXI,MADALENA,,,COLISÃO TRASEIRA,COLISÃO SEM VITIMA,3,,,,,,,,,0,,Longo da via,Bom,Não existe,Não existente,Seca,,Não existe,Outras,,Única,Não existe,,
2020-01-21,13:40:00,SEM VÍTIMA,FINALIZADA,BOA VIAGEM,RUA PROFESSOR ARNALDO CARNEIRO LEAO,,RUA PADRE CARAPUCEIRO,,BOA VIAGEM,321,SUBURBIO,ABALROAMENTO LONGITUDINAL,COLISÃO SEM VITIMA,1,1,,,,,,,,0,,Cruzamento,Bom,Sem defeito,Perfeito estado,Seca,Perfeito estado,Faixa de pedestre,R-6a,60 km/h,Única,Faixa contínua,Faixa seccionada,
2020-01-21,14:11:00,SEM VÍTIMA,CANCELADA,IMBIRIBEIRA,AV MARECHAL MASCARENHAS DE MORAES,2671,,EM FRENTE AO CENTER AÇO/ SENTIDO CIDADE,IMBIRIBEIRA,,,COLISÃO,COLISÃO SEM VÍTIMA,2,,,,,,,,,0,,,,,,,,,,,,,,
2020-01-21,15:49:00,COM VÍTIMA,FINALIZADA,IPUTINGA,AV MAURICIO DE NASSAU,,RUA PEREIRA COUTINHO FILHO,APOS O GOE/ PROX A LOMBADA ELETRONICO,IPUTINGA,,SUBURBIO,ABALROAMENTO TRANSVERSAL,ENTRE AUTO PASSEIO X MOTO COM VÍTIMA,1,1,,,,,,,,1,,Cruzamento,Bom,Não existe,Incompleta,Seca,Perfeito estado,Não existe,Não há placas,,Dupla,Faixa contínua,,
2020-01-21,15:59:00,SEM VÍTIMA,FINALIZADA,BOA VISTA,RUA DOM BOSCO,,AV GOVERNADOR CARLOS DE LIMA CAVALCANTI,POSTO BR,BOA VISTA,27,SUBURBIO,ABALROAMENTO LONGITUDINAL,ENTRE DUAS MOTOS COM VITIMA,,2,,,,,,,,0,,Longo da via,Bom,Sem defeito,Perfeito estado,Seca,Perfeito estado,Faixa de pedestre,Não há placas,,Única,,,
2020-01-21,16:02:00,COM VÍTIMA,FINALIZADA,ILHA JOANA BEZERRA,VDO PAPA JOAO PAULO II,,,EM FRENTE AO FORUM JOANA BEZERRA,ILHA JOANA BEZERRA,,CIDADE,ABALROAMENTO LONGITUDINAL,COLISAO ENTRE AUTO E MOTO COM VITIMA,1,1,,,,,,,,1,,Viaduto,Bom,Não existe,Perfeito estado,Seca,Perfeito estado,Não existe,Não há placas,,Dupla,Faixa seccionada,Canteiro central,Blocos
2020-01-21,16:12:00,SEM VÍTIMA,FINALIZADA,BOA VISTA,RUA AURORA,,PTE PRINCESA IZABEL,NA DESCIDA DA PONTE,BOA VISTA,,,COLISÃO,COLISÃO SEM VITIMA,2,,,,,,,,,0,,,,,,,,,,,,,,
2020-01-21,16:16:00,SEM VÍTIMA,FINALIZADA,IMBIRIBEIRA,AV ANTONIO TORRES GALVAO,284,,,IMBIRIBEIRA,543,,COLISÃO TRASEIRA,TRES AUTOS S/V,3,,,,,,,,,0,,Longo da via,Bom,Sem defeito,Perfeito estado,Seca,Perfeito estado,Faixa de pedestre,Não há placas,60 km/h,Única,Faixa contínua,,
2020-01-21,16:23:00,SEM VÍTIMA,FINALIZADA,IPUTINGA,EST DO BARBALHO,,,BIG BOMPREÇO,IPUTINGA,533,,ABALROAMENTO LONGITUDINAL,COLISÃO SEM VITIMA,2,,,,,,,,,0,,Longo da via,Bom,Sem defeito,Perfeito estado,Seca,Perfeito estado,Faixa de pedestre,Não há placas,,Única,Não existe,,
2020-01-21,18:07:00,SEM VÍTIMA,FINALIZADA,BOA VIAGEM,AV BOA VIAGEM,5802,,,BOA VIAGEM,445,CIDADE,ABALROAMENTO LONGITUDINAL,COLISAO SEM VITIMAS,2,,,,,,,,,0,,Longo da via,Bom,Sem defeito,Perfeito estado,Seca,Perfeito estado,Não existe,Não há placas,60 km/h,Única,Faixa seccionada,,
2020-01-21,18:10:00,VÍTIMA FATAL,FINALIZADA,CAMPO GRANDE,AV CORREIA DE BRITO,,AV PROFESSOR JOSE DOS ANJOS,PROX AO POSTO DE GASOLINA DISLUB,CAMPO GRANDE,563,,ABALROAMENTO TRANSVERSAL,COLISAO COM VITIMAS,,1,,,,,1,,,1,1,Esquina,Bom,Sem defeito,Perfeito estado,Seca,Perfeito estado,,Outras,,Dupla,Não existe,,
2020-01-21,18:59:00,SEM VÍTIMA,FINALIZADA,VÁRZEA,AV CAXANGA,,,BRT CAPIBARIBE DE FRONTE AO POSTO SHELL,VÁRZEA,,SUBURBIO,ABALROAMENTO LONGITUDINAL,COLISAO SEM VITMAS,1,,,,,,1,,,0,,Longo da via,Bom,Não existe,Perfeito estado,Seca,Perfeito estado,Não existe,Outras,,Única,Canteiro central,,
2020-01-21,19:00:00,SEM VÍTIMA,FINALIZADA,AFOGADOS,RUA NICOLAU PEREIRA,,RUA IMPERIAL,,AFOGADOS,73,SUBURBIO,ABALROAMENTO LONGITUDINAL,HYUNDAI CRETA X VOYAGE,2,,,,,,,,,0,,Cruzamento,Bom,Sem defeito,Perfeito estado,Seca,Perfeito estado,Não existe,Não há placas,,Única,Faixa seccionada,,
2020-01-21,19:19:00,SEM VÍTIMA,FINALIZADA,ENGENHO DO MEIO,RUA GOVERNADOR LOPO GARRO,,RUA MANOEL CORTE REAL,,ENGENHO DO MEIO,,CIDADE,ABALROAMENTO TRANSVERSAL,COLISAO SEM VITMAS,2,,,,,,,,,0,,Cruzamento,Bom,Não existe,Incompleta,Seca,Perfeito estado,Não existe,Não há placas,,Dupla,Não existe,,
2020-01-21,20:13:00,COM VÍTIMA,FINALIZADA,ENCRUZILHADA,AV NORTE,,AV JOAO DE BARROS,ENF AO SANTANDER,ENCRUZILHADA,43,SUBURBIO,ABALROAMENTO TRANSVERSAL,VOYAGE X PCX MOTO,1,1,,,,,,,,1,,Cruzamento,Bom,Sem defeito,Perfeito estado,Seca,Perfeito estado,Agente,,40 km/h,Única,Não existe,,
2020-01-21,20:18:00,SEM VÍTIMA,FINALIZADA,TAMARINEIRA,RUA CONEGO BARATA,420,,,TAMARINEIRA,,SUBURBIO,COLISÃO TRASEIRA,PRISMA X ONIX,2,,,,,,,,,0,,Longo da via,Chuvoso,Não existe,Perfeito estado,Molhada,Perfeito estado,Não existe,Não há placas,,Dupla,Canteiro central,,
2020-01-21,20:53:00,SEM VÍTIMA,FINALIZADA,BOA VIAGEM,RUA RIBEIRO DE BRITO,,,EM FRENTE AO SEMÁFORO 496,BOA VIAGEM,496,CIDADE,ABALROAMENTO LONGITUDINAL,COLISAO SEM VITIMAS,1,1,,,,,,,,0,,Longo da via,Bom,Sem defeito,Perfeito estado,Seca,Perfeito estado,Não existe,Não há placas,,Única,Faixa seccionada,,
2020-01-21,21:52:00,SEM VÍTIMA,FINALIZADA,SANTO AMARO,AV GOVERNADOR AGAMENON MAGALHAES,,,FRENTE AO COLÉGIO AMERICANO BATISTA,SANTO AMARO,37,SUBURBIO,ABALROAMENTO LONGITUDINAL,COLISAO SEM VITIMAS,1,,,,,,1,,,0,,Longo da via,Bom,Sem defeito,Perfeito estado,Seca,Perfeito estado,Faixa de pedestre,Outras,60 km/h,Dupla,Canteiro central,,
2020-01-21,22:25:00,SEM VÍTIMA,FINALIZADA,IPSEP,AV RECIFE,,,EM FRENTE AO SEMÁFORO 016,IPSEP,16,CIDADE,COLISÃO TRASEIRA,COLISAO SEM VITIMAS,3,,,,,,,,,0,,Longo da via,Bom,Sem defeito,Perfeito estado,Seca,Perfeito estado,Não existe,Não há placas,,Dupla,Faixa contínua,,
2020-01-22,07:39:00,SEM VÍTIMA,FINALIZADA,SANTO AMARO,AV GOVERNADOR AGAMENON MAGALHAES,,,EM FRENTE A ECOESTAÇÃO AGAMENON,SANTO AMARO,,,COLISÃO TRASEIRA,SEM VITIMAS,3,,,,,,,,,0,,Longo da via,Bom,Não existe,Perfeito estado,Molhada,Perfeito estado,Não existe,Não há placas,60 km/h,Dupla,Faixa seccionada,,
2020-01-22,07:58:00,SEM VÍTIMA,FINALIZADA,IMBIRIBEIRA,AV MARECHAL MASCARENHAS DE MORAES,,,CHEVROLET TAMBAI,IMBIRIBEIRA,439,CIDADE,COLISÃO TRASEIRA,ENGAVETAMENTO ENTRE QUATRO VEICULOS. SEM VITIMA,4,,,,,,,,,0,,Longo da via,Chuvoso,Sem defeito,Perfeito estado,Molhada,Perfeito estado,Faixa de pedestre,Não há placas,60 km/h,Única,Faixa seccionada,,
2020-01-22,08:02:00,SEM VÍTIMA,FINALIZADA,SANTO AMARO,AV NORTE,,,SOBRE A PONTE DO LIMOEIRO,SANTO AMARO,,CIDADE,COLISÃO TRASEIRA,COLISÃO S/VITIMAS ENTRE DOIS AUTOS,2,,,,,,,,,0,,Ponte,Chuvoso,Não existe,Perfeito estado,Molhada,Perfeito estado,Não existe,Não há placas,,Dupla,Faixa contínua,,
2020-01-22,08:20:00,SEM VÍTIMA,FINALIZADA,SANTO AMARO,RUA DOS PALMARES,,,EM FRENTE AO RM EXPRESS,SANTO AMARO,,CIDADE,ABALROAMENTO LONGITUDINAL,COLISÃO S/VITIMAS ENTRE VEICULO E CAMINHAO,1,,,,,,1,,,0,,Longo da via,Chuvoso,Não existe,Perfeito estado,Molhada,Perfeito estado,Não existe,Outras,,Dupla,Faixa seccionada,Canteiro central,
2020-01-22,08:31:00,SEM VÍTIMA,FINALIZADA,SAN MARTIN,AV GENERAL SAN MARTIN,2066,,,SAN MARTIN,,SUBURBIO,COLISÃO TRASEIRA,COLISAO S/ VITIMA. ENTRE DOIS VEICULOS,2,,,,,,,,,0,,Longo da via,Bom,Não existe,Perfeito estado,Seca,Perfeito estado,Não existe,Outras,,Dupla,Faixa contínua,,
2020-01-22,08:56:00,SEM VÍTIMA,FINALIZADA,AFOGADOS,RUA VINTE E UM DE ABRIL,,,PRÓXIMO AO RESTAURANTE ARRETADO DE BOM,AFOGADOS,,SUBURBIO,ABALROAMENTO LONGITUDINAL,COLISAO S/ VITIMA. ENTRE DOIS VEICULOS,2,,,,,,,,,0,,Longo da via,Bom,Não existe,Perfeito estado,Seca,Perfeito estado,,Outras,,Dupla,Faixa seccionada,,
2020-01-22,09:19:00,COM VÍTIMA,CANCELADA,ILHA DO RETIRO,RUA SPORT CLUBE DO RECIFE,,,EM FRENTE A LOJA DO SPORT,ILHA DO RETIRO,,SUBURBIO,COLISÃO,COM UMA VITIMA AGUARDANDO SAMU,1,1,,,,,,,,1,,,,,,,,,,,,,,
2020-01-22,09:20:00,SEM VÍTIMA,FINALIZADA,SANTO ANTÔNIO,RUA DO SOL,283,AV GUARARAPES,,SANTO ANTÔNIO,14,,ABALROAMENTO LONGITUDINAL,COLISÃO S/VITIMAS ENTRE DOIS AUTOS (IDEMILSON E DIOLAI NO QTH),2,,,,,,,,,0,,Cruzamento,Bom,Sem defeito,Perfeito estado,Seca,Perfeito estado,Faixa de pedestre,Não há placas,,Única,Faixa seccionada,,
2020-01-22,09:25:00,SEM VÍTIMA,CANCELADA,CORDEIRO,RUA ELIZEU CAVALCANTE,58,,RUA DO RETORNO /DA AV CAXANGA P/AV GENERAL SAM MARTIN,CORDEIRO,,,COLISÃO,SEM VITIMAS,1,,,,,,1,,,0,,,,,,,,,,,,,,
2020-01-22,09:41:00,SEM VÍTIMA,FINALIZADA,IMBIRIBEIRA,RUA ANTONIO CARDOSO DA FONTE,483,RUA BARAO HOMEM DE MELO,,IMBIRIBEIRA,,,ABALROAMENTO LONGITUDINAL,SEM VITIMAS,1,,,,,,1,,,0,,Longo da via,Bom,Não existe,Não existente,Molhada,Mal conservada,Não existe,Não há placas,,Dupla,Não existe,,
2020-01-22,09:52:00,COM VÍTIMA,FINALIZADA,AFOGADOS,RUA VINTE E UM DE ABRIL,851,,E/F AO RECANTO 21 SELF SERVICE,AFOGADOS,,SUBURBIO,ABALROAMENTO LONGITUDINAL,COLISÃO C/VITIMAS ENTRE UMA MOT E UM AUTO (V.T 17 NO QTH),1,1,,,,,,,,2,,Longo da via,Bom,Não existe,Não existente,Seca,Perfeito estado,Não existe,Não há placas,,Dupla,Não existe,,
2020-01-22,09:59:00,SEM VÍTIMA,CANCELADA,MADALENA,RUA BENFICA,,,CLUBE INTERNACIONAL,MADALENA,,,COLISÃO,COLISAO S/ VITIMA. ENTRE DOIS VEICULOS. GM: BRANDEIRA E VALDILENE. PONTO FIXO NO LOCAL,2,,,,,,,,,0,,,,,,,,,,,,,,
2020-01-22,10:06:00,SEM VÍTIMA,FINALIZADA,MACAXEIRA,AV NORTE,7536,,,MACAXEIRA,424,SUBURBIO,COLISÃO TRASEIRA,SEM VITIMAS,2,,,,,,,,,0,,Longo da via,Bom,Sem defeito,Perfeito estado,Seca,Perfeito estado,Faixa de pedestre,,,Única,Faixa seccionada,,
2020-01-22,11:33:00,SEM VÍTIMA,FINALIZADA,IPUTINGA,AV CAXANGA,,,E/F A SOPRANOR,IPUTINGA,,CIDADE,COLISÃO,COLISÃO S/VITIMAS ENTRE DOIS AUTOS (ADRIANO ALMEIDA E JOSENILDO BELO NO QTH),2,,,,,,,,,0,,,,,,,,,,,,,,
2020-01-22,11:33:00,SEM VÍTIMA,FINALIZADA,BOA VISTA,AV GOVERNADOR AGAMENON MAGALHAES,2291,RUA HENRIQUE DIAS,HOSPITAL MEMORIAL SÃO JOSÉ,BOA VISTA,68,,COLISÃO TRASEIRA,ONIBUS E AUTO PONTO FIXO GM´S JOAO VITOR E MAURICIO SANTOS,1,,,,,1,,,,0,,Longo da via,Bom,Sem defeito,Perfeito estado,Seca,Perfeito estado,Agente,,60 km/h,Dupla,Canal,,
2020-01-22,11:37:00,SEM VÍTIMA,FINALIZADA,GRAÇAS,RUA DOM BOSCO,,AV GOVERNADOR AGAMENON MAGALHAES,SOB O SEMÁFORO 174,GRAÇAS,174,SUBURBIO,ABALROAMENTO LONGITUDINAL,COLISÃO S/VITIMAS ENTRE DOIS AUTOS (GOLF MIKE E SUP INS PAULINO NO QTH),2,,,,,,,,,0,,Cruzamento,Bom,Sem defeito,Perfeito estado,Seca,Perfeito estado,Agente,Outras,60 km/h,Única,Não existe,,
2020-01-22,11:40:00,SEM VÍTIMA,FINALIZADA,BOA VIAGEM,RUA CORONEL SERGIO HENRIQUE CARDIM,,,AO LADO DO RESTAURANTE CHICA PITANGA,BOA VIAGEM,,SUBURBIO,CHOQUE VEÍCULO PARADO,AUTO E CAMINHÃO,1,,,,,,1,,,0,,Longo da via,Bom,Não existe,Não existente,Seca,Perfeito estado,Não existe,Não há placas,,Única,Não existe,,
2020-01-22,12:17:00,SEM VÍTIMA,FINALIZADA,CASA FORTE,AV DEZESSETE DE AGOSTO,,RUA SAMUEL FARIAS,ESQUINA DAS RUAS,CASA FORTE,,,ABALROAMENTO LONGITUDINAL,COLISÃO SEM VÍTIMA,2,,,,,,,,,0,,,Bom,Não existe,Perfeito estado,Seca,Perfeito estado,Não existe,,,Dupla,,,
2020-01-22,12:47:00,SEM VÍTIMA,CANCELADA,CORDEIRO,AV CAXANGA,,,E/F A SEMINOVOS LOCALIZA,CORDEIRO,,,COLISÃO,COLISAO SEM VITIMAS,2,,,,,,,,,0,,,,,,,,,,,,,,
2020-01-22,13:13:00,SEM VÍTIMA,FINALIZADA,BOMBA DO HEMETÉRIO,RUA BOMBA DO HEMETERIO,163,,,BOMBA DO HEMETÉRIO,,SUBURBIO,ABALROAMENTO LONGITUDINAL,COLISÃO SEM VITIMA,1,,,,,1,,,,0,,Longo da via,Bom,Não existe,Perfeito estado,Seca,Perfeito estado,Outros,Outras,,Dupla,Faixa seccionada,,
2020-01-22,14:04:00,COM VÍTIMA,FINALIZADA,BOA VIAGEM,AV ENGENHEIRO DOMINGOS FERREIRA,3340,RUA FAUSTINO PORTO,APOS A PARADA DO CARREFOUR. EXTRAFARMA,BOA VIAGEM,,SUBURBIO,ABALROAMENTO TRANSVERSAL,COM VITIMA,1,,,,,1,,,,2,,Longo da via,Bom,Não existe,Perfeito estado,Seca,Perfeito estado,Não existe,R-6a,,Única,Faixa seccionada,,
2020-01-22,14:11:00,SEM VÍTIMA,FINALIZADA,BOA VISTA,RUA DAS NINFAS,,,EM FRENTE AO SEMÁFORO 083,BOA VISTA,83,SUBURBIO,ABALROAMENTO LONGITUDINAL,COLISÃO SEM VITIMA,2,,,,,,,,,0,,Longo da via,Bom,Sem defeito,Perfeito estado,Seca,Perfeito estado,Faixa de pedestre,Outras,,Dupla,Faixa contínua,Faixa seccionada,
2020-01-22,14:24:00,SEM VÍTIMA,FINALIZADA,BOA VISTA,RUA DO RIACHUELO,425,,EM FRENTE AO Nº 425,BOA VISTA,92,CIDADE,COLISÃO TRASEIRA,COLISAO SEM VITIMAS,4,,,,,,,,,0,,Longo da via,Bom,Sem defeito,Perfeito estado,Seca,Perfeito estado,Faixa de pedestre,R-6a,,Única,Não existe,,
2020-01-22,14:26:00,COM VÍTIMA,FINALIZADA,MADALENA,RUA MONSENHOR JULIO MARIA,127,,PROX. O TUNEL DA ABOLIÇÃO E A GALERIA CAMPOLINA CENTER,MADALENA,,ABDIAS DE CARVALHO,ABALROAMENTO LONGITUDINAL,COLISÃO COM VITIMA,1,1,,,,,,,,1,,Longo da via,Bom,Não existe,Perfeito estado,Seca,Perfeito estado,,,,Única,Não existe,,
2020-01-22,15:41:00,SEM VÍTIMA,CANCELADA,ÁGUA FRIA,AV BEBERIBE,,RUA CORONEL URBANO RIBEIRO DE SENA,ESTAR NO CRUZAMENTO MESMO,ÁGUA FRIA,307,,COLISÃO,COLISAO SEM VITIMAS,1,,,,,1,,,,0,,,,,,,,,,,,,,
2020-01-22,16:08:00,COM VÍTIMA,FINALIZADA,CABANGA,AV SATURNINO DE BRITO,,,AO LADO DA COMPESA. NA SUBIDA DO VIADUTO DO PINA.,CABANGA,,SUBURBIO,COLISÃO TRASEIRA,AUTO E MOTO COM VÍTIMA,1,1,,,,,,,,1,,Longo da via,Bom,Não existe,Perfeito estado,Seca,Perfeito estado,,Não há placas,30 km/h,Única,Faixa contínua,,