data,hora,natureza_acidente,situacao,bairro,endereco,numero,detalhe_endereco_acidente,complemento,bairro_cruzamento,num_semaforo,sentido_via,tipo,descricao,auto,moto,ciclom,ciclista,pedestre,onibus,caminhao,viatura,outros,vitimas,vitimasfatais,acidente_verificado,tempo_clima,situacao_semaforo,sinalizacao,condicao_via,conservacao_via,ponto_controle,situacao_placa,velocidade_max_via,mao_direcao,divisao_via1,divisao_via2,divisao_via3
2020-01-24,19:55:00,COM VÍTIMA,FINALIZADA,SÃO JOSÉ,CAIS DA DETENCAO,,,POR TRÁS DA CASA DA CULTURA,SÃO JOSÉ,,CIDADE,ATROPELAMENTO,ATROPELAMENTO ENTRE AUTO E PEDESTRE. O CONDUTOR SE EVADIU DO LOCAL. VÍTIMA SE ENCONTRA NA VIA- AGUARDANDO A PRESENÇA DO SAMU,1,,,,1,,,,,1,,Longo da via,Bom,Não existe,Perfeito estado,Seca,Perfeito estado,,R-6a,40 km/h,Única,,,
2020-01-24,21:14:00,COM VÍTIMA,FINALIZADA,CASA FORTE,AV DEZESSETE DE AGOSTO,251,RUA PIAUI,SEMÁFORO 251/ PRÓX AO MUSEU DO HOMEM DO NORDESTE E COLÉGIO MONTEIRO,CASA FORTE,251,CIDADE,ABALROAMENTO TRANSVERSAL,ENTRE MOTO E AUTO. C/V,1,1,,,,,,,,1,,Outros,Bom,Sem defeito,Incompleta,Seca,Perfeito estado,Faixa de pedestre,Não há placas,,Dupla,Faixa contínua,,
2020-01-24,21:15:00,SEM VÍTIMA,FINALIZADA,AFOGADOS,RUA PADRE TEOFILO TWORZ,,RUA COSME VIANA,,AFOGADOS,503,SUBURBIO,ABALROAMENTO LONGITUDINAL,COLISAO SEM VITIMAS,2,,,,,,,,,0,,Cruzamento,Bom,Sem defeito,Perfeito estado,Seca,Perfeito estado,Faixa de pedestre,Outras,,Única,Faixa seccionada,,
2020-01-24,22:04:00,SEM VÍTIMA,FINALIZADA,SÃO JOSÉ,RUA N S DO CARMO,660,,EM FRENTE AO EDIFÍCIO INCONFIDÊNCIA,SÃO JOSÉ,203,CIDADE,ABALROAMENTO LONGITUDINAL,COLISAO SEM VITIMAS,2,,,,,,,,,0,,Longo da via,Bom,Sem defeito,Perfeito estado,Seca,Perfeito estado,Faixa de retenção,Não há placas,,Dupla,Faixa contínua,,
2020-01-25,03:47:00,COM VÍTIMA,FINALIZADA,IMBIRIBEIRA,AV PRESIDENTE DUTRA,,,ANTES DA BIFURCAÇÃO- SENTIDO AEROPORTO E APÓS O RESTAURANTE SAL E BRASA,IMBIRIBEIRA,,SUBURBIO,COLISÃO COM CICLISTA,COLISÃO ENTRE AUTO E BICICLETA- C/V,1,,,1,,,,,,1,,Longo da via,Bom,Não existe,Perfeito estado,Seca,Perfeito estado,Outros,Outras,,Dupla,Faixa seccionada,Faixa contínua,
2020-01-25,07:26:00,COM VÍTIMA,FINALIZADA,ÁGUA FRIA,AV BEBERIBE,1919,,EM FRENTE AO MERCADO DE AGUA FRIA. MAGAZINE LUIZA.,ÁGUA FRIA,,SUBURBIO,COLISÃO COM CICLISTA,ONIBUS E CICLISTA,,,,1,,1,,,,1,,Longo da via,Bom,Não existe,Perfeito estado,Seca,Perfeito estado,Não existe,Outras,,Dupla,Faixa contínua,,
2020-01-25,08:11:00,SEM VÍTIMA,FINALIZADA,BOA VIAGEM,RUA JOAO CARDOSO AIRES,705,,EM FRENTE AO COLÉGIO MADRE DE DEUS,BOA VIAGEM,478,SUBURBIO,COLISÃO TRASEIRA,COLISÃO S/VITIMAS ENTRE DOIS AUTOS (V.T 18 NO QTH),2,,,,,,,,,0,,Longo da via,Bom,Sem defeito,Perfeito estado,Seca,Perfeito estado,Faixa de pedestre,R-6a,,Única,Faixa seccionada,,
2020-01-25,08:46:00,SEM VÍTIMA,FINALIZADA,PINA,PTE GOVERNADOR PAULO GUERRA,,,SOBRE A PONTE PISTA DE ACESSO AO SHOPPING RIO MAR,PINA,,SUBURBIO,COLISÃO COM CICLISTA,,1,,,1,,,,,,0,,Longo da via,Bom,Não existe,Perfeito estado,Seca,Perfeito estado,Outros,Outras,60 km/h,Única,Faixa seccionada,,
2020-01-25,09:16:00,COM VÍTIMA,FINALIZADA,AFOGADOS,RUA SAO MIGUEL,110,RUA PEDRO CABRAL DE OLIVEIRA,CARTORIO DE AFOGADOS. FACULDADE FAREC / IPESU.,AFOGADOS,300,CIDADE,ABALROAMENTO LONGITUDINAL,COLISAO COM VITIMA. ENTRE ONIBUS E MOTO. GM: GERLANE VT: 20 ISP: SILVAN GCM: FELIPE BARRETO NO LOCAL,,1,,,,1,,,,1,,Longo da via,Bom,Sem defeito,Perfeito estado,Seca,Perfeito estado,Agente,R-6a,,Única,,,
2020-01-25,10:42:00,SEM VÍTIMA,FINALIZADA,BOA VISTA,RUA PRINCESA IZABEL,,RUA DO HOSPICIO,,BOA VISTA,31,CIDADE,ABALROAMENTO LONGITUDINAL,COLISÃO S/VITIMAS ENTRE UMA MOTO E UM AUTO (V.T 24 NO QTH),1,1,,,,,,,,0,,Cruzamento,Nublado,Sem defeito,Perfeito estado,Seca,Perfeito estado,Não existe,R-6a,,Única,Faixa seccionada,,
2020-01-25,10:46:00,SEM VÍTIMA,FINALIZADA,ENCRUZILHADA,AV JOAO DE BARROS,1800,,EM FRENTE AO ETEPAM,ENCRUZILHADA,,CIDADE,ABALROAMENTO LONGITUDINAL,ONIBUS E AUTO,1,,,,,1,,,,0,,Longo da via,Bom,Não existe,Perfeito estado,Seca,Perfeito estado,Não existe,R-6a,,Única,Faixa seccionada,,
2020-01-25,10:54:00,SEM VÍTIMA,FINALIZADA,PINA,RUA COMENDADOR MORAES,10A,AV ANTONIO DE GOES,AO LADO DO EMPRESARIAL JCPM,PINA,,SUBURBIO,ABALROAMENTO LONGITUDINAL,CAMINHÃO E AUTO PASSEIO,1,,,,,,1,,,0,,Longo da via,Bom,Não existe,Perfeito estado,Seca,Perfeito estado,Faixa de pedestre,Não há placas,,Dupla,,,
2020-01-25,11:51:00,SEM VÍTIMA,FINALIZADA,BOA VIAGEM,RUA SETUBAL,596,,EM FRENTE AO Nº 596,BOA VIAGEM,,,ABALROAMENTO LONGITUDINAL,COLISÃO S/VITIMAS ENTRE UMA MOTO E AUTO,1,1,,,,,,,,0,,Longo da via,Bom,Não existe,Perfeito estado,Seca,Perfeito estado,Não existe,R-6a,,Única,Faixa seccionada,,
2020-01-25,12:31:00,SEM VÍTIMA,FINALIZADA,CAMPO GRANDE,RUA MARECHAL DEODORO,700,,UNIDADE DE SAÚDE DA FAMÍLIA ILHA DE JANEIRO,CAMPO GRANDE,,,CHOQUE VEÍCULO PARADO,TRIO ELETRICO DERRUBOU UM POSTE E CAIU EM CIMA DE UM AUTO PASSEIO,1,,,,,,,,,0,,Longo da via,Bom,Não existe,Perfeito estado,Seca,Perfeito estado,Não existe,R-6a,30 km/h,Dupla,Faixa seccionada,,
2020-01-25,13:21:00,SEM VÍTIMA,FINALIZADA,PARNAMIRIM,RUA JOAO TUDE DE MELO,,RUA VIRGINIA LORETO,POSTO DE COMBUSTÍVEL PETRO MEGA,PARNAMIRIM,649,,ABALROAMENTO TRANSVERSAL,COLISÃO SEM VÍTIMA,1,1,,,,,,,,0,,Cruzamento,Bom,Sem defeito,Perfeito estado,Seca,Perfeito estado,Faixa de pedestre,R-6a,40 km/h,Única,Faixa seccionada,,
2020-01-25,13:27:00,SEM VÍTIMA,FINALIZADA,CASA AMARELA,EST DO ARRAIAL,4526,,,CASA AMARELA,,SUBURBIO,ABALROAMENTO LONGITUDINAL,COLISAO SEM VITIMAS,3,,,,,,,,,0,,Longo da via,Bom,Não existe,Perfeito estado,Seca,Perfeito estado,Outros,Outras,,Única,Faixa seccionada,,
2020-01-25,13:31:00,SEM VÍTIMA,FINALIZADA,PINA,AV REPUBLICA ARABE UNIDA,78,,EDF. QUARTIER SAINT HONOÚ,PINA,,SUBURBIO,ABALROAMENTO LONGITUDINAL,COLISÃO SEM VÍTIMA,2,,,,,,,,,0,,Longo da via,Bom,Não existe,Não existente,Seca,Perfeito estado,Não existe,Não há placas,,Única,Faixa seccionada,,
2020-01-25,13:59:00,SEM VÍTIMA,FINALIZADA,MUSTARDINHA,RUA JOSE MOREIRA REIS,,,AO LADO DO SESI DA MUSTARDINHA,MUSTARDINHA,,,ABALROAMENTO LONGITUDINAL,COLISÃO SEM VÍTIMA,1,,,,,,1,,,0,,Longo da via,Bom,Não existe,Não existente,Seca,Perfeito estado,Não existe,Não há placas,30 km/h,Dupla,Não existe,,
2020-01-25,14:14:00,SEM VÍTIMA,FINALIZADA,BOA VIAGEM,RUA FELIX DE BRITO E MELO,,RUA PROFESSOR ARNALDO CARNEIRO LEAO,ESTACIONAMENTO DO BIG BOMPREÇO,BOA VIAGEM,544,CIDADE,ABALROAMENTO TRANSVERSAL,COLISÃO SEM VÍTIMA,1,1,,,,,,,,0,,Cruzamento,Bom,Sem defeito,Perfeito estado,Seca,Perfeito estado,Faixa de pedestre,R-6a,,Única,Faixa contínua,,
2020-01-25,14:41:00,COM VÍTIMA,FINALIZADA,MACAXEIRA,RUA JOSE CARLOS NOVAES DA MATA MACHADO,140,,E/F AO BAR DO VINHO,MACAXEIRA,,SUBURBIO,COLISÃO FRONTAL,COLISAO COM VITIMAS,,1,,,,1,,,,1,,Longo da via,Chuvoso,Não existe,Não existente,Seca,Outros,Não existe,Não há placas,30 km/h,Dupla,Não existe,,
2020-01-25,14:47:00,SEM VÍTIMA,FINALIZADA,AREIAS,AV DR JOSE RUFINO,1352,,EM FRENTE AO Nº 1352,AREIAS,,,ABALROAMENTO LONGITUDINAL,COLISÃO SEM VÍTIMA,2,,,,,,,,,0,,Longo da via,Bom,Não existe,Perfeito estado,Seca,Perfeito estado,Não existe,R-6a,,Dupla,Faixa contínua,,
2020-01-25,15:30:00,SEM VÍTIMA,FINALIZADA,BOA VIAGEM,RUA ANTONIO FALCAO,190,RUA FRANCISCO DA CUNHA,,BOA VIAGEM,227,SUBURBIO,ABALROAMENTO LONGITUDINAL,COLISÃO SEM VÍTIMA,1,1,,,,,,,,0,,Cruzamento,Bom,Sem defeito,Perfeito estado,Seca,Perfeito estado,Faixa de pedestre,,40 km/h,Única,Não existe,,
2020-01-25,15:35:00,COM VÍTIMA,FINALIZADA,BOA VIAGEM,AV BOA VIAGEM,5366,,AO LADO DO HOTEL ATLANTE PLAZA,BOA VIAGEM,,CIDADE,ABALROAMENTO LONGITUDINAL,COLISAO COM VITIMAS,1,1,,,,,,,,1,,Longo da via,Bom,Não existe,Perfeito estado,Seca,Perfeito estado,Não existe,Não há placas,,Única,Faixa seccionada,,
2020-01-25,15:40:00,SEM VÍTIMA,FINALIZADA,SANTO AMARO,AV GOVERNADOR AGAMENON MAGALHAES,,,CIRCULO MILITAR DO RECIFE,SANTO AMARO,,SUBURBIO,COLISÃO TRASEIRA,COLISÃO SEM VÍTIMA,3,,,,,,,,,0,,Longo da via,Nublado,Não existe,Perfeito estado,Seca,Perfeito estado,Não existe,R-19,60 km/h,Única,Faixa contínua,Faixa seccionada,
2020-01-25,16:04:00,SEM VÍTIMA,FINALIZADA,SÃO JOSÉ,AV SUL,,RUA CARLOS COELHO LEAL VALENTE,,SÃO JOSÉ,260,SUBURBIO,ABALROAMENTO TRANSVERSAL,COLISAO SEM VITIMAS,1,,,,,1,,,,0,,Cruzamento,Bom,Sem defeito,Perfeito estado,Seca,Perfeito estado,Faixa de pedestre,Outras,,Dupla,Canteiro central,,
2020-01-25,17:37:00,SEM VÍTIMA,FINALIZADA,ROSARINHO,AV NORTE,,,,ROSARINHO,456,SUBURBIO,CHOQUE OBJETO FIXO,COLISAO SEM VITIMAS,1,,,,,,,,,0,,Longo da via,Bom,Sem defeito,Perfeito estado,Seca,Perfeito estado,Faixa de pedestre,Não há placas,60 km/h,Dupla,Canteiro central,,
2020-01-25,18:02:00,SEM VÍTIMA,FINALIZADA,ZUMBI,RUA SOUZA BANDEIRA,1186,AV CAXANGA,APÓS A RUA GREGÓRIO JUNIOR,ZUMBI,236,,ABALROAMENTO LONGITUDINAL,MOTO X AUTO. S/V,1,1,,,,,,,,0,,Cruzamento,Bom,Sem defeito,Perfeito estado,Seca,Perfeito estado,Faixa de pedestre,Outras,40 km/h,Única,Faixa seccionada,,
2020-01-25,18:15:00,SEM VÍTIMA,FINALIZADA,ESPINHEIRO,AV NORTE,1851,RUA MARQUES DO PARANA,SEMÁFORO 056,ESPINHEIRO,56,CIDADE,ABALROAMENTO TRANSVERSAL,ENTRE AUTO E MOTO. S/V,1,1,,,,,,,,0,,Cruzamento,Bom,Sem defeito,Perfeito estado,Seca,Perfeito estado,Faixa de pedestre,Outras,,Única,Faixa seccionada,,
2020-01-25,18:28:00,SEM VÍTIMA,FINALIZADA,GRAÇAS,RUA BRUNO MAIA,217,,,GRAÇAS,,SUBURBIO,CHOQUE OBJETO FIXO,VEICULO CAI EM DESNIVEL DA VIA,1,,,,,,,,,0,,Longo da via,Bom,Não existe,Perfeito estado,Seca,Mal conservada,Não existe,Placas Pare,,Única,Não existe,,
2020-01-25,19:37:00,COM VÍTIMA,FINALIZADA,IBURA,AV RECIFE,,AV DOM HELDER CAMARA,E/F AO POSTO SHELL/ EXTRAFARMA,IBURA,55,CIDADE,COLISÃO COM CICLISTA,AUTO PASSEIO X CICLISTA COM VÍTIMA,1,,,1,,,,,,1,,Longo da via,Bom,Sem defeito,Incompleta,Seca,Perfeito estado,Não existe,Não há placas,,Única,Não existe,,
2020-01-26,00:19:00,SEM VÍTIMA,FINALIZADA,CABANGA,PRC GOVERNADOR PAULO GUERRA,,,,CABANGA,662,,COLISÃO FRONTAL,COLISÃO ENTRE DOIS AUTOS- S/V,2,,,,,,,,,0,,Longo da via,Bom,Não existe,Perfeito estado,Seca,Perfeito estado,Faixa de pedestre,,60 km/h,Única,Canteiro central,,
2020-01-26,01:56:00,SEM VÍTIMA,FINALIZADA,CABANGA,AV ENGENHEIRO JOSE ESTELITA,,,PRÓXIMO AO VIADUTO DAS CINCO PONTAS,CABANGA,,CIDADE,ABALROAMENTO LONGITUDINAL,COLISÃO ENTRE DOIS AUTOS- S/V,2,,,,,,,,,0,,Longo da via,Bom,Não existe,Perfeito estado,Seca,Perfeito estado,Não existe,Não há placas,,Dupla,,,
2020-01-26,11:11:00,COM VÍTIMA,FINALIZADA,AFOGADOS,RUA SAO MIGUEL,2012,,EM FRENTE AO POSTO PETROISA,AFOGADOS,,,ABALROAMENTO LONGITUDINAL,COM UMA VITIMA -JA SOCORRIDA PELO SAMU,1,1,,,,,,,,1,,Longo da via,Bom,,Perfeito estado,Seca,Perfeito estado,,,,Dupla,Faixa contínua,,
2020-01-26,13:50:00,SEM VÍTIMA,FINALIZADA,BOA VISTA,AV GOVERNADOR AGAMENON MAGALHAES,2764,RUA DR LEOPOLDO LINS,CAIXA ECONOMICA FEDERAL,BOA VISTA,78,SUBURBIO,COLISÃO TRASEIRA,ENTRE DOIS AUTOS S/V,2,,,,,,,,,0,,Longo da via,Bom,Sem defeito,Perfeito estado,Seca,Perfeito estado,Faixa de pedestre,Outras,,Dupla,Faixa contínua,Faixa seccionada,Canteiro central
2020-01-26,14:23:00,SEM VÍTIMA,FINALIZADA,BOA VIAGEM,AV CONSELHEIRO AGUIAR,2333,,E/F AO EMPRESARIAL JOÃO ROMA,BOA VIAGEM,,CIDADE,ABALROAMENTO LONGITUDINAL,ENTRE ONIBUS X AUTO PASSEIO S/V,1,,,,,1,,,,0,,Longo da via,Bom,Não existe,Perfeito estado,Seca,Perfeito estado,Não existe,R-6a,,Única,Faixa seccionada,,
2020-01-26,15:08:00,SEM VÍTIMA,FINALIZADA,BOA VIAGEM,RUA ERNESTO DE PAULA SANTOS,,RUA DOS NAVEGANTES,HOTEL GRAND MERCURE,BOA VIAGEM,,,ABALROAMENTO TRANSVERSAL,COLISÃO SEM VÍTIMA,2,,,,,,,,,0,,Cruzamento,Bom,Não existe,Perfeito estado,Seca,Perfeito estado,,Placas Pare,,Única,,,
2020-01-26,15:15:00,SEM VÍTIMA,FINALIZADA,IMBIRIBEIRA,RUA ITAMARACA,,RUA JAMAICA,LADO OPOSTO AO Nº 238,IMBIRIBEIRA,,CIDADE,CHOQUE VEÍCULO PARADO,ENTRE DOIS AUTOS S/V,2,,,,,,,,,0,,Longo da via,Bom,Não existe,Perfeito estado,Seca,Perfeito estado,Não existe,Não há placas,,Única,Não existe,,
2020-01-26,15:21:00,SEM VÍTIMA,FINALIZADA,BOA VISTA,AV GOVERNADOR AGAMENON MAGALHAES,,AV RUI BARBOSA,,BOA VISTA,37,,COLISÃO TRASEIRA,COLISÃO SEM VÍTIMA,4,,,,,,,,,0,,Longo da via,Bom,Sem defeito,Perfeito estado,Seca,Perfeito estado,Faixa de pedestre,R-6a,60 km/h,Dupla,Faixa seccionada,Canteiro central,Canal
2020-01-26,17:06:00,SEM VÍTIMA,CANCELADA,ESPINHEIRO,AV GOVERNADOR AGAMENON MAGALHAES,,RUA BUENOS AYRES,E/ AO BANCO DO NORDESTE,ESPINHEIRO,,,COLISÃO,ENTRE DOIS AUTOS S/V,2,,,,,,,,,0,,,,,,,,,,,,,,
2020-01-26,17:16:00,SEM VÍTIMA,FINALIZADA,SANTO AMARO,AV PREFEITO ARTUR LIMA CAVALCANTI,,,LADO OPOSTO AO HOSPITAL NAVAL,SANTO AMARO,,,ABALROAMENTO LONGITUDINAL,ENTRE DOIS AUTOS S/V,2,,,,,,,,,0,,Longo da via,Bom,Não existe,Perfeito estado,Seca,Perfeito estado,Outros,R-6a,40 km/h,Dupla,Canteiro central,,
2020-01-26,20:45:00,SEM VÍTIMA,FINALIZADA,BOA VIAGEM,RUA RAUL AZEDO,,RUA FREI LEANDRO,IMÓVEL Nº 95,BOA VIAGEM,,,ABALROAMENTO TRANSVERSAL,COLISÃO ENTRE DOIS AUTOS S/V,2,,,,,,,,,0,,Cruzamento,Bom,Não existe,Incompleta,Seca,Perfeito estado,Faixa de pedestre,R-6a,30 km/h,Única,,,
2020-01-26,21:43:00,SEM VÍTIMA,CANCELADA,TEJIPIÓ,RUA FALCAO DE LACERDA,10,,PROX DA ESTÇÃO DE TEJIPIÓ- EM FRENTE AO POSTO IPIRANGA- AO LADO DA IGREJA COMUNIDADE EXTREMA UNÇÃO,TEJIPIÓ,,,COLISÃO,COLISÃO ENTRE AUTO E MOTO S/V,2,,,,,,,,,0,,,,,,,,,,,,,,
2020-01-27,05:43:00,SEM VÍTIMA,FINALIZADA,IPSEP,RUA JEAN EMILE FAVRE,,RUA PADRE LIMA E SA,LANCHONETE MUSTAPAN,IPSEP,,SUBURBIO,ABALROAMENTO TRANSVERSAL,ENTRE AUTO PASSEIO X MOTO S/V,1,1,,,,,,,,0,,Cruzamento,Bom,Não existe,Perfeito estado,Seca,Perfeito estado,Não existe,Placas Pare,40 km/h,Dupla,Faixa contínua,,
2020-01-26,22:45:00,COM VÍTIMA,FINALIZADA,SANTO AMARO,AV GOVERNADOR AGAMENON MAGALHAES,,,LADO OPOSTO AO SHOPPING TACARUNA,SANTO AMARO,,CIDADE,COLISÃO COM CICLISTA,ENTRE AUTO PASSEIO X CICLISTA COM VÍTIMA,1,,,1,,,,,,1,,Longo da via,Bom,Não existe,Ilegível,Seca,Mal iluminada,Não existe,Não há placas,60 km/h,Dupla,Canal,,
2020-01-27,05:47:00,SEM VÍTIMA,FINALIZADA,COELHOS,RUA DR JOSE MARIANO,806,,MADELEI,COELHOS,,CIDADE,CHOQUE VEÍCULO PARADO,COLISÃO ENTRE DOIS AUTOS S/V,2,,,,,,,,,0,,Longo da via,Bom,Não existe,Incompleta,Seca,Perfeito estado,Não existe,Não há placas,,Única,Não existe,,
2020-01-27,06:35:00,SEM VÍTIMA,FINALIZADA,ESPINHEIRO,AV NORTE,,RUA JOSE DE SA CARNEIRO,EM FRENTE A CONCESSIONÁRIA RENAULT,ESPINHEIRO,665,,ABALROAMENTO LONGITUDINAL,MOTO E AUTO,1,1,,,,,,,,0,,Cruzamento,Bom,Sem defeito,Perfeito estado,Seca,Perfeito estado,Faixa de pedestre,Outras,,Dupla,Faixa seccionada,Canteiro central,
2020-01-27,06:58:00,SEM VÍTIMA,FINALIZADA,BOA VIAGEM,AV ENGENHEIRO DOMINGOS FERREIRA,3920,,EM FRENTE AO EDIFÍCIO ALICANTE,BOA VIAGEM,,SUBURBIO,CHOQUE OBJETO FIXO,CHOQUE ENTRE AUTO E ÁRVORE- CONDUTOR SE EVADIU DO LOCAL,1,,,,,,,,,0,,Longo da via,Bom,Não existe,Perfeito estado,Seca,Perfeito estado,Não existe,Não há placas,60 km/h,Dupla,Canteiro central,,
2020-01-27,07:11:00,COM VÍTIMA,FINALIZADA,SANTO ANTÔNIO,AV DANTAS BARRETO,,RUA SIQUEIRA CAMPOS,EM FRENTE AO ANTIGO PREIO DO INSS / POR TRAS DOS CORREIOS,SANTO ANTÔNIO,141,SUBURBIO,ATROPELAMENTO,PEDESTRE / ONIBUS BRT,,,,,1,1,,,,1,,Cruzamento,Bom,Sem defeito,Incompleta,Seca,Perfeito estado,Não existe,Não há placas,30 km/h,Dupla,Canteiro central,,
2020-01-27,07:51:00,COM VÍTIMA,CANCELADA,CASA FORTE,AV DEZESSETE DE AGOSTO,,,,CASA FORTE,,,ACID. DE PERCURSO,MOTO / O DONO DA MOTO NAO QUIZ O ATENDIMENTO DA CTTU / SEGUINDO JUNTO COM A AMBULANCIA PARA O HOAPITAL COM A VITIMA,,1,,,,,,,,1,,,,,,,,,,,,,,
2020-01-27,08:44:00,SEM VÍTIMA,CANCELADA,IBURA,AV DOIS RIOS,,,APOS O NUCLEO- PROX. AO POSTO DE GASOLINA BR,IBURA,,,COLISÃO,DOIS AUTOS,2,,,,,,,,,0,,,,,,,,,,,,,,
2020-01-27,08:45:00,SEM VÍTIMA,FINALIZADA,TAMARINEIRA,RUA CONEGO BARATA,420,,,TAMARINEIRA,,SUBURBIO,COLISÃO TRASEIRA,SEM VITIMAS,2,,,,,,,,,0,,Longo da via,Bom,Não existe,Perfeito estado,Seca,Perfeito estado,Não existe,Não há placas,,Dupla,Canteiro central,,
2020-01-27,08:49:00,SEM VÍTIMA,FINALIZADA,ESPINHEIRO,RUA DR FERNANDO ALLAIN,25,RUA MARQUES DO PARANA,MARTELINHO DE OURO,ESPINHEIRO,,CIDADE,ABALROAMENTO TRANSVERSAL,COLISÃO S/VITIMAS ENTRE DOIS AUTOS,2,,,,,,,,,0,,Cruzamento,Bom,Não existe,Incompleta,Seca,Perfeito estado,Faixa de pedestre,R-6a,,Única,Não existe,,
2020-01-27,09:19:00,SEM VÍTIMA,FINALIZADA,MACAXEIRA,AV NORTE,,AV DA RECUPERACAO,,MACAXEIRA,,SUBURBIO,COLISÃO TRASEIRA,SEM VITIMAS,2,,,,,1,,,,0,,,Bom,Não existe,Não existente,Seca,Perfeito estado,Não existe,Não há placas,,Dupla,,,
2020-01-27,09:44:00,COM VÍTIMA,FINALIZADA,IPSEP,RUA PAMPULHA,,RUA ITAJAI,EM FRENTE AO BUFFET CASA BRABCA,IPSEP,,CIDADE,ABALROAMENTO TRANSVERSAL,COLISÃO COM DUAS VITIMAS-SAMU NO LOCAL,1,1,,,,,,,,2,,Cruzamento,Bom,Não existe,,Seca,Perfeito estado,Outros,Placas Pare,,Dupla,Faixa seccionada,,
2020-01-27,09:56:00,SEM VÍTIMA,FINALIZADA,AFOGADOS,RUA COSME VIANA,,RUA PADRE TEOFILO TWORZ,AO LADO DA TUPAN,AFOGADOS,503,SUBURBIO,ABALROAMENTO TRANSVERSAL,COLISÃO S/VITIMAS ENTRE DOIS AUTOS,2,,,,,,,,,0,,Cruzamento,Bom,Sem defeito,Incompleta,Seca,Perfeito estado,Faixa de pedestre,Não há placas,,Única,Faixa contínua,Faixa seccionada,
2020-01-27,10:40:00,SEM VÍTIMA,FINALIZADA,TORRE,RUA ALBERTO PAIVA,,RUA AMELIA,,TORRE,,SUBURBIO,ABALROAMENTO LONGITUDINAL,COLISÃO S/VITIMAS ENTRE DOIS AUTOS,1,,,,,,1,,,0,,Longo da via,Bom,Sem defeito,Perfeito estado,Seca,Perfeito estado,Faixa de retenção,Outras,,Dupla,Faixa contínua,,
2020-01-27,10:43:00,SEM VÍTIMA,CANCELADA,MACAXEIRA,AV NORTE,7750,,EM FRENTE AO COLEGIO ESTADUAL MARIA AMALIA,MACAXEIRA,,SUBURBIO,COLISÃO,SEM VITIMAS,2,,,,,,,,,0,,,,,,,,,,,,,,
2020-01-27,10:56:00,SEM VÍTIMA,CANCELADA,AFOGADOS,RUA MOTOCOLOMBO,,RUA PROFESSOR AUGUSTO WANDERLEY FILHO,NO CRUZAMENTO / EM FRETE AO TROCAO,AFOGADOS,39,,COLISÃO,DOIS AUTOS,2,,,,,,,,,0,,,,,,,,,,,,,,
2020-01-27,11:12:00,SEM VÍTIMA,FINALIZADA,IMBIRIBEIRA,AV MARECHAL MASCARENHAS DE MORAES,2337,,LOJAS FERREIRA COSTA,IMBIRIBEIRA,385,CIDADE,ABALROAMENTO LONGITUDINAL,ONIBUS E AUTO,1,,,,,1,,,,0,,Longo da via,Bom,Sem defeito,Perfeito estado,Seca,Perfeito estado,,Não há placas,60 km/h,Dupla,Faixa contínua,Canteiro central,
2020-01-27,11:15:00,SEM VÍTIMA,FINALIZADA,CORDEIRO,EST DO FORTE DO ARRAIAL N. DO B. JESUS,,RUA PROFESSORA LAURA FERREIRA DA COSTA,FORTE ARRAIAL DO BOM JESUS,CORDEIRO,,SUBURBIO,ABALROAMENTO TRANSVERSAL,COLISÃO S/VITIMAS ENTRE UM ONIBUS E UM AUTO,1,,,,,1,,,,0,,Cruzamento,Bom,Não existe,Não existente,Seca,Perfeito estado,Não existe,Não há placas,,Dupla,Faixa contínua,,
2020-01-27,11:18:00,SEM VÍTIMA,FINALIZADA,IMBIRIBEIRA,AV MARECHAL MASCARENHAS DE MORAES,2837,,FORD DIVEPE CAMINHÕES,IMBIRIBEIRA,7,CIDADE,ABALROAMENTO LONGITUDINAL,ONIBUS E CAMINHAO,1,,,,,,1,,,0,,Longo da via,Bom,Sem defeito,Perfeito estado,Seca,Perfeito estado,Faixa de pedestre,Outras,,Dupla,Canteiro central,,
2020-01-27,12:13:00,SEM VÍTIMA,CANCELADA,JARDIM SÃO PAULO,AV SAO PAULO,382,,EM FRENTE AO SUPERMERCADO RENDE MAIS,JARDIM SÃO PAULO,,,COLISÃO,COLISÃO SEM VÍTIMA,1,,,,,,1,,,0,,,,,,,,,,,,,,
2020-01-27,12:55:00,SEM VÍTIMA,FINALIZADA,BOA VISTA,RUA DA AURORA,,,E/F A AGENCIA DO TRABALHO,BOA VISTA,,,ABALROAMENTO LONGITUDINAL,ENTRE CAMINHÃO X AUTO PASSEIO S/V,1,,,,,,1,,,0,,Longo da via,Bom,Sem defeito,Perfeito estado,Seca,Perfeito estado,Faixa de pedestre,,,Única,Faixa contínua,Faixa seccionada,
2020-01-27,13:19:00,SEM VÍTIMA,FINALIZADA,BOA VIAGEM,AV VINTE DE JANEIRO,1060,RUA JORNALISTA ALFREDO PORTO SILVEIRA,,BOA VIAGEM,,SUBURBIO,ABALROAMENTO TRANSVERSAL,COLISÃO SEM VÍTIMA,2,,,,,,,,,0,,Cruzamento,Bom,Não existe,Perfeito estado,Seca,Perfeito estado,Faixa de retenção,Placas Pare,30 km/h,Dupla,Faixa contínua,,