data,hora,natureza_acidente,situacao,bairro,endereco,numero,detalhe_endereco_acidente,complemento,bairro_cruzamento,num_semaforo,sentido_via,tipo,descricao,auto,moto,ciclom,ciclista,pedestre,onibus,caminhao,viatura,outros,vitimas,vitimasfatais,acidente_verificado,tempo_clima,situacao_semaforo,sinalizacao,condicao_via,conservacao_via,ponto_controle,situacao_placa,velocidade_max_via,mao_direcao,divisao_via1,divisao_via2,divisao_via3
2020-01-27,13:20:00,SEM VÍTIMA,FINALIZADA,MADALENA,RUA JOSE OSORIO,,AV BEIRA RIO,,MADALENA,387,SUBURBIO,COLISÃO TRASEIRA,ENTRE DOIS AUTOS S/V,2,,,,,,,,,0,,Longo da via,Bom,Sem defeito,Perfeito estado,Seca,Perfeito estado,Faixa de pedestre,Não há placas,60 km/h,Dupla,Faixa contínua,,
2020-01-27,13:50:00,SEM VÍTIMA,CANCELADA,CORDEIRO,EST DO FORTE DO ARRAIAL N. DO B. JESUS,117,,PROXIMO A PRAÇA DO QUINZE,CORDEIRO,,,COLISÃO,COLISÃO SEM VÍTIMA,2,,,,,,,,,0,,,,,,,,,,,,,,
2020-01-27,14:45:00,SEM VÍTIMA,FINALIZADA,BOA VIAGEM,AV ENGENHEIRO DOMINGOS FERREIRA,,RUA HENRIQUE CAPITULINO,,BOA VIAGEM,484,SUBURBIO,COLISÃO TRASEIRA,ENTRE DOIS AUTOS S/V,2,,,,,,,,,0,,Longo da via,Bom,Sem defeito,Perfeito estado,Seca,Perfeito estado,Faixa de pedestre,,,Única,Faixa contínua,Faixa seccionada,Canteiro central
2020-01-27,14:47:00,SEM VÍTIMA,FINALIZADA,BOA VISTA,RUA PADRE INGLES,367,,EM FRENTE AO Nº 367,BOA VISTA,,,ABALROAMENTO LONGITUDINAL,COLISÃO SEM VÍTIMA,2,,,,,,,,,0,,Longo da via,Bom,Não existe,Perfeito estado,Seca,Mal conservada,Faixa de pedestre,Placas Pare,,Única,Não existe,,
2020-01-27,15:50:00,SEM VÍTIMA,FINALIZADA,MADALENA,AV CAXANGA,792,,ESTAÇÃO ZUMBI - BRT,MADALENA,273,SUBURBIO,COLISÃO TRASEIRA,COLISÃO SEM VÍTIMA,3,,,,,,,,,0,,Longo da via,Bom,Sem defeito,Perfeito estado,Seca,,Faixa de pedestre,Outras,,Única,Não existe,,
2020-01-27,16:45:00,COM VÍTIMA,FINALIZADA,SANTO AMARO,AV CRUZ CABUGA,,RUA PEDRO AFONSO,LADO OPOSTO À ESCOLA SUPERIOR DE MARKETING.,SANTO AMARO,,,ABALROAMENTO TRANSVERSAL,DUAS MOTOCICLETAS,,2,,,,,,,,1,,Cruzamento,Bom,Não existe,Perfeito estado,Seca,Perfeito estado,Faixa de pedestre,Não há placas,,Dupla,Não existe,,
2020-01-27,17:17:00,SEM VÍTIMA,FINALIZADA,ENGENHO DO MEIO,RUA FRANCISCO BEZERRA MONTEIRO,,,EUROFINS,ENGENHO DO MEIO,,SUBURBIO,ABALROAMENTO LONGITUDINAL,COLISÃO SEM VÍTIMA,2,,,,,,,,,0,,Longo da via,Bom,Não existe,Não existente,Seca,Perfeito estado,Não existe,Não há placas,,Dupla,Não existe,,
2020-01-27,17:58:00,SEM VÍTIMA,FINALIZADA,IPSEP,RUA HELIO BRANDAO,268,RUA ALVORADA,,IPSEP,,SUBURBIO,ABALROAMENTO LONGITUDINAL,ENTRE ONIBUS X TAXI S/V,1,,,,,1,,,,0,,Longo da via,Bom,Não existe,Não existente,Seca,Perfeito estado,Não existe,Não há placas,30 km/h,Única,Não existe,,
2020-01-27,18:21:00,SEM VÍTIMA,CANCELADA,TAMARINEIRA,EST DO ARRAIAL,,,E//F A HI ACADEMIA,TAMARINEIRA,,,COLISÃO,ONIBUS X AUTO PASSEIO S/V,1,,,,,1,,,,0,,,,,,,,,,,,,,
2020-01-27,18:24:00,SEM VÍTIMA,FINALIZADA,BOA VIAGEM,AV ENGENHEIRO DOMINGOS FERREIRA,,,EM FRENTE AO ARMAZÉM CORAL,BOA VIAGEM,,SUBURBIO,COLISÃO TRASEIRA,COLISÃO SEM VÍTIMA,2,,,,,,,,,0,,Longo da via,Bom,Não existe,Perfeito estado,Seca,Perfeito estado,Não existe,R-6a,60 km/h,Dupla,Canteiro central,,
2020-01-27,18:29:00,COM VÍTIMA,FINALIZADA,IPSEP,AV RECIFE,,,LADO OPOSTO A PADARIA VILA DO PÃO,IPSEP,,CIDADE,COLISÃO TRASEIRA,ENTRE AUTO PASSEIO X CARROÇA COM VÍTIMA. APÓS A COLISÃO NA CARROÇA- ELA COLIDIU COM UM TERCEIRO ENVOLVIDO.,2,,,,,,,,1,1,,Longo da via,Bom,Não existe,Perfeito estado,Seca,Perfeito estado,Não existe,Outras,60 km/h,Dupla,Faixa contínua,Faixa seccionada,Canteiro central
2020-01-27,18:38:00,COM VÍTIMA,FINALIZADA,ÁGUA FRIA,RUA DA REGENERACAO,333,RUA BOM CONSELHO,PROX. A CASA DE FERRAGENS JOSÉ LUIZ DA FONSECA,ÁGUA FRIA,,CIDADE,COLISÃO FRONTAL,COLISÃO COM VITIMA,2,1,,,,,,,,1,,Cruzamento,Bom,Não existe,Incompleta,Seca,,Não existe,Não há placas,,Dupla,Não existe,,
2020-01-27,18:43:00,SEM VÍTIMA,FINALIZADA,PINA,AV HERCULANO BANDEIRA,,,EM FRENTE AO ATACADO DOS PRESENTES,PINA,660,SUBURBIO,ABALROAMENTO LONGITUDINAL,ONIBUS BORBOREMA X RENAULT LOGAN,1,,,,,1,,,,0,,Longo da via,Bom,Sem defeito,Perfeito estado,Seca,Perfeito estado,Faixa de pedestre,,,Única,Faixa contínua,Faixa seccionada,
2020-01-27,20:21:00,COM VÍTIMA,FINALIZADA,IPSEP,RUA ALDEMAR DE OLIVEIRA,150,RUA HELIO BRANDAO,PROX A GUSTAVO VEICULOS DA AV. RECIFE,IPSEP,,,ABALROAMENTO TRANSVERSAL,ENTRE AUTO PASSEIO X MOTO COM VÍTIMA,1,1,,,,,,,,2,,Cruzamento,Bom,Não existe,Ilegível,Seca,Perfeito estado,Faixa de retenção,Não há placas,,Dupla,Faixa contínua,Faixa seccionada,
2020-01-27,21:16:00,SEM VÍTIMA,FINALIZADA,JAQUEIRA,RUA SIMAO MENDES,200,,FRENTE AO SAINT ELISIO,JAQUEIRA,,SUBURBIO,COLISÃO TRASEIRA,ENTRE DOIS AUTOS S/V,2,,,,,,,,,0,,Longo da via,Bom,Não existe,Não existente,Seca,Perfeito estado,Não existe,,40 km/h,Dupla,Não existe,,
2020-01-27,23:18:00,SEM VÍTIMA,FINALIZADA,BOA VIAGEM,RUA JOAO CARDOSO AIRES,,,SEMÁFORO 478 / APÓS O COLÉGIO MADRE DE DEUS,BOA VIAGEM,478,SUBURBIO,COLISÃO TRASEIRA,HONDA HRV X SANDERO,2,,,,,,,,,0,,Longo da via,Bom,Sem defeito,Perfeito estado,Seca,Perfeito estado,Faixa de pedestre,Outras,,Única,Faixa seccionada,Canteiro central,
2020-01-28,07:05:00,SEM VÍTIMA,FINALIZADA,AFOGADOS,RUA COSME VIANA,1801,,,AFOGADOS,,SUBURBIO,COLISÃO TRASEIRA,SEM VITIMAS,1,,,,,,1,,,0,,Longo da via,Bom,Sem defeito,Perfeito estado,Seca,Perfeito estado,Faixa de pedestre,R-6a,,Única,Faixa seccionada,,
2020-01-28,07:07:00,SEM VÍTIMA,FINALIZADA,CORDEIRO,RUA ODETE MONTEIRO,,AV PROFESSOR ESTEVAO FRANCISCO DA COSTA,POSTO PETROCAL,CORDEIRO,,CIDADE,ABALROAMENTO LONGITUDINAL,COLISÃO S/VITIMAS ENTRE DOIS AUTOS,2,,,,,,,,,0,,Cruzamento,Bom,Sem defeito,Perfeito estado,Seca,Perfeito estado,Faixa de pedestre,,,Dupla,Canteiro central,,
2020-01-28,07:23:00,SEM VÍTIMA,FINALIZADA,BOA VIAGEM,AVENIDA CELSO FURTADO (VIA MANGUE),,,SOBRE AV GENERAL MAC ARTHUR,BOA VIAGEM,,SUBURBIO,ABALROAMENTO LONGITUDINAL,SEM VITIMAS,2,,,,,,,,,0,,Longo da via,Bom,Não existe,Perfeito estado,Seca,Perfeito estado,Não existe,Não há placas,60 km/h,Dupla,Canteiro central,,
2020-01-28,07:49:00,SEM VÍTIMA,FINALIZADA,ESPINHEIRO,AV GOVERNADOR AGAMENON MAGALHAES,,RUA DR FERNANDO ALLAIN,AO LADO DA JEEP,ESPINHEIRO,,,ABALROAMENTO LONGITUDINAL,COLISÃO S/VITIMAS ENTRE DOIS AUTOS,2,,,,,,,,,0,,,Bom,Não existe,Perfeito estado,Seca,Perfeito estado,Não existe,Placas Pare,,Dupla,Não existe,,
2020-01-28,08:11:00,SEM VÍTIMA,FINALIZADA,JOANA BEZERRA,VIADUTO CAPITAO TEMUDO,,,SOBRE O VIADUTO,JOANA BEZERRA,,,COLISÃO TRASEIRA,ENGAVETAMENTO ENTRE TRES VEICULOS. SEM VITIMA,2,,,,,,,,1,0,,Viaduto,Bom,Não existe,Perfeito estado,Seca,Perfeito estado,Não existe,Não há placas,60 km/h,Dupla,Faixa seccionada,Canteiro central,
2020-01-28,08:15:00,SEM VÍTIMA,FINALIZADA,IMBIRIBEIRA,AV MARECHAL MASCARENHAS DE MORAES,1482,,LADO OPOSTO AO Nº 1482,IMBIRIBEIRA,287,CIDADE,COLISÃO TRASEIRA,DUAS MOTOS BATEDORES NO LOCAL INSP. ROMERO E BATISTUTA,,2,,,,,,,,0,,Longo da via,Bom,Sem defeito,Perfeito estado,Seca,Perfeito estado,Faixa de pedestre,Não há placas,60 km/h,Dupla,Canteiro central,,
2020-01-28,08:20:00,COM VÍTIMA,FINALIZADA,IMBIRIBEIRA,AV MARECHAL MASCARENHAS DE MORAES,,RUA NORUEGA,EM FRENTE A MARAVILHA MOTOS,IMBIRIBEIRA,631,CIDADE,ABALROAMENTO TRANSVERSAL,COM UMA VITIMA -SAMU NO LOCAL/CTTU NO LOCAL/GM LEONALDO E ANDRE MANOEL,1,1,,,,,,,,1,,Cruzamento,Bom,Sem defeito,Perfeito estado,Seca,Perfeito estado,Faixa de pedestre,,60 km/h,Dupla,Faixa contínua,Canteiro central,
2020-01-28,08:27:00,COM VÍTIMA,FINALIZADA,VASCO DA GAMA,RUA VASCO DA GAMA,405,,,VASCO DA GAMA,,SUBURBIO,COLISÃO COM CICLISTA,MOTO E CICLISTA,,1,,1,,,,,,1,,Longo da via,Bom,Não existe,Incompleta,Seca,Perfeito estado,Não existe,Outras,30 km/h,Dupla,Não existe,,
2020-01-28,08:47:00,SEM VÍTIMA,FINALIZADA,SÃO JOSÉ,C SANTA RITA,,,GRANDE RECIFE E 16º BATALHÃO DA PM,SÃO JOSÉ,,SUBURBIO,ABALROAMENTO LONGITUDINAL,DOIS AUTOS,2,,,,,,,,,0,,Longo da via,Bom,Não existe,Perfeito estado,Seca,Perfeito estado,Não existe,Não há placas,60 km/h,Dupla,Canteiro central,,
2020-01-28,09:40:00,SEM VÍTIMA,FINALIZADA,ESPINHEIRO,RUA DA HORA,348,,AO LADO DA HAPVIDA PEDRO DA HORA,ESPINHEIRO,,,ABALROAMENTO LONGITUDINAL,SEM VITIMAS,2,,,,,,,,,0,,Longo da via,Bom,Não existe,Perfeito estado,Seca,Perfeito estado,Outros,R-6a,,Única,,,
2020-01-28,09:58:00,SEM VÍTIMA,FINALIZADA,BOA VISTA,RUA DA MATRIZ,130,,EM FRENTE BC INFORMÁTICA,BOA VISTA,,CIDADE,ABALROAMENTO LONGITUDINAL,SEM VITIMAS,1,1,,,,,,,,0,,Longo da via,Bom,Não existe,Perfeito estado,Seca,Perfeito estado,Outros,Outras,,Única,Não existe,,
2020-01-28,11:39:00,SEM VÍTIMA,FINALIZADA,MADALENA,RUA BENFICA,505,RUA PROFESSOR BENEDITO MONTEIRO,EM FRENTE AO CLUBE INTERNACIONAL,MADALENA,,CIDADE,ABALROAMENTO LONGITUDINAL,DOIS AUTOS,2,,,,,,,,,0,,Longo da via,Bom,Não existe,Perfeito estado,Seca,Perfeito estado,Não existe,Outras,30 km/h,Única,Faixa seccionada,,
2020-01-28,12:11:00,SEM VÍTIMA,PENDENTE,AFOGADOS,EST DOS REMEDIOS,,RUA VINTE E UM DE ABRIL,EM FRENTE AO TERMINAL INTEGRAL DE AFOGADOS E MERCADÃO SR ANTONIO,AFOGADOS,,,COLISÃO,COLISÃO SEM VÍTIMA,2,,,,,,,,,0,,,,,,,,,,,,,,
2020-01-28,13:05:00,SEM VÍTIMA,FINALIZADA,PINA,AV ANTONIO DE GOES,742,,EM FRENTE AO EMPRESARIAL JOPIN,PINA,103,CIDADE,COLISÃO TRASEIRA,COLISÃO SEM VÍTIMA,2,,,,,,,,,0,,Longo da via,Bom,Sem defeito,Perfeito estado,Seca,Perfeito estado,Agente,,60 km/h,Única,Canteiro central,,
2020-01-28,13:33:00,SEM VÍTIMA,FINALIZADA,MUSTARDINHA,AV MANOEL GONCALVES DA LUZ,321,RUA ANA OTILIA DE FARIAS,PROX. DO SESI,MUSTARDINHA,,SUBURBIO,ABALROAMENTO TRANSVERSAL,COLISÃO SEM VITIMA,1,1,,,,,,,,0,,,Bom,Não existe,Perfeito estado,Seca,Perfeito estado,,Placas Pare,,Dupla,Faixa seccionada,,
2020-01-28,13:47:00,COM VÍTIMA,FINALIZADA,ENCRUZILHADA,EST DE BELEM,175,RUA DONA JULIETA,PROX A ESCOLA PROFESSOR OLIVIO MONTENEGRO. AO LADO DA IGREJA DE BELÉM.,ENCRUZILHADA,,CIDADE,ABALROAMENTO TRANSVERSAL,MOTO X SAVEIRO OBS : BOMBEIRO NO LOCAL INFORMOU QUE A FRATURA FOI EXPOSTA,1,1,,,,,,,,1,,Esquina,Bom,Não existe,Perfeito estado,Seca,Perfeito estado,Outros,R-6a,,Dupla,Faixa contínua,Faixa seccionada,
2020-01-28,14:07:00,SEM VÍTIMA,FINALIZADA,CORDEIRO,AV CAXANGA,1252,,FARMÁCIA DROGASIL,CORDEIRO,,SUBURBIO,COLISÃO TRASEIRA,COLISÃO SEM VÍTIMA,2,,,,,,,,,0,,Longo da via,Bom,Não existe,Perfeito estado,Seca,Perfeito estado,Não existe,Outras,,Dupla,Faixa contínua,Faixa seccionada,Canteiro central
2020-01-28,14:49:00,SEM VÍTIMA,FINALIZADA,ILHA DO RETIRO,EST DOS REMEDIOS,1955,,HC PNEUS PRÓXIMO,ILHA DO RETIRO,,SUB/CID,ABALROAMENTO LONGITUDINAL,COLISÃO SEM VÍTIMA,2,,,,,,,,,0,,Longo da via,Bom,,Perfeito estado,Seca,Perfeito estado,,,60 km/h,Única,,,
2020-01-28,15:15:00,COM VÍTIMA,FINALIZADA,BOA VIAGEM,RUA DR LUIZ CORREA DE OLIVEIRA,231,RUA EVARISTO CARNEIRO LEAO,NA ESQUINA SO SQUASH CENTER ACADEMIA DE TENNIS,BOA VIAGEM,,CIDADE,COLISÃO FRONTAL,COLISÃO COM VITIMA,1,1,,,,,,,,2,,Cruzamento,Bom,Não existe,Não existente,Seca,Perfeito estado,Não existe,Não há placas,,Dupla,Não existe,,
2020-01-28,15:22:00,SEM VÍTIMA,FINALIZADA,SANTO AMARO,AV DR JAYME DA FONTE,18,,EM FRENTE AO Nº 18,SANTO AMARO,,SUBURBIO,ABALROAMENTO LONGITUDINAL,COLISÃO SEM VÍTIMA,1,,,,,1,,,,0,,Longo da via,Bom,Não existe,Perfeito estado,Seca,Perfeito estado,Não existe,R-6a,,Dupla,Faixa seccionada,Canteiro central,
2020-01-28,15:25:00,SEM VÍTIMA,CANCELADA,IPSEP,RUA DANCING DAYS,400,,AO LADO DO ARMAZEM DE CONSTRUÇÃO E NARA MIX,IPSEP,,,COLISÃO,COLISÃO SEM VITIMA,1,,,,,1,,,,0,,,,,,,,,,,,,,
2020-01-28,15:49:00,SEM VÍTIMA,FINALIZADA,AREIAS,AV RECIFE,4084,,LADO OPOSTO AO BIG BOMPREÇO,AREIAS,599,SUBURBIO,COLISÃO TRASEIRA,COLISÃO SEM VITIMA,1,1,,,,,,,,0,,Longo da via,Bom,Sem defeito,Perfeito estado,Seca,Perfeito estado,Faixa de pedestre,Outras,,Dupla,Canteiro central,,
2020-01-28,16:25:00,SEM VÍTIMA,CANCELADA,SAN MARTIN,AV CONSUL VILARES FRAGOSO,61,RUA OUREM,A MAIS OU MENOS 100METROS DA CAVALARIA...RUA AO LADO,SAN MARTIN,,,COLISÃO,COLISÃO SEM VITIMA,2,,,,,,,,,0,,,,,,,,,,,,,,
2020-01-28,17:59:00,SEM VÍTIMA,FINALIZADA,TORRE,RUA PROFESSOR TRAJANO DE MENDONCA,,,EM FRENTE AO ATACADAO DE PRESENTES,TORRE,,CIDADE,ABALROAMENTO LONGITUDINAL,CAMINHAO HR X HB20,1,,,,,,1,,,0,,Longo da via,Bom,Não existe,Perfeito estado,Seca,Perfeito estado,Não existe,R-6a,,Única,Faixa contínua,Faixa seccionada,
2020-01-28,18:43:00,SEM VÍTIMA,FINALIZADA,AFOGADOS,AV SUL,,RUA NICOLAU PEREIRA,,AFOGADOS,,CIDADE,ABALROAMENTO LONGITUDINAL,ENTRE 2 AUTOS.S/V,2,,,,,,,,,0,,Longo da via,Bom,Não existe,Perfeito estado,Seca,Perfeito estado,Não existe,Não há placas,,Única,Faixa contínua,,
2020-01-28,19:01:00,COM VÍTIMA,FINALIZADA,AREIAS,AV RECIFE,580,AV TAPAJOS,PROX AO POSTO BR SENTIDO BOA VIAGEM,AREIAS,620,CIDADE,ABALROAMENTO LONGITUDINAL,MOTO X FIAT MOBI,1,1,,,,,,,,1,,Longo da via,Bom,Sem defeito,Perfeito estado,Seca,Perfeito estado,Faixa de pedestre,R-4a,,Dupla,Canteiro central,,
2020-01-28,19:49:00,SEM VÍTIMA,FINALIZADA,SANTO AMARO,AV CRUZ CABUGA,,RUA FREI CASSIMIRO,CASA DA INDUSTRIA,SANTO AMARO,,SUBURBIO,ABALROAMENTO LONGITUDINAL,,1,,,,,1,,,,0,,Cruzamento,Bom,Não existe,Perfeito estado,Seca,Perfeito estado,Faixa de pedestre,R-25b,,Dupla,Faixa contínua,,
2020-01-28,20:01:00,SEM VÍTIMA,FINALIZADA,BOA VIAGEM,RUA ERNESTO DE PAULA SANTOS,1235,,EM FRENTE A FARMÁCIA PAGUE MENOS,BOA VIAGEM,,SUBURBIO,ABALROAMENTO LONGITUDINAL,ENTRE AUTO E MOTO. S/V,1,1,,,,,,,,0,,Longo da via,Bom,Não existe,Ilegível,Seca,Mal iluminada,Não existe,Não há placas,,Única,Faixa seccionada,,
2020-01-28,21:02:00,SEM VÍTIMA,FINALIZADA,CORDEIRO,AV MAURICIO DE NASSAU,,,AO LADO DO HABITACIONAL DO CORDEIRO,CORDEIRO,,SUBURBIO,CHOQUE VEÍCULO PARADO,ENTRE VTS . S/V,2,,,,,,,,,0,,Longo da via,Bom,Não existe,Ilegível,Seca,Perfeito estado,Não existe,Não há placas,,Dupla,Não existe,,
2020-01-28,23:52:00,SEM VÍTIMA,FINALIZADA,IMBIRIBEIRA,AV SUL,,,ESTAÇÃO TANCREDO NEVES,IMBIRIBEIRA,,SUBURBIO,COLISÃO TRASEIRA,ENTRE 2 AUTOS. S/V,2,,,,,,,,,0,,Longo da via,Bom,Não existe,Perfeito estado,Seca,Mal iluminada,Não existe,Outras,,Única,Faixa seccionada,,
2020-01-29,06:38:00,SEM VÍTIMA,FINALIZADA,SANTO AMARO,AV CRUZ CABUGA,,,SOB O SEMÁFORO,SANTO AMARO,470,CIDADE,ABALROAMENTO LONGITUDINAL,DOIS AUTOS,2,,,,,,,,,0,,Longo da via,Bom,Sem defeito,Perfeito estado,Seca,Perfeito estado,Não existe,Outras,,Dupla,Faixa seccionada,,
2020-01-29,07:10:00,COM VÍTIMA,CANCELADA,BOA VIAGEM,RUA VISCONDE DE JEQUITINHONHA,,RUA BRUNO VELOSO,PARADA 2 SHOPPING RECIFE,BOA VIAGEM,,,COLISÃO COM CICLISTA,ONIBUS E CICLISTA,,,,1,,,,,,1,,,,,,,,,,,,,,
2020-01-29,08:00:00,COM VÍTIMA,FINALIZADA,BOA VIAGEM,RUA RIBEIRO DE BRITO,1326,RUA AMALIA BERNARDINO DE SOUZA,AO LADO DA UNINASSAU,BOA VIAGEM,,SUBURBIO,ABALROAMENTO TRANSVERSAL,DUAS MOTOS /  ANDRE SANTOS E ERNESTO SILVA NO QTH P.O,,2,,,,,,,,3,,Cruzamento,Bom,Não existe,Perfeito estado,Seca,Perfeito estado,Não existe,Não há placas,,Única,Faixa seccionada,,
2020-01-29,08:14:00,SEM VÍTIMA,FINALIZADA,BOA VIAGEM,AV ENGENHEIRO DOMINGOS FERREIRA,,RUA PADRE CARAPUCEIRO,FARMÁCIA FTB,BOA VIAGEM,216,SUBURBIO,ABALROAMENTO LONGITUDINAL,COLISAO S/ VITIMA. UM AUTO PASSEIO E UM ONIBUS DA EMPRESA BORBOREMA,1,,,,,1,,,,0,,Longo da via,Bom,Sem defeito,Perfeito estado,Seca,Perfeito estado,Faixa de pedestre,Não há placas,60 km/h,Única,Faixa contínua,,
2020-01-29,08:33:00,SEM VÍTIMA,FINALIZADA,TORRE,RUA CONDE DE IRAJA,,RUA REAL DA TORRE,,TORRE,106,,ABALROAMENTO LONGITUDINAL,COLISAO S/ VITIMA. ENTRE DOIS VEICULOS PASSEIOS,2,,,,,,,,,0,,Cruzamento,Bom,Sem defeito,,Seca,Perfeito estado,Faixa de pedestre,Outras,40 km/h,Única,Faixa contínua,Faixa seccionada,
2020-01-29,08:53:00,SEM VÍTIMA,FINALIZADA,PINA,AV CONSELHEIRO AGUIAR,165,,EM FRENTE A IGREJA PRESBITERIANA DO PINA,PINA,,CIDADE,ABALROAMENTO LONGITUDINAL,SEM VITIMAS /CTTU NO LOCAL -SUB INSP NATALICIO VAI FAZER O B.O,1,,,,,1,,,1,0,,Longo da via,Bom,Não existe,Perfeito estado,Seca,Perfeito estado,,Não há placas,60 km/h,Única,Faixa seccionada,,
2020-01-29,08:55:00,COM VÍTIMA,FINALIZADA,BOA VIAGEM,RUA SETUBAL,,,LADO OPOSTO A FLORICULTURA ALBANETE FLORES,BOA VIAGEM,,CIDADE,ABALROAMENTO LONGITUDINAL,AUTOE MOTO GM PAULINO NO LOCAL,1,1,,,,,,,,1,,Longo da via,Bom,Não existe,Não existente,Seca,Perfeito estado,Não existe,Não há placas,,Única,Não existe,,
2020-01-29,09:28:00,SEM VÍTIMA,DUPLICIDADE,IMBIRIBEIRA,AV MARECHAL MASCARENHAS DE MORAES,6211,,EM FRENTE A FOCO ALUGUEL DE VEICULOS / EM FRENTE A JUSTIÇA FEDERAL / SENT PRAZERES,IMBIRIBEIRA,,,COLISÃO,TRES AUTOS,3,,,,,,,,,0,,,,,,,,,,,,,,
2020-01-29,09:36:00,SEM VÍTIMA,FINALIZADA,AREIAS,AV RECIFE,204,,MESTRE BATERIAS,AREIAS,,,COLISÃO TRASEIRA,DOIS AUTOS,2,,,,,,,,,0,,Longo da via,Bom,Não existe,Incompleta,Seca,Perfeito estado,Não existe,Não há placas,60 km/h,Dupla,Canteiro central,,
2020-01-29,09:39:00,SEM VÍTIMA,FINALIZADA,IMBIRIBEIRA,AV MARECHAL MASCARENHAS DE MORAES,,,EM FRENTE A HOME CENTER TUPAN,IMBIRIBEIRA,,CIDADE,ABALROAMENTO LONGITUDINAL,COLISAO S/ VITIMA. ENTRE DOIS VEICULOS PASSEIO,2,,,,,,,,,0,,Longo da via,Bom,Não existe,Perfeito estado,Seca,Perfeito estado,Não existe,R-6a,60 km/h,Dupla,Faixa seccionada,Canteiro central,
2020-01-29,09:40:00,COM VÍTIMA,FINALIZADA,BOA VIAGEM,AV MARECHAL MASCARENHAS DE MORAES,6133,,EM FRENTE A LOCADORA FOCO. NO MURO DO AEROPORTO.,BOA VIAGEM,,SUBURBIO,COLISÃO TRASEIRA,COLISÃO COM VITIMAS,3,,,,,,,,,1,,Longo da via,Bom,Não existe,Perfeito estado,Seca,Perfeito estado,Não existe,Não há placas,60 km/h,Dupla,Canteiro central,,
2020-01-29,10:05:00,SEM VÍTIMA,FINALIZADA,GRAÇAS,AV RUI BARBOSA,320,,EM FRENTE AO TRIBUNAL REGIONAL ELEITORAL ( ANEXO DJACI FALCÃO ),GRAÇAS,,CIDADE,COLISÃO TRASEIRA,SEM VITIMAS /SUB INSP LUCIO NO LOCAL FAZENDO B.O VT 04,2,,,,,,,,,0,,Longo da via,Bom,Sem defeito,Perfeito estado,Seca,Perfeito estado,Não existe,Não há placas,60 km/h,Única,Faixa seccionada,,
2020-01-29,10:18:00,COM VÍTIMA,FINALIZADA,IPUTINGA,AV CAXANGA,4251,,EM FRENTE A CAXANGA VEICULOS,IPUTINGA,270,CIDADE,COLISÃO TRASEIRA,COLISAO COM VITIMA. ENTRE VEICULO- ONIBUS E MOTO. VT: 15 NO LOCAL,2,1,,,,1,,,,1,,Longo da via,Bom,Sem defeito,Perfeito estado,Seca,Perfeito estado,Faixa de pedestre,Outras,60 km/h,Única,Faixa seccionada,,
2020-01-29,11:02:00,SEM VÍTIMA,FINALIZADA,BAIRRO DO RECIFE,AV ALFREDO LISBOA,,,EM FRENTE AO MARCO PERNAMBUCANO DA MODA,BAIRRO DO RECIFE,,,ABALROAMENTO LONGITUDINAL,MOTO E AUTO,1,1,,,,,,,,0,,Longo da via,Bom,Não existe,Perfeito estado,Seca,Perfeito estado,Não existe,,,Única,Faixa seccionada,,
2020-01-29,11:11:00,SEM VÍTIMA,FINALIZADA,AREIAS,AV RECIFE,204,,FILA FRIO EQUIPAMENTOS,AREIAS,621,,COLISÃO TRASEIRA,,3,,,,,,,,,0,,Longo da via,Bom,Sem defeito,Ilegível,Seca,Perfeito estado,Faixa de pedestre,Não há placas,,Dupla,Canteiro central,,
2020-01-29,11:14:00,SEM VÍTIMA,FINALIZADA,ESTÂNCIA,AV TAPAJOS,93,RUA MEARIM,BAR DA SULA,ESTÂNCIA,620,,ABALROAMENTO TRANSVERSAL,SEM VITIMAS,2,,,,,,,,,0,,,Bom,Sem defeito,Incompleta,Seca,Perfeito estado,Não existe,Outras,,Dupla,Não existe,,
2020-01-29,11:17:00,SEM VÍTIMA,FINALIZADA,ILHA DO RETIRO,AV ENGENHEIRO ABDIAS DE CARVALHO,,,EM FRENTE AO SEMÁFORO Nº 052,ILHA DO RETIRO,52,CIDADE,COLISÃO TRASEIRA,,2,,,,,,,,,0,,Longo da via,Bom,Sem defeito,Perfeito estado,Seca,Perfeito estado,Faixa de retenção,Não há placas,,Dupla,Canteiro central,,
2020-01-29,11:32:00,SEM VÍTIMA,FINALIZADA,CORDEIRO,AV ENGENHEIRO ABDIAS DE CARVALHO,,,EM FRENTE AO SEM. Nº 058,CORDEIRO,58,SUBURBIO,ABALROAMENTO LONGITUDINAL,SEM VITIMAS,1,,,,,,1,,,0,,Longo da via,Bom,Sem defeito,Perfeito estado,Seca,Perfeito estado,Faixa de pedestre,R-5a,,Dupla,Canteiro central,,
2020-01-29,12:07:00,SEM VÍTIMA,CANCELADA,VÁRZEA,AV AFONSO OLINDENSE,690,,EM FRENTE A CLINICA ATIKA CENTRO DE FISIOTERAPIA,VÁRZEA,,,COLISÃO,COLISÃO SEM VÍTIMA,1,1,,,,,,,,0,,,,,,,,,,,,,,