data,hora,natureza_acidente,situacao,bairro,endereco,numero,detalhe_endereco_acidente,complemento,bairro_cruzamento,num_semaforo,sentido_via,tipo,descricao,auto,moto,ciclom,ciclista,pedestre,onibus,caminhao,viatura,outros,vitimas,vitimasfatais,acidente_verificado,tempo_clima,situacao_semaforo,sinalizacao,condicao_via,conservacao_via,ponto_controle,situacao_placa,velocidade_max_via,mao_direcao,divisao_via1,divisao_via2,divisao_via3
2020-01-31,16:37:00,SEM VÍTIMA,FINALIZADA,MUSTARDINHA,AV MUSTARDINHA,376,RUA APUCARANA,GRANJA GUERALDO DA GALINHA ( COMÉRCIO),MUSTARDINHA,,SUBURBIO,ABALROAMENTO TRANSVERSAL,COLISÃO SEM VÍTIMA,1,1,,,,,,,,0,,Cruzamento,Bom,Não existe,Incompleta,Seca,Mal conservada,Não existe,Não há placas,,Dupla,Não existe,,
2020-01-31,16:46:00,SEM VÍTIMA,FINALIZADA,TAMARINEIRA,RUA SEBASTIAO ALVES,273,,BOTECO E PARRILLA FAACA,TAMARINEIRA,,CIDADE,ABALROAMENTO LONGITUDINAL,COLISÃO SEM VITIMAS,2,,,,,,,,,0,,Longo da via,Bom,Não existe,Incompleta,Seca,Perfeito estado,Não existe,Não há placas,20 km/h,Única,Não existe,,
2020-01-31,16:53:00,SEM VÍTIMA,FINALIZADA,BOA VIAGEM,RUA SETUBAL,124,,EM FRENTE A DROGASIL E IGREJINHA DE BOA VIAGEM,BOA VIAGEM,419,,COLISÃO,COLISÃO SEM VÍTIMA,1,,,,,1,,,,0,,,,,,,,,,,,,,
2020-01-31,17:32:00,SEM VÍTIMA,FINALIZADA,IMBIRIBEIRA,AV MARECHAL MASCARENHAS DE MORAES,4741,,VALK IMPORT SERVICE,IMBIRIBEIRA,,CIDADE,COLISÃO TRASEIRA,ENTRE DOIS AUTOS S/V,2,,,,,,,,,0,,Longo da via,Bom,Não existe,Perfeito estado,Seca,Perfeito estado,Agente,Não há placas,60 km/h,Única,Faixa seccionada,,
2020-01-31,18:00:00,SEM VÍTIMA,FINALIZADA,VASCO DA GAMA,AV VEREADOR OTACILIO AZEVEDO,955,,EM FRENTE AO Nº 955,VASCO DA GAMA,,SUBURBIO,ABALROAMENTO LONGITUDINAL,ENTRE CAMINHÃO E AUTO PASSEIO. S.V,1,,,,,,1,,,0,,Longo da via,Bom,Não existe,Incompleta,Seca,Mal conservada,Não existe,R-6c,,Dupla,Faixa seccionada,,
2020-01-31,18:14:00,COM VÍTIMA,FINALIZADA,MADALENA,AV VISCONDE DE ALBUQUERQUE,,RUA LOPES DE CARVALHO,ASTRAL VEÍCULOS MULTIMARCAS,MADALENA,,CIDADE,ABALROAMENTO TRANSVERSAL,COLISAO COM VITIMAS,1,,,,,1,,,,1,,Cruzamento,Bom,Não existe,Perfeito estado,Seca,Perfeito estado,Não existe,Placas Pare,,Única,Faixa seccionada,,
2020-01-31,18:22:00,COM VÍTIMA,FINALIZADA,BOA VIAGEM,RUA PADRE LEANDRO CAMELO,279,RUA VISCONDE DE JEQUITINHONHA,E/F AO EDF CASABLANCA / AO LADO DO RESTAURANTE PARANOIA DO MAR,BOA VIAGEM,,SUBURBIO,CAPOTAMENTO,CONDUTOR PERDEU O CONTROLE DO VEÍCULO E ACABOU CAPOTANDO O CARRO ATÉ O CANAL. O AUTO PERMANECE NO CANAL. O MESMO SOLICITA A PRESENÇA DA CTTU NO LOCAL. S/V,1,,,,,,,,,1,,Longo da via,Bom,Não existe,Não existente,Seca,Perfeito estado,Não existe,Não há placas,,Única,Faixa seccionada,,
2020-01-31,19:02:00,SEM VÍTIMA,FINALIZADA,PINA,PTE AGAMENON MAGALHAES,,,PRÓXIMO AO CABANGA IATE CLUBE,PINA,,CIDADE,COLISÃO TRASEIRA,ENTRE 2 AUTOS. S/V,2,,,,,,,,,0,,,,,,,,,,,,,,
2020-01-31,19:36:00,SEM VÍTIMA,CANCELADA,CASA AMARELA,AV NORTE,6720,,E/F AO POSTO BR/ APOS A MATERNIDADE BARROS LIMA/ SENTIDO BR101,CASA AMARELA,,,COLISÃO,COLISAO SEM VITIMAS,2,,,,,,,,,0,,,,,,,,,,,,,,
2020-01-31,19:54:00,SEM VÍTIMA,FINALIZADA,GRAÇAS,AV GOVERNADOR AGAMENON MAGALHAES,,RUA JOAQUIM NABUCO,AO LADO DO HOSPITAL DA RESTAURAÇAÕ,GRAÇAS,174,,COLISÃO TRASEIRA,COLISAO SEM VITIMAS,1,,,,,,1,,,0,,Cruzamento,Bom,Sem defeito,Perfeito estado,Seca,Perfeito estado,Faixa de pedestre,Não há placas,60 km/h,Dupla,Faixa contínua,,
2020-01-31,20:20:00,SEM VÍTIMA,CANCELADA,GRAÇAS,AV RUI BARBOSA,965,RUA ALBERTO PAIVA,E/F A PEDRAGON / SEMÁFORO 305,GRAÇAS,,,COLISÃO,,1,1,,,,,,,,0,,,,,,,,,,,,,,
2020-01-31,22:33:00,SEM VÍTIMA,FINALIZADA,MADALENA,RUA ENGENHEIRO LEONARDO ARCOVERDE,,,AO LADO DO Nº 464,MADALENA,,SUBURBIO,CHOQUE VEÍCULO PARADO,VT DA GUARDA SE CHOCOU CONTRA DOIS AUTOS ESTACIONADOS. S/V,3,,,,,,,,,0,,Longo da via,Bom,Não existe,Incompleta,Seca,Perfeito estado,Não existe,Não há placas,,Dupla,Não existe,,
2020-01-31,23:53:00,SEM VÍTIMA,FINALIZADA,BOA VIAGEM,RUA RIBEIRO DE BRITO,972,RUA DOS NAVEGANTES,POR TRÁS DO HOLIDAY,BOA VIAGEM,,SUBURBIO,ABALROAMENTO TRANSVERSAL,COLISAO SEM VITIMAS,2,,,,,,,,,0,,Longo da via,Bom,Não existe,Perfeito estado,Seca,Perfeito estado,Faixa de retenção,Placas Pare,,Única,Faixa seccionada,,
2020-02-01,02:30:00,SEM VÍTIMA,FINALIZADA,BAIRRO DO RECIFE,AV MARQUES DE OLINDA,,CAIS DA ALFANDEGA,,BAIRRO DO RECIFE,165,SUBURBIO,ABALROAMENTO LONGITUDINAL,COLISÃO ENTRE AUTO E CAMINHÃO- SEM VÍTIMAS,1,,,,,,1,,,0,,Cruzamento,Bom,Intermitente,Perfeito estado,Seca,Perfeito estado,Faixa de pedestre,Não há placas,,,Faixa contínua,,
2020-02-01,08:10:00,SEM VÍTIMA,FINALIZADA,SANTO AMARO,AV NORTE,,RUA DA AURORA,,SANTO AMARO,243,SUBURBIO,ABALROAMENTO TRANSVERSAL,SEM VITIMAS,2,,,,,,,,,0,,Cruzamento,Chuvoso,Sem defeito,Perfeito estado,Molhada,Perfeito estado,Faixa de pedestre,R-25d,,Dupla,Faixa contínua,,
2020-02-01,08:10:00,SEM VÍTIMA,CANCELADA,IPSEP,AV RECIFE,2775,,E/F A LOJA IBEX (SENT. BR101),IPSEP,,,COLISÃO,COLISÃO S/VITIMAS ENTRE UM ONIBUS E UM AUTO,1,,,,,1,,,,0,,,,,,,,,,,,,,
2020-02-01,08:45:00,SEM VÍTIMA,FINALIZADA,IMBIRIBEIRA,RUA ITACARI,,RUA ITAJAI,ESQUINA COM A YNOVE,IMBIRIBEIRA,,CIDADE,ABALROAMENTO TRANSVERSAL,COLISÃO S/VITIMAS ENTRE DOIS AUTOS,2,,,,,,,,,0,,Cruzamento,Chuvoso,Não existe,Perfeito estado,Molhada,Perfeito estado,Faixa de pedestre,Placas Pare,,Única,Faixa contínua,,
2020-02-01,09:20:00,SEM VÍTIMA,FINALIZADA,SÃO JOSÉ,C SANTA RITA,,,AO LADO DO GRANDE RECIFE,SÃO JOSÉ,,SUBURBIO,CHOQUE OBJETO FIXO,AUTO CHOCOU-SE COM MURETA,1,,,,,,,,,0,,Longo da via,Chuvoso,Não existe,Perfeito estado,Molhada,Perfeito estado,Não existe,Não há placas,,Dupla,Canteiro central,,
2020-02-01,09:21:00,SEM VÍTIMA,FINALIZADA,DERBY,PRC DO DERBY,,,EM FRENTE AO MEMORIAL DA MEDICINA DE PERNAMBUCO,DERBY,418,CIDADE,ABALROAMENTO LONGITUDINAL,DOIS AUTOS,2,,,,,,,,,0,,Longo da via,Chuvoso,Sem defeito,Perfeito estado,Molhada,Perfeito estado,Faixa de pedestre,Outras,40 km/h,Única,Não existe,,
2020-02-01,09:38:00,SEM VÍTIMA,FINALIZADA,SAN MARTIN,RUA VINTE E UM DE ABRIL,31,,EM FRENTE AO DEPÓSITO DE BEBIDAS JÔ,SAN MARTIN,,SUBURBIO,CHOQUE VEÍCULO PARADO,CHOQUE EM VEICULO ESTACIONADO,2,,,,,,,,,0,,Longo da via,Bom,Não existe,Incompleta,Seca,Mal conservada,Não existe,Não há placas,,Dupla,Não existe,,
2020-02-01,10:15:00,SEM VÍTIMA,FINALIZADA,ENGENHO DO MEIO,RUA SALVADOR VITAL,231,,,ENGENHO DO MEIO,,,CHOQUE VEÍCULO PARADO,CHOQUE COM MURO,2,,,,,,,,,0,,Longo da via,Bom,Não existe,,Seca,Perfeito estado,Não existe,Não há placas,,Dupla,,,
2020-02-01,10:30:00,COM VÍTIMA,FINALIZADA,ÁGUA FRIA,EST VELHA DE AGUA FRIA,1755,,E/F A KI DELICIA E BR BOMBONIERE,ÁGUA FRIA,,CIDADE,COLISÃO TRASEIRA,COLICÃO C/VITIMA ENTRE UMA MOTO E UM AUTO (EVADIU-SE DO LOCAL)//(V.T 06 NO QTH),1,1,,,,,,,,1,,Longo da via,Bom,Não existe,Perfeito estado,Seca,Perfeito estado,Não existe,Não há placas,40 km/h,Única,Faixa seccionada,,
2020-02-01,10:57:00,SEM VÍTIMA,CANCELADA,MADALENA,RUA JOSE OSORIO,865,,EM FRENTE A AUTO CAR RECIFE,MADALENA,,,COLISÃO,DUAS MOTOS,,2,,,,,,,,0,,,,,,,,,,,,,,
2020-02-01,12:35:00,COM VÍTIMA,FINALIZADA,SÃO JOSÉ,RUA IMPERIAL,1194,,E/F PANIFICADORA PÃO PÃO,SÃO JOSÉ,,SUBURBIO,COLISÃO TRASEIRA,COLISAO COM VITIMAS,1,1,,,,,,,,2,,Longo da via,Bom,Não existe,Perfeito estado,Seca,Perfeito estado,Não existe,Outras,60 km/h,Única,Faixa seccionada,,
2020-02-01,12:56:00,SEM VÍTIMA,FINALIZADA,CASA AMARELA,RUA PADRE LEMOS,319,,EM FRENTE A CAIXA ECONÔMICA FEDERAL,CASA AMARELA,,SUBURBIO,ABALROAMENTO LONGITUDINAL,COLISÃO SEM VÍTIMA,2,,,,,,,,,0,,Longo da via,Bom,Não existe,Perfeito estado,Seca,Mal conservada,Não existe,R-6a,,Dupla,Não existe,,
2020-02-01,13:49:00,SEM VÍTIMA,FINALIZADA,IMBIRIBEIRA,AV MARECHAL MASCARENHAS DE MORAES,,,SOB O SEMÁFORO 218,IMBIRIBEIRA,218,SUBURBIO,COLISÃO TRASEIRA,COLISAO SEM VITIMAS,1,1,,,,,,,,0,,Longo da via,Bom,Com defeito,Perfeito estado,Seca,Perfeito estado,Faixa de pedestre,Outras,60 km/h,Dupla,Canteiro central,,
2020-02-01,16:50:00,SEM VÍTIMA,FINALIZADA,CURADO,AV PREFEITO ANTONIO PEREIRA,,RUA MINISTRO MARIO ANDREAZZA,,CURADO,,,ABALROAMENTO TRANSVERSAL,COLISÃO SEM VÍTIMA,1,1,,,,,,,,0,,,Bom,Não existe,Não existente,Seca,Perfeito estado,Não existe,Não há placas,,Única,Não existe,,
2020-02-01,17:51:00,COM VÍTIMA,FINALIZADA,BOA VIAGEM,RUA COSMORAMA,,AV ARMINDO MOURA,AO LADO DA VILA MILITAR DA AERONAUTICA/ PROX AO COMAR,BOA VIAGEM,441,SUBURBIO,COLISÃO COM CICLISTA,AUTO E BICICLETA.,1,,,1,,,,,,1,,Cruzamento,Bom,Sem defeito,Perfeito estado,Seca,Perfeito estado,Faixa de pedestre,,,,,,
2020-02-01,18:53:00,SEM VÍTIMA,FINALIZADA,BAIRRO DO RECIFE,AV ALFREDO LISBOA,,,POSTO BR,BAIRRO DO RECIFE,,SUBURBIO,ABALROAMENTO LONGITUDINAL,CAMINHÃO X AUTO PASSEIO S/V,1,,,,,,1,,,0,,Longo da via,Bom,Não existe,Perfeito estado,Seca,Perfeito estado,Não existe,Não há placas,30 km/h,Única,Faixa contínua,,
2020-02-01,22:15:00,COM VÍTIMA,FINALIZADA,BOA VIAGEM,AV ENGENHEIRO DOMINGOS FERREIRA,844,,EMPRESARIAL DOMIGOS FERREIRAS,BOA VIAGEM,,SUBURBIO,ATROPELAMENTO,MOTO X PEDESTRE,,1,,,1,,,,,2,,Longo da via,Bom,Não existe,Perfeito estado,Seca,Perfeito estado,Não existe,Não há placas,,Única,Canteiro central,,
2020-02-01,22:27:00,SEM VÍTIMA,FINALIZADA,BREJO DA GUABIRABA,RUA Z,8,,ECO POSTOS,BREJO DA GUABIRABA,,SUBURBIO,ABALROAMENTO LONGITUDINAL,ENTRE AUTO PASSEIO X CAMINHÃO,1,,,,,,1,,,0,,Longo da via,Bom,Não existe,Não existente,Seca,Mal conservada,Não existe,Não há placas,,Dupla,Não existe,,
2020-02-01,22:48:00,COM VÍTIMA,FINALIZADA,CAJUEIRO,AV BEBERIBE,3331,,ENF ACADEMIA DA CIDADE,CAJUEIRO,388,SUBURBIO,ABALROAMENTO TRANSVERSAL,DUAS MOTOS,,2,,,,,,,,1,,Cruzamento,Bom,Sem defeito,Perfeito estado,Seca,Perfeito estado,Faixa de pedestre,Não há placas,,Dupla,Canteiro central,,
2020-02-01,23:47:00,COM VÍTIMA,FINALIZADA,MADALENA,RUA REAL DA TORRE,361,RUA MANUEL BEZERRA,PROX AO TUNEL DA ABOLIÇAO,MADALENA,237,,COLISÃO,MOTO X FOX BRANCO,1,1,,,,,,,,1,,,,,,,,,,,,,,
2020-02-02,00:20:00,SEM VÍTIMA,FINALIZADA,BOA VIAGEM,RUA DOS NAVEGANTES,,RUA ERNESTO DE PAULA SANTOS,,BOA VIAGEM,,SUBURBIO,ABALROAMENTO TRANSVERSAL,COLISÃO ENTRE DOIS AUTOS- S/V,2,,,,,,,,,0,,Cruzamento,Bom,Não existe,Perfeito estado,Seca,Perfeito estado,Não existe,Placas Pare,,Única,Faixa seccionada,,
2020-02-02,07:53:00,COM VÍTIMA,FINALIZADA,CAXANGÁ,AV JOAQUIM RIBEIRO,740,,AGUA MINERAL CAXANGA,CAXANGÁ,,SUBURBIO,COLISÃO COM CICLISTA,COLISAO COM VITIMA. VEICULO E CICLISTA,1,,,1,,,,,,1,,Longo da via,Chuvoso,Não existe,Perfeito estado,Seca,Perfeito estado,Não existe,Não há placas,,Dupla,Canteiro central,,
2020-02-02,08:32:00,SEM VÍTIMA,FINALIZADA,MACAXEIRA,AV NORTE,7051,,POSTO SOLAR,MACAXEIRA,,CIDADE,COLISÃO TRASEIRA,SEM VITIMAS,2,,,,,,,,,0,,Longo da via,Bom,Sem defeito,Perfeito estado,Seca,Perfeito estado,Outros,Outras,60 km/h,Única,Faixa seccionada,,
2020-02-02,09:07:00,COM VÍTIMA,FINALIZADA,PINA,VIADUTO CAPITAO TEMUDO,,,EM CIMA DO VIATUDO/ SENTIDO BOA VIAGEM,PINA,,SUBURBIO,ABALROAMENTO LONGITUDINAL,COLISÃO COM VÍTIMA,1,1,,,,,,,,2,,Longo da via,Bom,Não existe,Não existente,Seca,Perfeito estado,Não existe,Não há placas,60 km/h,Dupla,Canteiro central,,
2020-02-02,10:06:00,COM VÍTIMA,FINALIZADA,ESTÂNCIA,AV DR JOSE RUFINO,,,APOS O COLEGIO VISAO EM FRENTE A PADARIA SITIENCE,ESTÂNCIA,,SUBURBIO,ATROPELAMENTO,ATROPELAMENTO ENTRE ONIBUS E PEDESTRE,,,,,1,1,,,,1,,Longo da via,Bom,Não existe,Perfeito estado,Seca,Perfeito estado,Não existe,R-6a,60 km/h,Dupla,Faixa contínua,,
2020-02-02,13:04:00,SEM VÍTIMA,FINALIZADA,ALTO SANTA TERESINHA,AV ANIBAL BENEVOLO,700,,,ALTO SANTA TERESINHA,,SUBURBIO,ABALROAMENTO LONGITUDINAL,COLISÃO SEM VITIMA,1,,,,,1,,,,0,,Longo da via,Bom,Não existe,Incompleta,Seca,Mal conservada,Não existe,R-6c,,Dupla,Faixa contínua,,
2020-02-02,13:06:00,SEM VÍTIMA,FINALIZADA,AFOGADOS,RUA SAO MIGUEL,116,RUA PEDRO CABRAL DE OLIVEIRA,OPOSTO AO CARTORIO DE AFOGADOS,AFOGADOS,,CIDADE,ABALROAMENTO TRANSVERSAL,COLISÃO SEM VITIMA,1,,,,,1,,,,0,,Longo da via,Bom,Não existe,Perfeito estado,Seca,Perfeito estado,Agente,R-3,40 km/h,Dupla,Faixa seccionada,,
2020-02-02,13:38:00,COM VÍTIMA,FINALIZADA,TAMARINEIRA,RUA CONEGO BARATA,858,,PROX. DO DENOX E O FITEIRO SÃO JOSÉ. DNOCS.,TAMARINEIRA,,AV NORTE,COLISÃO COM CICLISTA,AUTO PASSEIO E CICLISTA,1,,,1,,,,,,1,,Longo da via,Bom,Não existe,Perfeito estado,Seca,Perfeito estado,Não existe,Não há placas,40 km/h,Dupla,Faixa contínua,,
2020-02-02,14:03:00,SEM VÍTIMA,FINALIZADA,IBURA,AV SANTA FE,541,AV ANGRA DOS REIS,ESCOLA PADRE LEBRET,IBURA,,SUBURBIO,CHOQUE OBJETO FIXO,VIATURA DA PM CHOCOU-SE COM PORTÃO DE RESIDENCIA/ SEM VÍTIMA,1,,,,,,,,,0,,Longo da via,Bom,Não existe,Perfeito estado,Seca,Perfeito estado,Não existe,Não há placas,,Dupla,Faixa seccionada,,
2020-02-02,14:43:00,SEM VÍTIMA,FINALIZADA,SAN MARTIN,RUA COMENDADOR FRANCO FERREIRA,105,RUA DUARTE FILHO,,SAN MARTIN,,CIDADE,CHOQUE OBJETO FIXO,COLISÃO SEM VITIMA,2,,,,,,,,,0,,Cruzamento,Bom,Não existe,Incompleta,Seca,Perfeito estado,Não existe,Placas Pare,30 km/h,Dupla,Não existe,,
2020-02-02,15:03:00,SEM VÍTIMA,FINALIZADA,PRADO,RUA JOAO IVO DA SILVA,,RUA PADRE TEOFILO TWORZ,TUPAN - AFOGADOS,PRADO,503,SUBURBIO,ABALROAMENTO TRANSVERSAL,SEM VITIMAS,2,,,,,,,,,0,,Longo da via,Bom,Sem defeito,Perfeito estado,Seca,Perfeito estado,Faixa de pedestre,Outras,,Única,Faixa seccionada,,
2020-02-02,16:00:00,SEM VÍTIMA,FINALIZADA,BARRO,AV DR JOSE RUFINO,2116,,SOB O SEMÁFORO,BARRO,213,SUBURBIO,COLISÃO TRASEIRA,COLISÃO SEM VÍTIMA,2,,,,,,,,,0,,Longo da via,Bom,Sem defeito,Perfeito estado,Seca,Perfeito estado,Faixa de pedestre,Outras,40 km/h,Dupla,Faixa seccionada,,
2020-02-02,19:46:00,SEM VÍTIMA,FINALIZADA,ESPINHEIRO,RUA DO ESPINHEIRO,533,,APÓS O POSTO DE GASOLINA IPIRANGA,ESPINHEIRO,,SUBURBIO,COLISÃO TRASEIRA,,2,,,,,,,,,0,,Longo da via,Bom,Não existe,Perfeito estado,Seca,Perfeito estado,Não existe,Não há placas,,Única,Faixa seccionada,,
2020-02-03,06:54:00,SEM VÍTIMA,FINALIZADA,,RUA JOAO FERNANDES VIEIRA,,,EM FRENTE A DROGARIA SÃO PAULO,,,CIDADE,COLISÃO TRASEIRA,COLISÃO ENTRE DOIS AUTOS SEM VÍTIMAS,2,,,,,,,,,0,,Longo da via,Bom,Não existe,Não existente,Seca,Perfeito estado,Não existe,Não há placas,,Única,Não existe,,
2020-02-03,07:51:00,SEM VÍTIMA,CANCELADA,GRAÇAS,AV GOVERNADOR AGAMENON MAGALHAES,,,McDONALD'S,GRAÇAS,,OLINDA,COLISÃO,COLISÃO SEM VITIMA,0,,,,,,,,,0,,,,,,,,,,,,,,
2020-02-03,08:41:00,SEM VÍTIMA,FINALIZADA,MADALENA,AV JOSE GONCALVES DE MEDEIROS,,,SAÍDA DO ESTACIONAMENTO DO MERCADO EXTRA,MADALENA,,CIDADE,ABALROAMENTO LONGITUDINAL,COLISÃO SEM VÍTIMAS ENTRE 2 AUTOS,2,,,,,,,,,0,,Longo da via,Bom,Não existe,Perfeito estado,Seca,Perfeito estado,Não existe,Não há placas,,Dupla,Faixa contínua,,
2020-02-03,08:46:00,SEM VÍTIMA,CANCELADA,TORRE,RUA CONDE DE IRAJA,,,COM A BEIRA RIO,TORRE,,,COLISÃO,COLISÃO SEM VÍTIMAS ENTRE 2 AUTOS,2,,,,,,,,,0,,,,,,,,,,,,,,
2020-02-03,09:04:00,SEM VÍTIMA,CANCELADA,BOA VISTA,RUA JOAO FERNANDES VIEIRA,,,EM FRENTE AO HOSPITAL DE FRATURAS,BOA VISTA,,,COLISÃO,COLISÃO SEM VÍTIMAS ENTRE 2 AUTOS,2,,,,,,,,,0,,,,,,,,,,,,,,
2020-02-03,10:43:00,SEM VÍTIMA,FINALIZADA,ENCRUZILHADA,RUA QUARENTA E OITO,1000,,EM FRENTE AO EDF MUNIQUE,ENCRUZILHADA,,CIDADE,ABALROAMENTO LONGITUDINAL,COLISÃO SEM VITIMA,2,,,,,,,,,0,,Longo da via,Bom,Não existe,Perfeito estado,Seca,Perfeito estado,Não existe,R-6a,,Única,Faixa seccionada,,
2020-02-03,12:57:00,SEM VÍTIMA,FINALIZADA,ILHA DO RETIRO,AV ENGENHEIRO ABDIAS DE CARVALHO,,EST DOS REMEDIOS,EM FRENTE AO BOB'S,ILHA DO RETIRO,52,,COLISÃO TRASEIRA,DOIS AUTOS SEM VÍTIMAS,2,,,,,,,,,0,,Longo da via,Bom,Sem defeito,Perfeito estado,Seca,Perfeito estado,Agente,,60 km/h,Dupla,Canteiro central,,
2020-02-03,13:19:00,SEM VÍTIMA,CANCELADA,AFOGADOS,RUA VISCONDE DE PELOTAS,25,,PROXIMO A NANDO MOTOS,AFOGADOS,,,COLISÃO,COLISÃO SEM VITIMA,2,,,,,,,,,0,,,,,,,,,,,,,,
2020-02-03,13:21:00,SEM VÍTIMA,FINALIZADA,CORDEIRO,AV CAXANGA,1417,,,CORDEIRO,,SUB/CID,COLISÃO TRASEIRA,ENGAVETAMENTO,4,,,,,,,,,0,,Longo da via,Bom,,Perfeito estado,Seca,Perfeito estado,Não existe,Não há placas,,Dupla,Canteiro central,,
2020-02-03,15:12:00,SEM VÍTIMA,FINALIZADA,ILHA DO RETIRO,RUA SPORT CLUBE DO RECIFE,,RUA PROFESSOR BENEDITO MONTEIRO,EM FRENTE AO SPORT CLUB DO RECIFE,ILHA DO RETIRO,481,,ABALROAMENTO LONGITUDINAL,COLISÃI SEM VITIMA,2,,,,,,,,,0,,Cruzamento,Bom,Sem defeito,Perfeito estado,Seca,Perfeito estado,Não existe,R-6a,,Dupla,Canteiro central,,
2020-02-03,16:52:00,COM VÍTIMA,FINALIZADA,SANTO ANTÔNIO,RUA FLORIANO PEIXOTO,155,,EM FRENTE A CASA DA CULTURA. HONDA MOTOPARTS,SANTO ANTÔNIO,668,SUBURBIO,COLISÃO TRASEIRA,AUTO E ÔNIBUS,1,,,,,1,,,,1,,Longo da via,Bom,Sem defeito,Perfeito estado,Seca,Perfeito estado,Faixa de pedestre,R-6a,,Única,Faixa contínua,Faixa seccionada,
2020-02-03,17:24:00,COM VÍTIMA,FINALIZADA,JOANA BEZERRA,AV DES GUERRA BARRETO,,,FORUM DESEMBARGADOR RODOLFO AURELIANO.,JOANA BEZERRA,,CIDADE,ABALROAMENTO LONGITUDINAL,COM VÍTIMA,1,1,,,,,,,,1,,Longo da via,Bom,Não existe,Perfeito estado,Seca,Perfeito estado,Faixa de pedestre,Outras,,Dupla,Faixa contínua,,
2020-02-03,17:28:00,SEM VÍTIMA,FINALIZADA,BOA VISTA,RUA DO HOSPICIO,,AV CONDE DA BOA VISTA,SOB O SEMÁFORO 023,BOA VISTA,23,CIDADE,ABALROAMENTO LONGITUDINAL,COLISÃO SEM VITIMA,1,,,,,,1,,,0,,Longo da via,Bom,Sem defeito,Perfeito estado,Seca,Perfeito estado,,Outras,,Única,Não existe,,
2020-02-03,17:49:00,SEM VÍTIMA,FINALIZADA,BOA VISTA,RUA PRINCESA IZABEL,,RUA DO HOSPICIO,,BOA VISTA,31,CIDADE,ABALROAMENTO LONGITUDINAL,COLISÃO SEM VITIMA,,,,,,2,,,,0,,Cruzamento,Bom,Sem defeito,Perfeito estado,Seca,Perfeito estado,Agente,Outras,,Única,Faixa seccionada,,
2020-02-03,18:50:00,SEM VÍTIMA,FINALIZADA,BOA VISTA,AV MONTEVIDEU,644,,EM FRENTE AO ESTACIONAMENTO DO HOSPITAL DE FRATURAS,BOA VISTA,,,COLISÃO TRASEIRA,QUATRO AUTOS S/VITIMA,4,,,,,,,,,0,,Longo da via,Bom,Não existe,Perfeito estado,Seca,Perfeito estado,Não existe,Não há placas,,Única,Faixa contínua,,
2020-02-03,19:36:00,SEM VÍTIMA,FINALIZADA,COHAB,AV SAO PAULO,,,NO TERMINAL DE ONIBUS TRES CARNEIRO,COHAB,,SUBURBIO,ABALROAMENTO LONGITUDINAL,CITROEN X ONIBUS,1,,,,,1,,,,0,,Longo da via,Bom,Não existe,Perfeito estado,Seca,Perfeito estado,Não existe,Outras,20 km/h,Dupla,Não existe,,
2020-02-03,19:33:00,COM VÍTIMA,FINALIZADA,SANTO AMARO,RUA DOS PALMARES,,RUA TREZE DE MAIO,,SANTO AMARO,30,CIDADE,ABALROAMENTO TRANSVERSAL,AUTO X MOTO,1,1,,,,,,,,1,,Cruzamento,Bom,Sem defeito,Perfeito estado,Seca,Perfeito estado,Não existe,R-4a,,Dupla,Faixa seccionada,,
2020-02-03,20:09:00,COM VÍTIMA,FINALIZADA,MADALENA,RUA RICARDO SALAZAR,,RUA CARLOS GOMES,CRUZAMENTO COM A RUA CARLOS GOMES,MADALENA,623,SUBURBIO,ABALROAMENTO TRANSVERSAL,JIPE X PEUJEOT,2,,,,,,,,,1,,Cruzamento,Bom,Sem defeito,Ilegível,Seca,Mal iluminada,Faixa de pedestre,Não há placas,,Dupla,Canteiro central,,
2020-02-03,20:37:00,SEM VÍTIMA,FINALIZADA,PINA,AVENIDA CELSO FURTADO (VIA MANGUE),,,EM FRENTE AO 19° BPM,PINA,,CIDADE,ABALROAMENTO LONGITUDINAL,AUTO X MOTO (ENVOLVE VIATURA DA CASA MILITAR),1,1,,,,,,,,0,,Longo da via,Bom,Não existe,Perfeito estado,Seca,Perfeito estado,Não existe,Não há placas,60 km/h,Dupla,Blocos,,
2020-02-03,21:14:00,SEM VÍTIMA,CANCELADA,VÁRZEA,AV GENERAL JOSE MARIA LATINO,,,NA ENTRADA DA INTEGRAÇAO DE ONIBUS,VÁRZEA,,,COLISÃO,MICRO-ONIBUS X TOYOTA,1,,,,,1,,,,0,,,,,,,,,,,,,,
2020-02-04,07:11:00,COM VÍTIMA,FINALIZADA,SANTO AMARO,AV CRUZ CABUGA,449,RUA ARARIPINA,ARMAZÉM CORAL,SANTO AMARO,,CIDADE,COLISÃO TRASEIRA,COM VÍTIMA,1,1,,,,,,,,2,,Longo da via,Bom,Sem defeito,Perfeito estado,Seca,Perfeito estado,,Outras,,Dupla,Faixa contínua,,