data,hora,natureza_acidente,situacao,bairro,endereco,numero,detalhe_endereco_acidente,complemento,bairro_cruzamento,num_semaforo,sentido_via,tipo,descricao,auto,moto,ciclom,ciclista,pedestre,onibus,caminhao,viatura,outros,vitimas,vitimasfatais,acidente_verificado,tempo_clima,situacao_semaforo,sinalizacao,condicao_via,conservacao_via,ponto_controle,situacao_placa,velocidade_max_via,mao_direcao,divisao_via1,divisao_via2,divisao_via3
2020-02-07,07:55:00,SEM VÍTIMA,FINALIZADA,JARDIM SÃO PAULO,RUA ITALACY,188,,IGREJA ASSEMBLEIA DE DEUS,JARDIM SÃO PAULO,,,CHOQUE VEÍCULO PARADO,SEM VITIMAS,1,,,,,,1,,,0,,Longo da via,Bom,Não existe,,Seca,Perfeito estado,,,,Dupla,Não existe,,
2020-02-07,08:04:00,COM VÍTIMA,FINALIZADA,MANGUEIRA,RUA MANOEL DE ALBUQUERQUE FERNANDES,1364,RUA VICENTE RIBEIRO DE BARROS,E/F DROGARIA BONGI,MANGUEIRA,,CIDADE,ATROPELAMENTO,AUTO,1,,,,1,,,,,1,,Longo da via,Bom,Não existe,Não existente,Seca,Perfeito estado,Não existe,Não há placas,,Dupla,Não existe,,
2020-02-07,08:55:00,SEM VÍTIMA,FINALIZADA,SANTO AMARO,AV NORTE,627,,,SANTO AMARO,,CIDADE,COLISÃO TRASEIRA,COLISÃO S/VITIMAS ENTRE UM ONIBUS E UM AUTO (BATEDOR FELISBERTO NO QTH),1,,,,,1,,,,0,,Longo da via,Bom,Não existe,Perfeito estado,Seca,Perfeito estado,Não existe,Não há placas,60 km/h,Dupla,Canteiro central,,
2020-02-07,09:08:00,SEM VÍTIMA,FINALIZADA,MADALENA,RUA REAL DA TORRE,955,RUA COSTA GOMES,EDF MARIA CAROLINA MONTENEGRO,MADALENA,,CIDADE,ABALROAMENTO LONGITUDINAL,SEM VITIMAS,2,,,,,,,,,0,,Longo da via,Bom,Não existe,Perfeito estado,Seca,Perfeito estado,Não existe,Placas Pare,,Única,Faixa seccionada,,
2020-02-07,09:11:00,SEM VÍTIMA,FINALIZADA,SÃO JOSÉ,AV SUL,,,PRÓX. A SECRETARIA DA FAZENDA,SÃO JOSÉ,,CIDADE,COLISÃO TRASEIRA,COLISAO S/ VITIMA. ENTRE DOIS VEICULOS,2,,,,,,,,,0,,Longo da via,Bom,Não existe,Perfeito estado,Seca,Perfeito estado,Não existe,Não há placas,,Dupla,Faixa seccionada,Canteiro central,
2020-02-07,09:39:00,SEM VÍTIMA,FINALIZADA,AFOGADOS,RUA SAO MIGUEL,432,,,AFOGADOS,,CIDADE,ABALROAMENTO LONGITUDINAL,COLISÃO S/VITIMAS ENTRE UM CAMINHÃO E UM AUTO (V.T 17 NO QTH),1,,,,,1,,,,0,,Longo da via,Bom,Não existe,Perfeito estado,Seca,Perfeito estado,Não existe,Não há placas,,Dupla,Faixa contínua,,
2020-02-07,11:18:00,SEM VÍTIMA,FINALIZADA,BOA VIAGEM,AV DOM JOAO VI,968,,BIG BOMPREÇO,BOA VIAGEM,670,CIDADE,ABALROAMENTO LONGITUDINAL,COLISÃO S/VITIMAS ENTRE UM CAMINHÃO E UM AUTO,1,,,,,,1,,,0,,Longo da via,Bom,Sem defeito,Perfeito estado,Seca,Perfeito estado,Não existe,Não há placas,,Dupla,Canal,,
2020-02-07,11:53:00,SEM VÍTIMA,FINALIZADA,IMBIRIBEIRA,AV MARECHAL MASCARENHAS DE MORAES,5001,,MOTO HOUSE,IMBIRIBEIRA,,CIDADE,ABALROAMENTO LONGITUDINAL,COLISÃO S/VITIMAS ENTRE UM ONIBUS E UM AUTO,1,,,,,1,,,,0,,Longo da via,Bom,Não existe,Perfeito estado,Seca,Perfeito estado,Não existe,Outras,60 km/h,Dupla,Faixa contínua,Faixa seccionada,Canteiro central
2020-02-07,11:57:00,COM VÍTIMA,FINALIZADA,MADALENA,AV BEIRA RIO,1041,,EM FRENTE AO EDF ENGENHO MADALENA,MADALENA,,TORRE,ABALROAMENTO LONGITUDINAL,COM UMA VITIMA AGUARDANDO SAMU,1,1,,,,,,,,1,,Longo da via,Bom,Não existe,Perfeito estado,Seca,,Não existe,Não há placas,30 km/h,Dupla,Faixa seccionada,,
2020-02-07,11:57:00,SEM VÍTIMA,FINALIZADA,ARRUDA,RUA DO MACHADO,,RUA MANOEL SILVA,,ARRUDA,,,ABALROAMENTO TRANSVERSAL,COLISAO S/ VITIMA ENTRE DOIS VEICULOS,2,,,,,,,,,0,,Cruzamento,Bom,Não existe,Perfeito estado,Seca,Perfeito estado,Faixa de retenção,Placas Pare,,Dupla,Faixa seccionada,,
2020-02-07,12:19:00,SEM VÍTIMA,FINALIZADA,IMBIRIBEIRA,AV MARECHAL MASCARENHAS DE MORAES,2156,RUA NAPOLIS,,IMBIRIBEIRA,,SUBURBIO,ABALROAMENTO LONGITUDINAL,COLISAO SEM VITIMAS,1,,,,,,1,,,0,,Cruzamento,Bom,Não existe,Perfeito estado,Seca,Perfeito estado,Não existe,Não há placas,60 km/h,Dupla,Canteiro central,,
2020-02-07,12:29:00,SEM VÍTIMA,FINALIZADA,DERBY,AV GOVERNADOR AGAMENON MAGALHAES,,RUA HENRIQUE DIAS,SOB O SEMÁFORO 068,DERBY,68,SUBURBIO,COLISÃO TRASEIRA,QUATROS AUTOS S/V,4,,,,,,,,,0,,Cruzamento,Bom,Sem defeito,Perfeito estado,Seca,Perfeito estado,,Outras,60 km/h,Única,Faixa seccionada,,
2020-02-07,12:35:00,SEM VÍTIMA,FINALIZADA,DERBY,AV GOVERNADOR AGAMENON MAGALHAES,,,E/F A PRAÇA DO DERBY,DERBY,75,CIDADE,ABALROAMENTO LONGITUDINAL,COLISAO SEM VITIMAS,1,,,,,1,,,,0,,Longo da via,Bom,Sem defeito,Perfeito estado,Seca,Perfeito estado,Não existe,Não há placas,60 km/h,Dupla,Canteiro central,,
2020-02-07,13:05:00,SEM VÍTIMA,FINALIZADA,PARNAMIRIM,RUA JOAO TUDE DE MELO,,,E/F AO SHOPPING PARNAMIRIM,PARNAMIRIM,,SUBURBIO,COLISÃO TRASEIRA,COLISAO SEM VITIMAS,3,,,,,,,,,0,,Longo da via,Bom,Não existe,Perfeito estado,Seca,Perfeito estado,Não existe,Não há placas,40 km/h,Dupla,Canteiro central,,
2020-02-07,13:14:00,SEM VÍTIMA,FINALIZADA,IMBIRIBEIRA,RUA SARGENTO SILVINO DE MACEDO,481,,EM FRENTE AO CAMPO,IMBIRIBEIRA,,SUBURBIO,COLISÃO TRASEIRA,COLISAO SEM VITIMAS,2,,,,,,,,,0,,Longo da via,Bom,Não existe,Não existente,Seca,Perfeito estado,Não existe,Não há placas,,Dupla,Não existe,,
2020-02-07,13:17:00,COM VÍTIMA,FINALIZADA,ILHA DO LEITE,AV GOVERNADOR AGAMENON MAGALHAES,4581,RUA GENERAL JOAQUIM INACIO,,ILHA DO LEITE,69,CIDADE,COLISÃO TRASEIRA,COLISÃO COM VITIMA,1,1,,,,,,,,1,,Longo da via,Bom,Sem defeito,Perfeito estado,Seca,Perfeito estado,Agente,Outras,60 km/h,Dupla,Canal,,
2020-02-07,13:50:00,SEM VÍTIMA,CANCELADA,CASA AMARELA,RUA FERNANDO DE SOUZA CAETE,301,,E/F A PRAÇA DO TRABALHO,CASA AMARELA,,,CHOQUE OBJETO FIXO,VEICULO COLIDIU COM A PAREDE/ VEICULO DA DICON E SEMOC,1,,,,,,,,,0,,,,,,,,,,,,,,
2020-02-07,14:23:00,SEM VÍTIMA,FINALIZADA,AREIAS,AV RECIFE,,AV CAPITAO GREGORIO DE CALDAS,BIG BROMPREÇO,AREIAS,494,SUBURBIO,ABALROAMENTO TRANSVERSAL,COLISAO SEM VITIMAS,1,,,,,1,,,,0,,Longo da via,Bom,Sem defeito,Perfeito estado,Seca,Perfeito estado,Faixa de pedestre,Outras,,Única,Faixa seccionada,,
2020-02-07,14:51:00,SEM VÍTIMA,FINALIZADA,BOA VISTA,RUA DA SOLEDADE,,,SOB O SEMÁFORO Nº 220,BOA VISTA,220,SUBURBIO,ABALROAMENTO LONGITUDINAL,ENTRE DOIS AUTOS S/V,2,,,,,,,,,0,,Longo da via,Bom,Sem defeito,Perfeito estado,Seca,Perfeito estado,Faixa de pedestre,R-6a,,Única,Não existe,,
2020-02-07,14:57:00,COM VÍTIMA,FINALIZADA,IMBIRIBEIRA,RUA ITAJAI,,RUA ITACARI,PPR TRÁS DA MOVIDA/ AO LADO DO ITAU,IMBIRIBEIRA,,SUBURBIO,ABALROAMENTO LONGITUDINAL,ENTRE AUTO PASSEIO X MOTO COM VÍTIMA,1,1,,,,,,,,1,,Cruzamento,Bom,Não existe,Perfeito estado,Seca,Perfeito estado,Não existe,Não há placas,,Única,Faixa contínua,,
2020-02-07,15:11:00,SEM VÍTIMA,FINALIZADA,AFOGADOS,RUA SANTOS ARAUJO,,,POSTO BRAZ PETRO,AFOGADOS,333,,COLISÃO TRASEIRA,ENTRE AUTO PASSEIO X MOTO S/V,1,1,,,,,,,,0,,Longo da via,Bom,Sem defeito,Perfeito estado,Seca,Perfeito estado,Faixa de pedestre,Outras,,Única,Faixa seccionada,,
2020-02-07,15:14:00,COM VÍTIMA,FINALIZADA,BOA VISTA,RUA DO PROGRESSO,465,RUA GONCALVES MAIA,E/F AO CONSULADO AMERICANO. VILLA EMPRESARIAL BOA VISTA.,BOA VISTA,,AV. MANOEL BORBA,ABALROAMENTO LONGITUDINAL,COLISAO COM VITIMAS,1,1,,,,,,,,1,,Cruzamento,Bom,Não existe,Incompleta,Seca,Perfeito estado,Não existe,Outras,40 km/h,Única,Não existe,,
2020-02-07,15:44:00,SEM VÍTIMA,FINALIZADA,BOA VIAGEM,AV CONSELHEIRO AGUIAR,,RUA CORONEL BENEDITO CHAVES,,BOA VIAGEM,114,,ABALROAMENTO TRANSVERSAL,COLISAO SEM VITIMAS,2,,,,,,,,,0,,Cruzamento,Bom,Sem defeito,Perfeito estado,Seca,Perfeito estado,Faixa de pedestre,Outras,60 km/h,Única,Faixa contínua,,
2020-02-07,15:52:00,SEM VÍTIMA,CANCELADA,CORDEIRO,AV ENGENHEIRO ABDIAS DE CARVALHO,,,E/F AO CAMARAO DO LEO,CORDEIRO,,CIDADE,COLISÃO,COLISAO SEM VITIMAS,2,,,,,,,,,0,,,,,,,,,,,,,,
2020-02-07,16:13:00,SEM VÍTIMA,CANCELADA,BOA VIAGEM,RUA ATLANTICO,,,E/F AO BODE PRAIA,BOA VIAGEM,,,COLISÃO,COLISAO SEM VITIMAS,2,,,,,,,,,0,,,,,,,,,,,,,,
2020-02-07,16:45:00,COM VÍTIMA,FINALIZADA,CAMPO GRANDE,RUA OLIVEIRA FONSECA,,RUA MARQUES DE ABRANTES,PROX A IGREJA NOSSA SENHORA DO BOM PARTO,CAMPO GRANDE,,SUBURBIO,ABALROAMENTO TRANSVERSAL,COLISAO COM VITIMAS,,1,,,,1,,,,2,,Cruzamento,Bom,Não existe,Incompleta,Seca,Perfeito estado,Não existe,Não há placas,,Dupla,Não existe,,
2020-02-07,16:46:00,SEM VÍTIMA,PENDENTE,CASA AMARELA,AV DR EURICO CHAVES,712,,E/F A IGREJA CATOLICA DE CASA AMARELA,CASA AMARELA,,,COLISÃO,ENTRE MOTO X AUTO PASSEIO S/V,1,1,,,,,,,,0,,,,,,,,,,,,,,
2020-02-07,17:21:00,SEM VÍTIMA,CANCELADA,ÁGUA FRIA,AV BEBERIBE,2306,,E/F AO SUPERMERCADO DOIS IRMÃOS,ÁGUA FRIA,,,COLISÃO,ENTRE DOIS AUTOS S/V,2,,,,,,,,,0,,,,,,,,,,,,,,
2020-02-07,17:39:00,COM VÍTIMA,FINALIZADA,ILHA JOANA BEZERRA,VIADUTO CAPITAO TEMUDO,,,PROXIMO A PASSARELA E AO FÓRUM JOANA BEZERRA,ILHA JOANA BEZERRA,,SUBURBIO,ATROPELAMENTO,COLISÃO COM VÍTIMA,,1,,,1,,,,,2,,Longo da via,Bom,Não existe,Perfeito estado,Seca,Perfeito estado,Não existe,Não há placas,,Dupla,Faixa seccionada,Canteiro central,
2020-02-07,17:46:00,COM VÍTIMA,FINALIZADA,CORDEIRO,EST DO FORTE DO ARRAIAL N. DO B. JESUS,,RUA PROFESSORA LAURA FERREIRA DA COSTA,E/F A PRC DO QUINZE. andreza ótica,CORDEIRO,,SUBURBIO,ABALROAMENTO TRANSVERSAL,ENTRE AUTO PASSEIO X MOTO COM VÍTIMA,1,1,,,,,,,,1,,Cruzamento,Bom,Não existe,Incompleta,Seca,Perfeito estado,Não existe,Não há placas,,Dupla,Faixa contínua,,
2020-02-07,18:20:00,SEM VÍTIMA,FINALIZADA,IMBIRIBEIRA,AV MARECHAL MASCARENHAS DE MORAES,,,SEMINOVOS MOVIDA,IMBIRIBEIRA,255,SUBURBIO,ABALROAMENTO LONGITUDINAL,DOIS AUTOS,2,,,,,,,,,0,,Longo da via,Bom,Sem defeito,Perfeito estado,Seca,Perfeito estado,Faixa de pedestre,Outras,60 km/h,Dupla,Faixa seccionada,Canteiro central,
2020-02-07,18:25:00,SEM VÍTIMA,FINALIZADA,AFOGADOS,AV SUL,,RUA NICOLAU PEREIRA,AO LADO DA CLÍNICA AGAMENON MAGALHÃES,AFOGADOS,,,ABALROAMENTO LONGITUDINAL,AUTO PASSEIO X CAMINHÃO S/V,1,,,,,,1,,,0,,Longo da via,Bom,Não existe,Perfeito estado,Seca,Mal conservada,Não existe,Não há placas,,Única,Faixa seccionada,,
2020-02-07,19:01:00,COM VÍTIMA,CANCELADA,IPSEP,RUA JEAN EMILE FAVRE,840,,E/F AO ARCOMIX,IPSEP,,,COLISÃO,ENTRE AUTO PASSEIO X MOTO COM VÍTIMA,1,1,,,,,,,,1,,,,,,,,,,,,,,
2020-02-07,19:02:00,SEM VÍTIMA,FINALIZADA,VÁRZEA,AV AFONSO OLINDENSE,,AV CAXANGA,,VÁRZEA,,SUBURBIO,ABALROAMENTO LONGITUDINAL,ONIBUS METROPOLITANA X HYUNDAI SANTAFE,1,,,,,1,,,,0,,Cruzamento,Bom,Sem defeito,Perfeito estado,Seca,Perfeito estado,Faixa de pedestre,Outras,30 km/h,Dupla,Faixa contínua,,
2020-02-07,20:39:00,SEM VÍTIMA,FINALIZADA,TORRE,RUA MARQUES DE MARICA,187,,,TORRE,,SUBURBIO,ABALROAMENTO LONGITUDINAL,FIAT TORO X PRISMA,2,,,,,,,,,0,,Longo da via,Bom,Sem defeito,Perfeito estado,Seca,Perfeito estado,,,,Dupla,Faixa seccionada,,
2020-02-07,20:44:00,SEM VÍTIMA,FINALIZADA,TEJIPIÓ,AV DR JOSE RUFINO,,RUA DO SANCHO,ESTAÇÃO DE METRO TEJIPIO,TEJIPIÓ,434,SUBURBIO,ABALROAMENTO LONGITUDINAL,ENTRE ONIBUS X AUTO PASSEIO S/V,1,,,,,1,,,,0,,Longo da via,Bom,Sem defeito,Perfeito estado,Seca,Perfeito estado,Faixa de pedestre,Outras,,Dupla,Faixa contínua,,
2020-02-07,21:28:00,SEM VÍTIMA,FINALIZADA,DERBY,AV GOVERNADOR AGAMENON MAGALHAES,,RUA AMAURI DE MEDEIROS,,DERBY,,,COLISÃO TRASEIRA,ENTRE AUTO PASSEIO X ONIBUS S/V,1,,,,,1,,,,0,,Longo da via,Bom,Não existe,Perfeito estado,Seca,Perfeito estado,Não existe,Não há placas,60 km/h,Dupla,Canal,,
2020-02-07,22:22:00,SEM VÍTIMA,FINALIZADA,CASA FORTE,AV FLOR DE SANTANA,357,AV DEZESSETE DE AGOSTO,BURGUER KING,CASA FORTE,614,,ABALROAMENTO LONGITUDINAL,ENTRE DOIS AUTOS S/V,2,,,,,,,,,0,,Longo da via,Bom,Sem defeito,Perfeito estado,Seca,Perfeito estado,Faixa de pedestre,Outras,,Dupla,Faixa seccionada,,
2020-02-07,23:42:00,SEM VÍTIMA,FINALIZADA,ÁGUA FRIA,RUA GUARUJA,,,E/F AO ESPETINHO DO BEU,ÁGUA FRIA,,CIDADE,CHOQUE VEÍCULO PARADO,VOYAGE X ONIX,2,,,,,,,,,0,,Longo da via,Bom,Não existe,Não existente,Seca,Perfeito estado,Não existe,Não há placas,,Dupla,Não existe,,
2020-02-08,06:34:00,COM VÍTIMA,FINALIZADA,BOA VIAGEM,RUA CAPITAO ZUZINHA,400,RUA RIO AZUL,GALERIA RIO AZUL// RESTAURANTE MARINHOS BAR,BOA VIAGEM,,CIDADE,ABALROAMENTO LONGITUDINAL,COLISAO COM VITIMA. ENTRE VEICULO E MOTO,1,1,,,,,,,,1,,Cruzamento,Bom,Sem defeito,Perfeito estado,Seca,Perfeito estado,Não existe,,,Única,Não existe,,
2020-02-08,08:22:00,COM VÍTIMA,FINALIZADA,IPSEP,AV RECIFE,1470,,EM FRENTE AO POSTO BR,IPSEP,,AEROPORTO,COLISÃO TRASEIRA,MOTO E AUTO,1,1,,,,,,,,1,,Longo da via,Bom,Não existe,Perfeito estado,Seca,Perfeito estado,Não existe,Outras,60 km/h,Dupla,Canteiro central,,
2020-02-08,09:08:00,SEM VÍTIMA,FINALIZADA,BOA VIAGEM,RUA DOS NAVEGANTES,3672,,,BOA VIAGEM,,SUBURBIO,ABALROAMENTO LONGITUDINAL,COLISÃO S/VITIMAS ENTRE UM CAMINHÃO E UM AUTO (V.T 18 QTH),1,,,,,,1,,,0,,Longo da via,Bom,Não existe,Perfeito estado,Seca,Perfeito estado,Não existe,Não há placas,,Única,Não existe,,
2020-02-08,09:09:00,SEM VÍTIMA,FINALIZADA,BOA VIAGEM,AV FERNANDO SIMOES BARBOSA,22,,GALERIA SANTO ANTONIO,BOA VIAGEM,321,SUBURBIO,ABALROAMENTO LONGITUDINAL,CAMINHÃO E AUTO,1,,,,,,1,,,0,,Longo da via,Bom,Sem defeito,Perfeito estado,Seca,Perfeito estado,Outros,R-6a,,Dupla,Faixa seccionada,Canal,
2020-02-08,09:49:00,SEM VÍTIMA,FINALIZADA,AFOGADOS,EST DOS REMEDIOS,1988,RUA PADRE GABRIEL MOUSINHO,AO LADO HC PNEUS,AFOGADOS,,CIDADE,ABALROAMENTO TRANSVERSAL,DOIS AUTOS / EXISTE CRIANÇA DE COLO NO LOCAL,2,,,,,,,,,0,,Cruzamento,Bom,Não existe,Perfeito estado,Seca,Perfeito estado,Outros,Placas Pare,60 km/h,Única,Faixa contínua,,
2020-02-08,10:36:00,SEM VÍTIMA,FINALIZADA,SANTO AMARO,AV PREFEITO ARTUR LIMA CAVALCANTI,,RUA DONA LEONOR PORTO,EM FRENTE A PRAÇA OMZE DE JUNHO,SANTO AMARO,,SUBURBIO,ABALROAMENTO LONGITUDINAL,COLISAO S/ VITIMA. ENTRE DOIS VEICULOS,2,,,,,,,,,0,,Longo da via,Bom,Sem defeito,Perfeito estado,Seca,Perfeito estado,Não existe,Não há placas,,Única,Faixa seccionada,,
2020-02-08,10:57:00,COM VÍTIMA,FINALIZADA,ALTO JOSÉ BONIFÁCIO,RUA ALTO JOSE BONIFACIO,152,,PRÓX. A RODINHA,ALTO JOSÉ BONIFÁCIO,,SUBURBIO,ABALROAMENTO LONGITUDINAL,COLISÃO C/VITIMA ENTRE UMA MOTO E UM CAMINHÃO (EVADIU-SE DO LOCAL) // GM LINDENBERG NO QTH,,1,,,,,1,,,1,,Longo da via,Bom,Não existe,Incompleta,Seca,,Não existe,Não há placas,,Dupla,Não existe,,
2020-02-08,11:25:00,COM VÍTIMA,FINALIZADA,PARNAMIRIM,RUA TITO ROSAS,,AV PARNAMIRIM,,PARNAMIRIM,10,,ATROPELAMENTO,ÔNIBUS E PEDESTRE,,,,,2,1,,,,2,,Cruzamento,Bom,Sem defeito,Perfeito estado,Seca,Perfeito estado,Faixa de pedestre,Não há placas,40 km/h,Única,Faixa seccionada,,
2020-02-08,11:27:00,SEM VÍTIMA,FINALIZADA,CASA FORTE,PRC RADIO JORNAL DO COMERCIO,,,AO LADO DO SHOPPING PLAZA,CASA FORTE,345,SUBURBIO,COLISÃO TRASEIRA,DOIS AUTOS,1,,,,,1,,,,0,,Longo da via,Bom,Sem defeito,Perfeito estado,Seca,Perfeito estado,Faixa de pedestre,Outras,,Única,Faixa contínua,Faixa seccionada,
2020-02-08,11:33:00,SEM VÍTIMA,FINALIZADA,AREIAS,AV RECIFE,,AV RECIFE,EM FRENTE AO SEMÁFORO 620,AREIAS,620,SUBURBIO,COLISÃO TRASEIRA,TRES AUTOS,3,,,,,,,,,0,,Longo da via,Bom,Sem defeito,Perfeito estado,Seca,Perfeito estado,Faixa de pedestre,Não há placas,,Dupla,Canteiro central,,
2020-02-08,11:37:00,SEM VÍTIMA,FINALIZADA,CIDADE UNIVERSITÁRIA,AV CAXANGA,4435,,CHURRASCARIA BOI E BRASA,CIDADE UNIVERSITÁRIA,230,CIDADE,ABALROAMENTO TRANSVERSAL,DOIS AUTOS,2,,,,,,,,,0,,Longo da via,Bom,Sem defeito,Perfeito estado,Seca,Perfeito estado,Faixa de pedestre,R-26,,Dupla,Canteiro central,,
2020-02-08,11:47:00,SEM VÍTIMA,CANCELADA,COHAB,AV SANTA FE,523,AV ANGRA DOS REIS,EM FRENTE A FARMACIA RECIFARMA,COHAB,,,COLISÃO,ONIBUS E AUTO,1,,,,,1,,,,0,,,,,,,,,,,,,,
2020-02-08,12:10:00,SEM VÍTIMA,CANCELADA,IBURA,AV DOIS RIOS,84,,EM FRENTE AO LABORATORIO GILSON CIDRIM,IBURA,,,COLISÃO,MOTO E AUTO,1,1,,,,,,,,0,,,,,,,,,,,,,,
2020-02-08,12:30:00,SEM VÍTIMA,FINALIZADA,BOA VIAGEM,AV BOA VIAGEM,2234,RUA HENRIQUE CAPITULINO,EDF. VILA AZUL,BOA VIAGEM,663,CIDADE,COLISÃO TRASEIRA,TRES AUTOS,3,,,,,,,,,0,,,Bom,Sem defeito,Perfeito estado,Seca,Perfeito estado,Faixa de pedestre,Não há placas,,Única,Faixa contínua,,
2020-02-08,12:38:00,SEM VÍTIMA,CANCELADA,PINA,RUA FRANCISCO DA CUNHA,,,AO LADO DO CARREFUR,PINA,,,COLISÃO,COLISAO SEM VITIMAS,1,1,,,,,,,,0,,,,,,,,,,,,,,
2020-02-08,13:38:00,SEM VÍTIMA,FINALIZADA,ESPINHEIRO,RUA QUARENTA E OITO,,RUA CONS PORTELA,,ESPINHEIRO,11,CIDADE,ABALROAMENTO LONGITUDINAL,AUTO E ONIBUS,1,,,,,1,,,,0,,Cruzamento,Bom,Sem defeito,Perfeito estado,Seca,Perfeito estado,Faixa de pedestre,Não há placas,,Única,Faixa seccionada,,
2020-02-08,13:43:00,SEM VÍTIMA,FINALIZADA,CASA AMARELA,AV NORTE,,,EM FRENTE A ESCOLA DE REFERÊNCIA DE ENSINO MÉDIO CLOTILDE,CASA AMARELA,,,ABALROAMENTO LONGITUDINAL,DOIS AUTOS,2,,,,,,,,,0,,Longo da via,Bom,Não existe,Perfeito estado,Seca,Perfeito estado,Não existe,Não há placas,60 km/h,Dupla,,,
2020-02-08,14:54:00,SEM VÍTIMA,FINALIZADA,ESTÂNCIA,AV RECIFE,,,EM FRENTE AO SEMÁFORO Nº 261,ESTÂNCIA,261,SUBURBIO,COLISÃO TRASEIRA,COLISAO SEM VITIMAS,2,,,,,,,,,0,,Longo da via,Bom,Sem defeito,Perfeito estado,Seca,Perfeito estado,Faixa de pedestre,Não há placas,,Dupla,Canteiro central,,
2020-02-08,14:56:00,SEM VÍTIMA,FINALIZADA,IBURA,AV DOIS RIOS,,RUA RIO XINGU,POSTO DE COMBUSTÍVEL BR,IBURA,351,CIDADE,COLISÃO TRASEIRA,COLISAO SEM VITIMAS,2,,,,,,,,,0,,Cruzamento,Bom,Sem defeito,Perfeito estado,Seca,Perfeito estado,Faixa de pedestre,Não há placas,,Dupla,Faixa contínua,,
2020-02-08,16:12:00,SEM VÍTIMA,FINALIZADA,DOIS IRMÃOS,RUA DOIS IRMAOS,1082,,EM FRENTE A COMPESA- PROX. A PRAÇA FARIA NEVES,DOIS IRMÃOS,,SUBURBIO,COLISÃO,DOIS AUTOS,2,,,,,,,,,0,,Longo da via,Bom,Não existe,Perfeito estado,Seca,Perfeito estado,Outros,Outras,,Dupla,Faixa contínua,,
2020-02-08,16:28:00,SEM VÍTIMA,FINALIZADA,SANTANA,RUA SANTANA,470,RUA LEOPOLDINO SILVA,AO LADO DO Nº 459,SANTANA,,SUBURBIO,COLISÃO TRASEIRA,COLISAO SEM VITIMAS,2,,,,,,,,,0,,Cruzamento,Bom,Não existe,Incompleta,Seca,Perfeito estado,Não existe,Não há placas,30 km/h,Dupla,,,
2020-02-08,21:37:00,SEM VÍTIMA,CANCELADA,ROSARINHO,AV NORTE,1987,,SENTIDO OPOSTO DA NISSAN,ROSARINHO,,,COLISÃO,ONIBUS PEDROSA X,1,,,,,1,,,,0,,,,,,,,,,,,,,
2020-02-08,22:54:00,SEM VÍTIMA,FINALIZADA,SANTO ANTÔNIO,AV MARTINS DE BARROS,,,LADO OPOSTO AO TERMINAL CAIS DE SANTA RITA,SANTO ANTÔNIO,,CIDADE,ABALROAMENTO LONGITUDINAL,CAMINHAO X PALIO OBS: VT 20 DA CTTU ESTA NO LOCAL,1,,,,,,1,,,0,,Longo da via,Bom,Não existe,Perfeito estado,Seca,Perfeito estado,Não existe,Não há placas,,Dupla,Faixa seccionada,,
2020-02-09,00:55:00,SEM VÍTIMA,FINALIZADA,SANTO ANTÔNIO,AV GUARARAPES,120,,EDF. CONDE DA BOA VISTA,SANTO ANTÔNIO,,SUBURBIO,CHOQUE VEÍCULO PARADO,COLISÃO ENTRE DUAS VIATUAS DA GM S/V,2,,,,,,,,,0,,Longo da via,Bom,Não existe,Perfeito estado,Seca,Perfeito estado,Faixa de pedestre,Não há placas,,Dupla,Faixa seccionada,Canteiro central,
2020-02-09,02:51:00,SEM VÍTIMA,FINALIZADA,DERBY,PRC DO DERBY,115,,MEDICINA NUCLEAR CEMUPE,DERBY,,CIDADE,ABALROAMENTO LONGITUDINAL,COLISÃO ENTRE DOIS AUTOS S/V,2,,,,,,,,,0,,Longo da via,Bom,Não existe,Perfeito estado,Seca,Perfeito estado,Faixa de pedestre,Outras,,Única,Faixa seccionada,,
2020-02-09,06:54:00,COM VÍTIMA,CANCELADA,DERBY,RUA DR SEVERINO PINHEIRO,,,NA DECIDA DA PONTE DO DERBY,DERBY,,,COLISÃO,COLISAO CO VITIMAS,1,1,,,,,,,,1,,,,,,,,,,,,,,
2020-02-09,12:30:00,SEM VÍTIMA,FINALIZADA,VÁRZEA,AV AFONSO OLINDENSE,890,,,VÁRZEA,,SUBURBIO,ABALROAMENTO TRANSVERSAL,COLISÃO SEM VÍTMA,2,,,,,,,,,0,,Longo da via,Bom,Não existe,Perfeito estado,Seca,Perfeito estado,Não existe,Outras,40 km/h,Dupla,Faixa contínua,,
2020-02-09,15:14:00,SEM VÍTIMA,FINALIZADA,IPSEP,AV RECIFE,3335,,,IPSEP,,,COLISÃO TRASEIRA,COLISÃO SEM VÍTIMA,2,,,,,,,,,0,,Longo da via,Bom,Sem defeito,Perfeito estado,Seca,Perfeito estado,Faixa de pedestre,Outras,,Dupla,Canteiro central,,
2020-02-09,15:24:00,SEM VÍTIMA,CANCELADA,BOA VIAGEM,AV CONSELHEIRO AGUIAR,1540,,EM FRENTE AO POSTO DE GASOLINA PETROBRAS,BOA VIAGEM,,,COLISÃO,COLISÃO SEM VÍTIMA,2,,,,,,,,,0,,,,,,,,,,,,,,