data,hora,natureza_acidente,situacao,bairro,endereco,numero,detalhe_endereco_acidente,complemento,bairro_cruzamento,num_semaforo,sentido_via,tipo,descricao,auto,moto,ciclom,ciclista,pedestre,onibus,caminhao,viatura,outros,vitimas,vitimasfatais,acidente_verificado,tempo_clima,situacao_semaforo,sinalizacao,condicao_via,conservacao_via,ponto_controle,situacao_placa,velocidade_max_via,mao_direcao,divisao_via1,divisao_via2,divisao_via3
2020-02-09,16:27:00,SEM VÍTIMA,FINALIZADA,SANTO ANTÔNIO,AV MARTINS DE BARROS,,PTE BUARQUE DE MACEDO,POSTE Nº H 037103 ( AO LADO ),SANTO ANTÔNIO,164,,ABALROAMENTO LONGITUDINAL,COLISÃO SEM VÍTIMA,1,,,,,1,,,,0,,,Bom,Sem defeito,Perfeito estado,Seca,Perfeito estado,Faixa de pedestre,Outras,,Única,Faixa seccionada,,
2020-02-09,16:44:00,SEM VÍTIMA,FINALIZADA,NOVA DESCOBERTA,RUA CORREGO DO JOAQUIM,720,,OPOSTO AO Nº 720,NOVA DESCOBERTA,,CIDADE,CHOQUE VEÍCULO PARADO,COLISAO SEM VITIMAS,1,,,,,1,,,,0,,Longo da via,Bom,Não existe,Não existente,Seca,Perfeito estado,Não existe,Não há placas,,,Não existe,,
2020-02-09,17:26:00,SEM VÍTIMA,CANCELADA,ÁGUA FRIA,RUA MANOEL SILVA,320,,EM FRENTE AO BAR DO BEU,ÁGUA FRIA,,,COLISÃO,COLISÃO SEM VÍTIMA,2,,,,,,,,,0,,,,,,,,,,,,,,
2020-02-09,17:34:00,COM VÍTIMA,FINALIZADA,IPSEP,AV RECIFE,652,,LADO OPOSTO A FALCAO EQUIPADORA /SENTIDO CEASA,IPSEP,,CIDADE,COLISÃO TRASEIRA,COLISAO COM VITIMA,1,1,,,,,,,,1,,Longo da via,Bom,Não existe,Perfeito estado,Seca,Perfeito estado,Não existe,R-6a,,Dupla,Faixa seccionada,,
2020-02-09,18:16:00,SEM VÍTIMA,FINALIZADA,TORRE,RUA MARQUES DE MARICA,,RUA SOUZA BANDEIRA,,TORRE,317,SUBURBIO,COLISÃO TRASEIRA,TOYOTA X FIAT MOBI,2,,,,,,,,,0,,Cruzamento,Bom,Sem defeito,Ilegível,Seca,Mal iluminada,Faixa de pedestre,Não há placas,,Dupla,Não existe,,
2020-02-09,19:40:00,COM VÍTIMA,FINALIZADA,SAN MARTIN,AV CONSUL VILARES FRAGOSO,380,RUA ITAPEMIRIM,POR TRAS DA CAVALERIA,SAN MARTIN,,CIDADE,COLISÃO FRONTAL,MOTO X CLIO,1,1,,,,,,,,1,,Cruzamento,Bom,Não existe,Não existente,Seca,Mal iluminada,Não existe,R-6a,,Dupla,Não existe,,
2020-02-09,20:37:00,SEM VÍTIMA,FINALIZADA,BOA VIAGEM,AV MARECHAL MASCARENHAS DE MORAES,,,LADO OPOSTO A ANAC,BOA VIAGEM,625,SUBURBIO,CHOQUE OBJETO FIXO,VEÍCULO CHOCOU-SE COM POSTE SEMAFÓRICO (SEM 625),1,,,,,,,,,0,,Longo da via,Bom,,Perfeito estado,Seca,Perfeito estado,Faixa de pedestre,Outras,,Única,Faixa contínua,,
2020-02-09,21:08:00,COM VÍTIMA,FINALIZADA,CASA FORTE,AV DEZESSETE DE AGOSTO,675,RUA LAURINDO COELHO,ENF. AO BANCO ITAU,CASA FORTE,,SUBURBIO,ABALROAMENTO LONGITUDINAL,MOTO X HB 20,1,1,,,,,,,,1,,Esquina,Bom,Não existe,Ilegível,Seca,Mal iluminada,Não existe,Não há placas,,Dupla,Faixa seccionada,,
2020-02-09,22:12:00,SEM VÍTIMA,FINALIZADA,VÁRZEA,RUA AMARO GOMES POROCA,252,,BRAZETUS ( VÁRZEA ),VÁRZEA,,SUBURBIO,ABALROAMENTO LONGITUDINAL,MOTO X GOL,1,,1,,,,,,,0,,Longo da via,Bom,Não existe,Perfeito estado,Seca,Perfeito estado,Não existe,Não há placas,,Dupla,Faixa seccionada,,
2020-02-10,00:58:00,SEM VÍTIMA,CANCELADA,BOA VIAGEM,RUA ERNESTO DE PAULA SANTOS,,RUA VISCONDE DE JEQUITINHONHA,EM FRENTE AO SUPERMERCADO SOBERANO,BOA VIAGEM,304,,COLISÃO,COLISÃO ENTRE DOIS AUTOS- SEM VÍTIMAS,2,,,,,,,,,0,,,,,,,,,,,,,,
2020-02-10,05:56:00,COM VÍTIMA,FINALIZADA,ILHA DO LEITE,AV GOVERNADOR AGAMENON MAGALHAES,,RUA PAISSANDU,NO CRUZAMENTO,ILHA DO LEITE,69,SUBURBIO,COLISÃO TRASEIRA,COM DUAS VITIMAS AGUARDANDO SAMU,1,1,,,,,,,,1,,Longo da via,Chuvoso,Sem defeito,Perfeito estado,Molhada,Perfeito estado,Faixa de pedestre,Não há placas,60 km/h,Dupla,Canteiro central,,
2020-02-10,06:14:00,SEM VÍTIMA,FINALIZADA,ÁGUA FRIA,RUA SAO BENTO,,EST VELHA DE AGUA FRIA,POSTO PNB NORTE BRAZ,ÁGUA FRIA,,SUBURBIO,ABALROAMENTO LONGITUDINAL,MOTO E AUTO,1,1,,,,,,,,0,,Cruzamento,Bom,Não existe,Perfeito estado,Seca,Perfeito estado,,,,Dupla,Faixa contínua,Blocos,
2020-02-10,07:52:00,COM VÍTIMA,FINALIZADA,JAQUEIRA,RUA SIMAO MENDES,92,RUA FLORIANOPOLIS,EM FRENTE AO EDF MAIRIYARAS VILLAGE,JAQUEIRA,,CIDADE,ABALROAMENTO TRANSVERSAL,COM UMA VITIMA AGUARDANDO SAMU,1,1,,,,,,,,1,,Esquina,Bom,Não existe,Incompleta,Seca,Perfeito estado,Não existe,Não há placas,,Dupla,Não existe,,
2020-02-10,08:09:00,COM VÍTIMA,FINALIZADA,MADALENA,RUA BENFICA,929,,,MADALENA,,CIDADE,COLISÃO COM CICLISTA,COM UMA VÍTIMA,1,,,1,,,,,,1,,Longo da via,Bom,Sem defeito,Perfeito estado,Seca,Perfeito estado,Não existe,Não há placas,,Dupla,Faixa contínua,,
2020-02-10,08:33:00,SEM VÍTIMA,FINALIZADA,ENCRUZILHADA,AV BEBERIBE,,,LADO OPOSTO AO Nº 376 - GALERIA CAMPOS,ENCRUZILHADA,238,CIDADE,COLISÃO TRASEIRA,COLISAO COM VITIMA. ENTRE VEICULO E MOTO,1,1,,,,,,,,0,,Longo da via,Bom,Sem defeito,Perfeito estado,Seca,Perfeito estado,Faixa de pedestre,R-4a,,Dupla,Faixa seccionada,,
2020-02-10,08:47:00,SEM VÍTIMA,FINALIZADA,MACAXEIRA,AV NORTE,7051,,50 M DO POSTO DE COMBUSTÍBEL SOLAR,MACAXEIRA,,CIDADE,COLISÃO TRASEIRA,COLISÃO S/VITIMAS ENTRE DOIS AUTOS,2,,,,,,,,,0,,Longo da via,Bom,Não existe,Perfeito estado,Seca,Perfeito estado,Não existe,Não há placas,,Única,Faixa seccionada,,
2020-02-10,08:50:00,SEM VÍTIMA,FINALIZADA,BOA VIAGEM,AV ENGENHEIRO DOMINGOS FERREIRA,1229,,OPOSTO AO BIG BOMPREÇO,BOA VIAGEM,,SUBURBIO,ABALROAMENTO LONGITUDINAL,DOIS AUTOS,2,,,,,,,,,0,,Longo da via,Bom,Não existe,Perfeito estado,Seca,Perfeito estado,Não existe,Outras,,Única,Faixa seccionada,Canteiro central,
2020-02-10,09:26:00,COM VÍTIMA,FINALIZADA,PINA,AV ANTONIO DE GOES,260,,EM FRENTE À SAMSUNG,PINA,103,CIDADE,ATROPELAMENTO,MOTO E PEDESTRE. O PEDESTRE EVADIU-SE DO LOCAL.,,1,,,1,,,,,1,,Longo da via,Bom,Sem defeito,Perfeito estado,Seca,Perfeito estado,Agente,Não há placas,60 km/h,Única,Faixa seccionada,,
2020-02-10,09:33:00,SEM VÍTIMA,FINALIZADA,BOA VISTA,RUA DA AURORA,371,RUA DO RIACHUELO,,BOA VISTA,579,,ABALROAMENTO LONGITUDINAL,COLISÃO S/VITIMAS ENTRE DOIS AUTOS (GM MEDEIROS E MARCELO APOLINÁRIO NO QTH),2,,,,,,,,,0,,Longo da via,Bom,Sem defeito,Perfeito estado,Seca,Perfeito estado,Agente,Outras,,Única,Faixa seccionada,,
2020-02-10,09:49:00,SEM VÍTIMA,FINALIZADA,MADALENA,AV CAXANGA,50,,CELPE,MADALENA,263,CIDADE,ABALROAMENTO LONGITUDINAL,SEM VITIMAS,1,,,,,,1,,,0,,Longo da via,Bom,Sem defeito,Perfeito estado,Seca,Perfeito estado,Faixa de pedestre,Outras,,Única,Faixa seccionada,Canteiro central,
2020-02-10,10:01:00,SEM VÍTIMA,FINALIZADA,BOA VISTA,RUA JOAO FERNANDES VIEIRA,711,,FARMACIA PERMANENTE,BOA VISTA,,CIDADE,ABALROAMENTO LONGITUDINAL,SEM VITIMAS,1,,,,,,1,,,0,,Longo da via,Bom,Não existe,Perfeito estado,Seca,Perfeito estado,Não existe,R-6a,,Única,Não existe,,
2020-02-10,10:15:00,COM VÍTIMA,FINALIZADA,CASA FORTE,AV DEZESSETE DE AGOSTO,784,RUA SAMUEL FARIAS,EM FRENTE A 7ª REGIONAL DO EXERCITO,CASA FORTE,,CIDADE,ABALROAMENTO LONGITUDINAL,COM UMA VITIMA -SAMU NO LOCAL,1,1,,,,,,,,1,,Longo da via,Bom,Não existe,Perfeito estado,Seca,Perfeito estado,Não existe,Não há placas,,Dupla,Faixa contínua,,
2020-02-10,11:26:00,SEM VÍTIMA,FINALIZADA,IMBIRIBEIRA,RUA JOAQUIM BANDEIRA,268,AV SUL,,IMBIRIBEIRA,,,ABALROAMENTO TRANSVERSAL,COLISÃO S/VIITMAS ENTRE TRES AUTOS,3,,,,,,,,,0,,Cruzamento,Bom,Não existe,Incompleta,Seca,Perfeito estado,Não existe,Placas Pare,40 km/h,Única,Faixa seccionada,,
2020-02-10,12:26:00,COM VÍTIMA,FINALIZADA,SÃO JOSÉ,RUA IMPERIAL,,,EM BAIXO DO VIADUTO CAPITÃO TEMUDO,SÃO JOSÉ,,,COLISÃO TRASEIRA,COLISÃO COM VÍTIMA,1,,1,,,,,,,1,,Longo da via,Bom,Não existe,Perfeito estado,Seca,Perfeito estado,,Não há placas,40 km/h,Única,Faixa,,
2020-02-10,12:28:00,SEM VÍTIMA,FINALIZADA,IMBIRIBEIRA,AV MARECHAL MASCARENHAS DE MORAES,4746,,,IMBIRIBEIRA,,SUBURBIO,COLISÃO TRASEIRA,COLISAO SEM VITIMAS,2,,,,,,,,,0,,Longo da via,Bom,Sem defeito,Perfeito estado,Seca,Perfeito estado,,Não há placas,60 km/h,,Faixa contínua,,
2020-02-10,12:41:00,SEM VÍTIMA,CANCELADA,IMBIRIBEIRA,RUA CONDE PEREIRA CARNEIRO,119,,E/F AO MOTEL EU E TU,IMBIRIBEIRA,,,COLISÃO,COLISAO SEM VITIMAS,1,1,,,,,,,,0,,,,,,,,,,,,,,
2020-02-10,13:04:00,COM VÍTIMA,FINALIZADA,DERBY,AV GOVERNADOR AGAMENON MAGALHAES,73,,SENTIDO BOA VIAGEM - OLINDA,DERBY,75,OLINDA,COLISÃO TRASEIRA,COM VÍTMA,1,2,,,,,,,,2,,Longo da via,Bom,Sem defeito,Perfeito estado,Seca,Perfeito estado,Não existe,Não há placas,60 km/h,Dupla,Faixa seccionada,,
2020-02-10,13:08:00,SEM VÍTIMA,FINALIZADA,DERBY,RUA JENER DE SOUZA,,,E/F AO QUARTEL DO DERBY,DERBY,,SUBURBIO,ABALROAMENTO LONGITUDINAL,COLISAO SEM VITIMAS,2,,,,,,,,,0,,Longo da via,Bom,Não existe,Perfeito estado,Seca,Perfeito estado,Não existe,,40 km/h,Dupla,Canteiro central,,
2020-02-10,14:04:00,SEM VÍTIMA,DUPLICIDADE,IMBIRIBEIRA,AV MARECHAL MASCARENHAS DE MORAES,,,E/F AO AUTO PEÇA UNIVERSAL,IMBIRIBEIRA,,PRAZERES,COLISÃO,COLISAO SEM VITIMAS,2,,,,,,,,,0,,,,,,,,,,,,,,
2020-02-10,14:14:00,SEM VÍTIMA,FINALIZADA,BOA VIAGEM,AV CONSELHEIRO AGUIAR,1350,RUA JORNALISTA ADETH LEITE,,BOA VIAGEM,,CIDADE,CHOQUE OBJETO FIXO,COLISAO SEM VITIMAS,1,,,,,,,,,0,,Cruzamento,Bom,Não existe,Perfeito estado,Seca,Perfeito estado,Não existe,Não há placas,60 km/h,Única,Faixa seccionada,,
2020-02-10,14:32:00,SEM VÍTIMA,FINALIZADA,SAN MARTIN,AV JOAO CABRAL DE MELO NETO,2702,RUA TENENTE MINDELO,PRÓXIMO A CASA DA COMUNIDADE,SAN MARTIN,,SUBURBIO,COLISÃO TRASEIRA,COLISÃO SEM VÍTIMA,2,,,,,,,,,0,,Longo da via,Bom,Sem defeito,Perfeito estado,Seca,Perfeito estado,Faixa de pedestre,Não há placas,,Dupla,,,
2020-02-10,14:37:00,COM VÍTIMA,FINALIZADA,SANTO AMARO,AV DR JAYME DA FONTE,320,,EM FRENTE A ASSEMBLEIAS DE DEUS/ SENTIDO AGAMENON,SANTO AMARO,,,ATROPELAMENTO,COM VÍTIMA/ VÍTIMA SOCORRIDA PELO BOMBEIRO,1,,,,1,,,,,1,,Longo da via,Bom,Não existe,Não existente,Seca,Perfeito estado,Não existe,Outras,40 km/h,,Canteiro central,,
2020-02-10,14:46:00,SEM VÍTIMA,CANCELADA,DERBY,RUA JENER DE SOUZA,,,E/F AO QUARTEL DO DERBY,DERBY,,,COLISÃO,COLISAO SEM VITIMAS,1,1,,,,,,,,0,,,,,,,,,,,,,,
2020-02-10,15:29:00,SEM VÍTIMA,FINALIZADA,PINA,AV HERCULANO BANDEIRA,563,,TABELIONATO FIGUEIREDO,PINA,,SUBURBIO,ABALROAMENTO LONGITUDINAL,COLISAO SEM VITIMAS,1,,,,,1,,,,0,,Longo da via,Bom,Não existe,Perfeito estado,Seca,Perfeito estado,Não existe,R-6a,,Única,Faixa contínua,,
2020-02-10,15:33:00,SEM VÍTIMA,FINALIZADA,MACAXEIRA,AV NORTE,,,GIRADOR DA MACAXEIRA - SENTIDO INTEGRAÇÃO,MACAXEIRA,,SUBURBIO,COLISÃO TRASEIRA,COLISÃO SEM VÍTIMA,1,,,,,1,,,,0,,Longo da via,Bom,Não existe,,Seca,Perfeito estado,Não existe,Não há placas,,Única,Não existe,,
2020-02-10,16:08:00,SEM VÍTIMA,FINALIZADA,ESPINHEIRO,AV GOVERNADOR AGAMENON MAGALHAES,,,EM FRENTE AO Nº 2936 - VIA PRINCIPAL,ESPINHEIRO,,,COLISÃO TRASEIRA,COLISÃO SEM VÍTIMA,2,,,,,,,,,0,,Longo da via,Bom,Sem defeito,Perfeito estado,Seca,Perfeito estado,Faixa de pedestre,,,Dupla,Faixa seccionada,Canal,
2020-02-10,16:52:00,SEM VÍTIMA,CANCELADA,CORDEIRO,AV GENERAL SAN MARTIN,590,,PROXIMO AO SUPERMERCADO IDEAL,CORDEIRO,,,COLISÃO,COLISÃO SEM VÍTIMA,1,,,,,1,,,,0,,,,,,,,,,,,,,
2020-02-10,17:19:00,COM VÍTIMA,FINALIZADA,JORDÃO,AV MARIA IRENE,,RUA ANTONIO ROCHA,PROX A BASE AEREA,JORDÃO,,SUBURBIO,ABALROAMENTO LONGITUDINAL,COISAO COM VITIMAS,1,1,,,,,,,,1,,Esquina,Bom,Não existe,Não existente,Seca,Perfeito estado,Não existe,Não há placas,,Dupla,Faixa contínua,,
2020-02-10,17:24:00,SEM VÍTIMA,FINALIZADA,AFOGADOS,EST DOS REMEDIOS,324,,,AFOGADOS,,SUBURBIO,ABALROAMENTO TRANSVERSAL,COLISAO SEM VITIMAS,1,1,,,,,,,,0,,Longo da via,Bom,Não existe,Perfeito estado,Seca,Perfeito estado,Outros,Outras,60 km/h,Única,Faixa seccionada,,
2020-02-10,17:50:00,SEM VÍTIMA,FINALIZADA,CORDEIRO,AV CAXANGA,1872,RUA DR JOAO LACERDA,,CORDEIRO,,SUBURBIO,ABALROAMENTO LONGITUDINAL,COLISÃO SEM VÍTIMA,2,,,,,,,,,0,,Cruzamento,Bom,Sem defeito,Perfeito estado,Seca,Perfeito estado,Faixa de pedestre,Outras,60 km/h,Dupla,Canteiro central,,
2020-02-10,18:12:00,SEM VÍTIMA,FINALIZADA,AFOGADOS,RUA DA PAZ,,,BANCO CAIXA ECONÔMICA,AFOGADOS,73,SUBURBIO,COLISÃO TRASEIRA,ENTRE AUTO E MOTO. S/V,1,1,,,,,,,,0,,Longo da via,Bom,Sem defeito,Perfeito estado,Seca,Perfeito estado,Faixa de pedestre,Outras,40 km/h,Única,Faixa seccionada,,
2020-02-10,18:22:00,SEM VÍTIMA,FINALIZADA,MADALENA,RUA JOAO IVO DA SILVA,,AV ENGENHEIRO ABDIAS DE CARVALHO,PRÓXIMO A WISE UP ( ESCOLA DE INGLÊS),MADALENA,132,,ABALROAMENTO LONGITUDINAL,SANDERO X CAMINHAO,1,,,,,,1,,,0,,Cruzamento,Bom,Sem defeito,Perfeito estado,Seca,Perfeito estado,Agente,Outras,,Única,Não existe,,
2020-02-10,19:48:00,SEM VÍTIMA,CANCELADA,IBURA,RUA QUARENTA E UM,,,OBS:::. A OCORRENCIA ACONTECEU NA RUA QUARENTA . NO SISTEMA NAO TEM ESTA RUA QUE FICA NO TERMINAL DE ONIBUS UR 11,IBURA,,,COLISÃO,ONIBUS X ETIOS,1,,,,,1,,,,0,,,,,,,,,,,,,,
2020-02-10,19:53:00,SEM VÍTIMA,FINALIZADA,JAQUEIRA,RUA HOEL SETTE,62,,,JAQUEIRA,,SUBURBIO,CHOQUE VEÍCULO PARADO,ENTRE 2 AUTOS. S/V,2,,,,,,,,,0,,Longo da via,Bom,Não existe,Incompleta,Seca,Mal iluminada,Não existe,Não há placas,,Dupla,,,
2020-02-10,20:07:00,SEM VÍTIMA,FINALIZADA,BOA VISTA,RUA DOS COELHOS,485,RUA PADRE VENANCIO,AO LADO DO IMIP / PRÓX A SUBIDA DA PONTE VIADUTO JOAQUIM CARDOSO,BOA VISTA,,SUBURBIO,COLISÃO,ÕNIBUS E AUTO PASSEIO. S/V,1,,,,,1,,,,0,,Esquina,Bom,Não existe,Perfeito estado,Seca,Perfeito estado,Não existe,R-6a,,Única,Faixa contínua,,
2020-02-11,01:45:00,SEM VÍTIMA,FINALIZADA,BOA VISTA,AV MANOEL BORBA,,RUA JOSE DE ALENCAR,EM FRENTE A PADARIA SANTA TEREZINHA,BOA VISTA,29,s,COLISÃO,COLISÃO ENTRE DOIS AUTOS S/V,2,,,,,,,,,0,,Cruzamento,Bom,Intermitente,Perfeito estado,Seca,Perfeito estado,Faixa de pedestre,Outras,,Única,Faixa contínua,Faixa seccionada,
2020-02-11,07:11:00,SEM VÍTIMA,FINALIZADA,TAMARINEIRA,RUA SAO VICENTE,,EST DO ARRAIAL,AO LADO DO SUPERMERCADO EXTRABOM,TAMARINEIRA,,CIDADE,COLISÃO,COLISÃO S/VITMAS ENTRE DOIS AUTOS,2,,,,,,,,,0,,Longo da via,Bom,Não existe,Perfeito estado,Seca,Perfeito estado,Não existe,Placas Pare,,Dupla,Não existe,,
2020-02-11,07:13:00,SEM VÍTIMA,CANCELADA,MACAXEIRA,AV NORTE,,,EM FRENTE A O CENTRO DE DISTRIBUIÇÃO DA COMPESA/NO GIRADORO DA MACAXEIRA,MACAXEIRA,,CAXANGA,COLISÃO,SEM VITIMAS,1,,,,,,1,,,0,,,,,,,,,,,,,,
2020-02-11,07:30:00,SEM VÍTIMA,CANCELADA,DOIS IRMÃOS,RUA DOIS IRMAOS,600,,E/F AO MOTEL SENZALA (SENT. APIPUCOS),DOIS IRMÃOS,416,,COLISÃO,COLISÃO S/VITIMAS ENTRE DOIS AUTOS,2,,,,,,,,,0,,,,,,,,,,,,,,
2020-02-11,07:46:00,SEM VÍTIMA,FINALIZADA,CABANGA,AV ENGENHEIRO JOSE ESTELITA,,,EM FRENTE AO CABANGA IATE CLUBE,CABANGA,,CIDADE,COLISÃO,DOIS AUTOS,2,,,,,,,,,0,,Longo da via,Bom,Não existe,Perfeito estado,Seca,Perfeito estado,Não existe,Outras,60 km/h,Única,Faixa seccionada,,
2020-02-11,08:06:00,SEM VÍTIMA,CANCELADA,BOA VIAGEM,RUA FREI LEANDRO,,AV CONSELHEIRO AGUIAR,EM FRENTE AO EDF ITAIBA,BOA VIAGEM,,,COLISÃO,SEM VITIMAS,3,,,,,,,,,0,,,,,,,,,,,,,,
2020-02-11,08:09:00,SEM VÍTIMA,FINALIZADA,TORRE,RUA PIO NONO,782,,AO LADO DO EDF. MORADA PIO NONO,TORRE,,SUBURBIO,COLISÃO,COLISÃO S/VITIMAS ENTRE DOIS AUTOS (V.T 16 NO QTH),2,,,,,,,,,0,,Longo da via,Bom,Não existe,Perfeito estado,Seca,Mal conservada,Não existe,R-6a,,Dupla,Não existe,,
2020-02-11,08:44:00,SEM VÍTIMA,FINALIZADA,MADALENA,AV CAXANGA,971,,EM FRENTE A MARCELO BATERIAS,MADALENA,,CIDADE,COLISÃO,DOIS AUTOS,2,,,,,,,,,0,,Longo da via,Bom,Não existe,Perfeito estado,Seca,Perfeito estado,Não existe,Não há placas,,Dupla,Canteiro central,,
2020-02-11,08:46:00,COM VÍTIMA,FINALIZADA,AFOGADOS,EST DOS REMEDIOS,957,,20 METROS APÓS O PAGODE DO CALDINHO,AFOGADOS,,MADALENA,ABALROAMENTO LONGITUDINAL,COLISÃO C/VITIMA ENTRE UM AUTO E UMA MOTO,1,1,,,,,,,,2,,Longo da via,Bom,Não existe,Perfeito estado,Seca,Perfeito estado,Não existe,R-6a,,Única,Faixa seccionada,,
2020-02-11,08:52:00,SEM VÍTIMA,CANCELADA,SANTO AMARO,RUA GENERAL ABREU E LIMA,,,POR TRAS DO CEMITERIO DOS INGLESES,SANTO AMARO,,,COLISÃO,CAMINHÃO E AUTO PONTO FIXO GM´VICENTE E PASSO,1,,,,,1,,,,0,,,,,,,,,,,,,,
2020-02-11,08:59:00,SEM VÍTIMA,CANCELADA,CAÇOTE,AV RECIFE,3777,,E/F AO BIG BOMPREÇO,CAÇOTE,,,COLISÃO,COLISÃO S/VITIMAS ENTRE UMA MOTO E UM AUTO,1,1,,,,,,,,0,,,,,,,,,,,,,,
2020-02-11,09:20:00,SEM VÍTIMA,FINALIZADA,BOA VIAGEM,RUA ANTONIO FALCAO,472,,E/F A FRIO PEÇAS AR CONDICIONADO,BOA VIAGEM,,SUBURBIO,COLISÃO,COLISÃO S/VITIMAS ENTRE QUATRO AUTOS (BATEDORES URLEY E ANDRE FABIANO NO QTH),4,,,,,,,,,0,,Longo da via,Bom,Não existe,Perfeito estado,Seca,Perfeito estado,Não existe,,,Única,Faixa seccionada,,
2020-02-11,09:45:00,SEM VÍTIMA,FINALIZADA,SANTO AMARO,RUA DO POMBAL,115,,E/F AO CENTRO DE SAUDE VALDEMAR DE OLIVEIRA,SANTO AMARO,,,COLISÃO,COLISÃO S/VITIMAS ENTRE DOIS AUTOS,2,,,,,,,,,0,,Longo da via,Bom,Não existe,Não existente,Seca,Perfeito estado,Não existe,Não há placas,,Única,Não existe,,
2020-02-11,10:04:00,SEM VÍTIMA,DUPLICIDADE,BOA VISTA,RUA PRINCESA IZABEL,,,EM FRENTE A CAMARA DE VEREADORES,BOA VISTA,,CIDADE,COLISÃO,SEM VITIMAS/CTTU NO LOCAL/GM MAYARA LIMA/GM GUIMARÃES,,,,,,1,1,,,0,,,,,,,,,,,,,,
2020-02-11,10:05:00,SEM VÍTIMA,FINALIZADA,BOA VISTA,RUA PRINCESA IZABEL,,RUA DO HOSPICIO,EM FRENTE A CAMARA MUNICIPAL,BOA VISTA,31,CIDADE,COLISÃO,CAMINHÃO E ONIBUS    PONTO FIXO GM´S GUIMARAES E MAIARA,,,,,,1,1,,,0,,Cruzamento,Bom,Sem defeito,Perfeito estado,Seca,Perfeito estado,Agente,Não há placas,60 km/h,Única,Faixa contínua,Faixa seccionada,
2020-02-11,10:14:00,SEM VÍTIMA,CANCELADA,IPUTINGA,AV CAXANGA,3696,RUA DAVID NASSER,EM FRENTE A MONTE CARLOS,IPUTINGA,8,,COLISÃO,SEM VITIMAS,2,,,,,,,,,0,,,,,,,,,,,,,,
2020-02-11,10:16:00,SEM VÍTIMA,CANCELADA,ÁGUA FRIA,AV BEBERIBE,,,EM FRENTE AO MERCADINHO DOIS IRMÃOS,ÁGUA FRIA,,,COLISÃO,AUTO E MOTO,1,1,,,,,,,,0,,,,,,,,,,,,,,
2020-02-11,10:33:00,SEM VÍTIMA,FINALIZADA,JARDIM SÃO PAULO,AV LIBERDADE,364,,E/F A DRACO,JARDIM SÃO PAULO,,,COLISÃO,COLISÃO S/VITIMAS ENTRE DOIS AUTOS,1,,,,,,,1,,0,,Longo da via,Bom,Não existe,Perfeito estado,Seca,Perfeito estado,Não existe,Não há placas,,Dupla,Faixa contínua,,
2020-02-11,10:52:00,SEM VÍTIMA,FINALIZADA,IMBIRIBEIRA,RUA JOAQUIM BANDEIRA,,AV MARECHAL MASCARENHAS DE MORAES,EM FRENTE A MITISUBSHI PEÇAS E SERVIÇOS,IMBIRIBEIRA,534,,COLISÃO,SEM VITIMAS,1,,,,,,1,,,0,,Esquina,Bom,Sem defeito,Perfeito estado,Seca,Perfeito estado,Faixa de retenção,,60 km/h,Dupla,Faixa seccionada,,
2020-02-11,10:53:00,SEM VÍTIMA,CANCELADA,SÃO JOSÉ,RUA IMPERIAL,,,AO LADO DA RECICLAGEM DA PREFEITURA,SÃO JOSÉ,,CIDADE,COLISÃO,,1,,,,,,1,,,0,,,,,,,,,,,,,,
2020-02-11,11:04:00,COM VÍTIMA,FINALIZADA,IPSEP,AV RECIFE,3033,,LADO OPOSTO A ORTONOBRE COLCHÕES,IPSEP,,SUBURBIO,COLISÃO TRASEIRA,COLISÃO C/VITIMA ENTRE UMA MOTO E UM AUTO,1,1,,,,,,,,1,,Longo da via,Bom,Não existe,Perfeito estado,Seca,Perfeito estado,Não existe,Não há placas,,Única,Faixa seccionada,,
2020-02-11,11:07:00,SEM VÍTIMA,CANCELADA,IMBIRIBEIRA,AV MARECHAL MASCARENHAS DE MORAES,,,EMBAIXO DO VIADUTO TANCREDO NEVES,IMBIRIBEIRA,,AFOGADOS,COLISÃO,SEM VITIMAS,2,,,,,,,,,0,,,,,,,,,,,,,,
2020-02-11,11:27:00,SEM VÍTIMA,FINALIZADA,GRAÇAS,AV RUI BARBOSA,141 C,,E/F A PRAÇA DO ENTRONCAMENTO,GRAÇAS,,CIDADE,COLISÃO,COLISÃO S/VITIMAS ENTRE DOIS AUTOS (PONTO FIXO POLIANA ÁTICO NO QTH),2,,,,,,,,,0,,Longo da via,Bom,Não existe,Perfeito estado,Seca,Perfeito estado,Não existe,Outras,60 km/h,Única,Faixa seccionada,,
2020-02-11,11:30:00,SEM VÍTIMA,CANCELADA,CABANGA,AV SUL,,,EMBAIXO DA ALÇA DO VIADUTO CAPITÃO TEMUDO -EM FRENTE AO POSTO PETROBRAS DESATIVADO,CABANGA,,,COLISÃO,SEM VITIMAS,1,1,,,,,,,,0,,,,,,,,,,,,,,
2020-02-11,12:22:00,SEM VÍTIMA,FINALIZADA,CORDEIRO,AV ENGENHEIRO ABDIAS DE CARVALHO,1208,,LADO OPOSTO AO COMPAZ,CORDEIRO,58,CIDADE,COLISÃO,COLISÃO S/VITIMAS ENTRE DOIS AUTOS (PONTO FIXO ALMEIDA VELOSO NO QTH),2,,,,,,,,,0,,Longo da via,Bom,Sem defeito,Perfeito estado,Seca,Perfeito estado,Faixa de pedestre,,,Dupla,Faixa contínua,Faixa seccionada,Canteiro central