data,hora,natureza_acidente,situacao,bairro,endereco,numero,detalhe_endereco_acidente,complemento,bairro_cruzamento,num_semaforo,sentido_via,tipo,descricao,auto,moto,ciclom,ciclista,pedestre,onibus,caminhao,viatura,outros,vitimas,vitimasfatais,acidente_verificado,tempo_clima,situacao_semaforo,sinalizacao,condicao_via,conservacao_via,ponto_controle,situacao_placa,velocidade_max_via,mao_direcao,divisao_via1,divisao_via2,divisao_via3
2020-02-17,07:14:00,COM VÍTIMA,FINALIZADA,BOA VIAGEM,RUA PADRE CARAPUCEIRO,968,,EM FRENTE AO EMPRESARIAL JANETE COSTA,BOA VIAGEM,,CIDADE,COLISÃO TRASEIRA,MOTO E AUTO PASSEIO,1,1,,,,,,,,1,,Longo da via,Bom,Não existe,Perfeito estado,Seca,Perfeito estado,Não existe,Outras,,Única,Faixa seccionada,,
2020-02-17,07:26:00,SEM VÍTIMA,FINALIZADA,DERBY,RUA JOAQUIM NABUCO,,AV GOVERNADOR AGAMENON MAGALHAES,E/F AO ESTACIONAMENTO DO HOSPITAL DA RESTAURAÇÃO,DERBY,174,,COLISÃO,COLISÃO S/VITIMAS ENTRE DOIS AUTOS (GM EVERTON SILVA E EVANDRO RAMOS NO QTH),2,,,,,,,,,0,,Longo da via,Bom,Sem defeito,Perfeito estado,Seca,Perfeito estado,Agente,Outras,60 km/h,Única,Faixa seccionada,,
2020-02-17,07:41:00,SEM VÍTIMA,FINALIZADA,SANTO AMARO,AV GOVERNADOR AGAMENON MAGALHAES,151,,LADO OPOSTO AO POSTO BR,SANTO AMARO,378,,COLISÃO,COLISÃO S/VITIMAS ENTRE UM AUTO E UM ONIBUS (GM IVAN E DANILO NO QTH),1,,,,,1,,,,0,,Outros,Bom,Sem defeito,Perfeito estado,Seca,Perfeito estado,Faixa de pedestre,Não há placas,60 km/h,Dupla,Canteiro central,,
2020-02-17,08:29:00,SEM VÍTIMA,FINALIZADA,ENGENHO DO MEIO,RUA ANTONIO CURADO,30,,EM FRENTE AO CLUBE DA SUDENE,ENGENHO DO MEIO,,,COLISÃO,DOIS AUTOS,2,,,,,,,,,0,,Longo da via,Bom,Não existe,,Seca,Perfeito estado,,,40 km/h,Dupla,Faixa seccionada,,
2020-02-17,08:45:00,COM VÍTIMA,FINALIZADA,IMBIRIBEIRA,RUA JULIO VERNE,217,RUA ARQUITETO LUIZ NUNES,AO LADO DA PAPELARIA BORGES,IMBIRIBEIRA,,SUBURBIO,ABALROAMENTO LONGITUDINAL,COLISÃO C/VITIMAS ENTRE UMA MOTO E UM AUTO,1,1,,,,,,,,1,,Longo da via,Bom,Não existe,Perfeito estado,Seca,Perfeito estado,Não existe,Não há placas,,Única,Faixa seccionada,,
2020-02-17,08:52:00,COM VÍTIMA,FINALIZADA,IMBIRIBEIRA,AV MARECHAL MASCARENHAS DE MORAES,7935A,,LADO OPOSTO DA CAIXA ECONOMICA- SENT. JABOATÃO - CONTINENTAL DRIVE AUTO CENTER,IMBIRIBEIRA,625,SUBURBIO,COLISÃO TRASEIRA,AUTO E MOTO,1,1,,,,,,,,1,,Longo da via,Bom,Sem defeito,Perfeito estado,Seca,Perfeito estado,Não existe,Não há placas,60 km/h,Dupla,Canteiro central,,
2020-02-17,08:52:00,SEM VÍTIMA,FINALIZADA,MADALENA,AV ENGENHEIRO ABDIAS DE CARVALHO,2990,,E/F AO CAMARÃO DO LÉO,MADALENA,,CIDADE,COLISÃO,COLISÃO S/VITIMAS ENTRE UM AUTO E UMA MOTO,1,1,,,,,,,,0,,Longo da via,Bom,Não existe,Perfeito estado,Seca,Perfeito estado,Não existe,R-6a,,Dupla,Canteiro central,,
2020-02-17,09:27:00,SEM VÍTIMA,FINALIZADA,GRAÇAS,AV RUI BARBOSA,218,,EM FRENTE AO BANCO ITAU,GRAÇAS,102,CIDADE,COLISÃO,DOIS AUTOS,2,,,,,,,,,0,,Longo da via,Bom,Sem defeito,Perfeito estado,Seca,Perfeito estado,Faixa de pedestre,Outras,60 km/h,Única,Faixa contínua,,
2020-02-17,09:47:00,COM VÍTIMA,FINALIZADA,ILHA DO LEITE,RUA SENADOR JOSE HENRIQUE,,RUA ESTADO DE ISRAEL,ESQUINA DA ESCOLA POETA MANOEL BANDEIRA,ILHA DO LEITE,,SUBURBIO,ABALROAMENTO LONGITUDINAL,AUTO E MOTO,1,1,,,,,,,,1,,Longo da via,Bom,Não existe,Perfeito estado,Seca,Perfeito estado,Faixa de pedestre,Placas Pare,,Única,Faixa seccionada,,
2020-02-17,09:54:00,SEM VÍTIMA,FINALIZADA,CORDEIRO,RUA PACIFICO DA LUZ,104,,EM FRENT AO PORTAL DA CARNE DE SOL,CORDEIRO,,SUBURBIO,COLISÃO,CAMINHAO DO LIXO E AUTO PASSEIO,1,,,,,,1,,,0,,Longo da via,Bom,Não existe,Não existente,Seca,Mal conservada,Não existe,Não há placas,,Dupla,Não existe,,
2020-02-17,10:05:00,SEM VÍTIMA,FINALIZADA,BOA VISTA,AV JOAO DE BARROS,35,RUA MONTE CASTELO,E/F A PG AUTO POSTO (AUTOS ESTACIONADOS DENTRO DO POSTO),BOA VISTA,356,CIDADE,COLISÃO,COLISÃO S/VITIMAS ENTRE DOIS AUTOS,2,,,,,,,,,0,,Longo da via,Bom,Sem defeito,Perfeito estado,Seca,Perfeito estado,,Não há placas,,Única,,,
2020-02-17,10:06:00,COM VÍTIMA,FINALIZADA,IMBIRIBEIRA,AV MARECHAL MASCARENHAS DE MORAES,4762,,EM FRENT A CASA DAS EMBREAGENS,IMBIRIBEIRA,,SUBURBIO,COLISÃO TRASEIRA,TRES MOTOS E UM AUTO PASSEIO / MTS 03 / 31 NO QTH,1,3,,,,,,,,1,,Longo da via,Chuvoso,Não existe,Não existente,Molhada,Perfeito estado,Não existe,,60 km/h,Dupla,Faixa seccionada,,
2020-02-17,10:23:00,SEM VÍTIMA,CANCELADA,CAXANGÁ,AV CAXANGA,731,,EM FRENTE A LOJA PLAZA VEICULOS,CAXANGÁ,,CIDADE,COLISÃO,DOIS AUTOS,2,,,,,,,,,0,,,,,,,,,,,,,,
2020-02-17,10:25:00,SEM VÍTIMA,FINALIZADA,IBURA,RUA VALE DO CARIRI,26,,PROX. AO TREVO E ARAMAZEM JUPITER,IBURA,,,COLISÃO,CAMINHÃO E AUTO,1,,,,,,1,,,0,,Longo da via,Bom,Não existe,Incompleta,Seca,Perfeito estado,Não existe,Não há placas,30 km/h,Dupla,Não existe,,
2020-02-17,10:50:00,SEM VÍTIMA,FINALIZADA,JARDIM SÃO PAULO,RUA GUEDES ALCOFORADO,87 A,,EM FRENTE AO ATELIER DIVINA MODA,JARDIM SÃO PAULO,,,COLISÃO,ONIBUS E AUTO PASSEIO,1,,,,,1,,,,0,,Esquina,Bom,,Não existente,Seca,Perfeito estado,Não existe,Não há placas,,Dupla,Não existe,,
2020-02-17,10:58:00,COM VÍTIMA,FINALIZADA,CAMPO GRANDE,RUA JERONIMO VILELA,161,RUA MARQUES DE ABRANTES,EM FRENTE A LOJA GRÃO NATURAL,CAMPO GRANDE,,,COLISÃO FRONTAL,AUTO E MOTO,1,1,,,,,,,,1,,Cruzamento,Bom,Não existe,Perfeito estado,Seca,Perfeito estado,Não existe,Outras,,Dupla,Faixa seccionada,,
2020-02-17,10:59:00,SEM VÍTIMA,FINALIZADA,BOA VIAGEM,AV BOA VIAGEM,6306,RUA JOAO CARDOSO AIRES,E/F AO EDF. ANTONIO DIAS CARDOSO,BOA VIAGEM,149,CIDADE,COLISÃO,COLISÃO S/VTIMAS ENTRE DOIS AUTOS,2,,,,,,,,,0,,Cruzamento,Bom,Sem defeito,Perfeito estado,Seca,Perfeito estado,Outros,Não há placas,,Única,Faixa contínua,,
2020-02-17,11:20:00,SEM VÍTIMA,FINALIZADA,IPSEP,RUA JEAN EMILE FAVRE,S/N,,E/F A DELTA VEICULOS,IPSEP,135,SUBURBIO,COLISÃO,COLISÃO S/VTIMAS ENTRE DOIS AUTOS,2,,,,,,,,,0,,Longo da via,Bom,Sem defeito,Perfeito estado,Seca,Perfeito estado,Faixa de pedestre,Outras,,Dupla,Faixa contínua,,
2020-02-17,13:11:00,SEM VÍTIMA,FINALIZADA,SÃO JOSÉ,AV SUL,,PRC SERGIO LORETO,EM FRENTE AO POSTE BO15328,SÃO JOSÉ,,,COLISÃO,COLISÃO SEM VITIMA,1,,,,,1,,,,0,,Longo da via,Bom,Não existe,Não existente,Seca,Perfeito estado,Não existe,Não há placas,60 km/h,Única,Faixa seccionada,,
2020-02-17,13:25:00,SEM VÍTIMA,CANCELADA,DERBY,AV GOVERNADOR AGAMENON MAGALHAES,241,,E/F AO CENTRO DE REPRODUÇAO HUMANA PISTA LOCAL CONDUTO SE DESLOCOU PARA RUA CARLOS DE LIMA CAVALCANTI,DERBY,,,COLISÃO,COLISAO ENTRE ONIBUS E AUTOS S/V,1,,,,,1,,,,0,,,,,,,,,,,,,,
2020-02-17,14:57:00,SEM VÍTIMA,CANCELADA,CASA AMARELA,AV NORTE,,,E/F AO DESKONTAO S/T CID,CASA AMARELA,,,COLISÃO,COLISAO ENTRE DOIS AUTOS S/V,2,,,,,,,,,0,,,,,,,,,,,,,,
2020-02-17,15:11:00,SEM VÍTIMA,FINALIZADA,MADALENA,AV ENGENHEIRO ABDIAS DE CARVALHO,2056,EST DOS REMEDIOS,FARMACIA INDEPENDENTE // DROGASIL,MADALENA,52,CIDADE,ENGAVETAMENTO,ENGAVETAMENTO ENTRE TRES VEICULOS. VT 16 GM: GEANE E BRUNO CORREIA NO LOCAL,3,,,,,,,,,0,,Cruzamento,Bom,Sem defeito,Incompleta,Seca,Perfeito estado,Agente,R-6a,,Dupla,Faixa seccionada,,
2020-02-17,15:15:00,SEM VÍTIMA,FINALIZADA,AFOGADOS,RUA DA PAZ,82,RUA NICOLAU PEREIRA,E/F A FABRICA DA ASA NO SEMAFORO 073,AFOGADOS,,,COLISÃO,COLISAO NETRE DOIS AUTOS S/V,2,,,,,,,,,0,,Longo da via,Bom,Não existe,Ilegível,Seca,Mal conservada,Não existe,R-6a,,Única,Não existe,,
2020-02-17,15:49:00,COM VÍTIMA,FINALIZADA,SÃO JOSÉ,VDO DAS CINCO PONTAS,18,,16º BATALHAO,SÃO JOSÉ,,SUBURBIO,ABALROAMENTO LONGITUDINAL,COLISAO COM VITIMA ENTRE CARRO E MOTO. CARRO FOI EMBORA DO LOCAL,1,1,,,,,,,,1,,Viaduto,Bom,Não existe,Perfeito estado,Seca,Perfeito estado,Não existe,Outras,40 km/h,Única,Faixa seccionada,,
2020-02-17,16:14:00,SEM VÍTIMA,FINALIZADA,JOANA BEZERRA,AV DES GUERRA BARRETO,S/N,,E/F AO FORUM JOANA BEZERRA,JOANA BEZERRA,,CIDADE,COLISÃO,COLISAO ENTRE DOIS AUTOS S/V,2,,,,,,,,,0,,Longo da via,Bom,Não existe,Perfeito estado,Seca,Perfeito estado,Faixa de pedestre,R-6a,,Dupla,Faixa contínua,,
2020-02-17,16:45:00,SEM VÍTIMA,FINALIZADA,SÃO JOSÉ,AV ENGENHEIRO JOSE ESTELITA,,,PROX AO CABANGA E/F AO CAIS,SÃO JOSÉ,,SUBURBIO,COLISÃO,COLISAO ENTRE DOIS AUTOS S/V,1,1,,,,,,,,0,,Longo da via,Bom,Não existe,Perfeito estado,Seca,Perfeito estado,Não existe,Não há placas,,Dupla,Canteiro central,,
2020-02-17,17:23:00,COM VÍTIMA,FINALIZADA,ENCRUZILHADA,AV BEBERIBE,575B,,E/F A FERREIRA PINTO E ESTRELINHA KIDS.,ENCRUZILHADA,480,CIDADE,COLISÃO,COLISAO COM VITIMA,,1,,,,1,,,,1,,Longo da via,Bom,Sem defeito,Perfeito estado,Seca,Perfeito estado,,R-6a,,Dupla,Faixa contínua,Faixa seccionada,
2020-02-17,18:01:00,SEM VÍTIMA,FINALIZADA,AREIAS,RUA CAPITAO BRAZ DE BARROS,84,,POR TRÁS DO TERMINAL VILA CARDIAL SILVA,AREIAS,,,COLISÃO,ENTRE 2 AUTOS. S/V,2,,,,,,,,,0,,Cruzamento,Bom,Não existe,Não existente,Seca,Perfeito estado,Não existe,Não há placas,,Dupla,Não existe,,
2020-02-17,18:06:00,COM VÍTIMA,CANCELADA,DOIS UNIDOS,AV HILDEBRANDO DE VASCONCELOS,,,E/F AO SUPERMERCADO GALEGO E TERMINAL DE DOIS UNIDOS,DOIS UNIDOS,,,COLISÃO COM CICLISTA,ENTRE AUTO E CICLISTA. C/V,1,,,1,,,,,,1,,,,,,,,,,,,,,
2020-02-17,18:21:00,SEM VÍTIMA,FINALIZADA,BOA VIAGEM,AV CONSELHEIRO AGUIAR,2034,,E/F AO MINUTO PÃO DE AÇUCAR,BOA VIAGEM,,CIDADE,ENGAVETAMENTO,ENTRE 3 AUTOS. S/V,3,,,,,,,,,0,,Longo da via,Bom,Não existe,Perfeito estado,Seca,Perfeito estado,Não existe,Outras,,Única,Faixa seccionada,,
2020-02-17,19:29:00,SEM VÍTIMA,FINALIZADA,PAISSANDU,RUA PAISSANDU,S/N,RUA EPAMINONDAS DE MELO,PROX A PARADA DE ONIBUS,PAISSANDU,69,SUBURBIO,COLISÃO,FIAT UNO X,2,,,,,,,,,0,,Cruzamento,Bom,Sem defeito,Perfeito estado,Seca,Mal iluminada,Faixa de pedestre,Não há placas,60 km/h,Única,Faixa seccionada,,
2020-02-17,19:49:00,COM VÍTIMA,FINALIZADA,VÁRZEA,AV CAXANGA,,,SOBRE A PONTE MAL. HUMBERTO CASTELO BRANCO SENTIDO CAMARAGIBE,VÁRZEA,,SUBURBIO,ABALROAMENTO LONGITUDINAL,AUTO E MOTO.,1,1,,,,,,,,1,,Longo da via,Bom,Não existe,Perfeito estado,Seca,Perfeito estado,Não existe,Não há placas,,Dupla,Faixa seccionada,Canteiro central,
2020-02-17,20:03:00,COM VÍTIMA,FINALIZADA,DOIS IRMÃOS,RUA DOIS IRMAOS,523,,PROX A ROSE BELTRAO RECEPÇOES,DOIS IRMÃOS,,CIDADE,CHOQUE OBJETO FIXO,VEICULO CHOCOU-SE COM ARVORE,1,,,,,,,,,1,,Longo da via,Bom,Não existe,Ilegível,Seca,Mal iluminada,Não existe,Não há placas,,Dupla,Faixa contínua,,
2020-02-17,21:09:00,SEM VÍTIMA,FINALIZADA,DERBY,AV GOVERNADOR AGAMENON MAGALHAES,,RUA JORNALISTA PAULO BITTENCOURT,E/F AO HOSPITAl DA RESTAURAÇÃO,DERBY,,,COLISÃO,ENTRE ÕNIBUS E AUTO PASSEIO. S/V,1,,,,,1,,,,0,,Esquina,Bom,Não existe,Perfeito estado,Seca,Perfeito estado,Não existe,Não há placas,60 km/h,Dupla,Canal,,
2020-02-17,21:43:00,SEM VÍTIMA,FINALIZADA,BOA VIAGEM,AV BEIRA MAR,114,,IGRAJA BEIRA MAR (FAMILIA 61),BOA VIAGEM,,SUBURBIO,COLISÃO,TUCSON X ONIBUS BORBOREMA,1,,,,,1,,,,0,,Longo da via,Bom,Sem defeito,Perfeito estado,Seca,Perfeito estado,Faixa de pedestre,Não há placas,60 km/h,Única,Faixa seccionada,,
2020-02-17,22:20:00,COM VÍTIMA,FINALIZADA,IBURA,RUA RIO DA PRATA,244,,PRÓX AO CANAL. PRÓXIMO A LEO CAR.,IBURA,,,ABALROAMENTO LONGITUDINAL,ENTRE VT DA POLÍCIA E MOTO. C/V,,1,,,,,,1,,1,,Longo da via,Bom,Não existe,Ilegível,Seca,Perfeito estado,Não existe,Não há placas,,Dupla,Não existe,,
2020-02-18,05:35:00,COM VÍTIMA,FINALIZADA,ARRUDA,AV BEBERIBE,,AV PROFESSOR JOSE DOS ANJOS,EM FRENTE AO POSTO BR,ARRUDA,131,CIDADE,ABALROAMENTO LONGITUDINAL,ABALROAMENTO SEGUIDO DE ATROPELAMENTO ENVOLVENDO ÔNIBUS- AUTO E PEDESTRE C/V,1,,,,1,1,,,,1,,Longo da via,Bom,Sem defeito,Perfeito estado,Seca,Perfeito estado,Faixa de pedestre,Não há placas,,Dupla,Faixa contínua,,
2020-02-18,08:17:00,SEM VÍTIMA,FINALIZADA,PINA,AV ANTONIO DE GOES,,AV CONSELHEIRO AGUIAR,EM FRENTE A HONDA,PINA,226,CIDADE,COLISÃO,DOIS AUTOS // GM SUB NATALICIO P.O NO QTH,2,,,,,,,,,0,,Longo da via,Bom,Sem defeito,Perfeito estado,Seca,Perfeito estado,Agente,R-8a,60 km/h,Única,Faixa contínua,Faixa seccionada,
2020-02-18,08:23:00,SEM VÍTIMA,FINALIZADA,AREIAS,AV RECIFE,,AV CAPITAO GREGORIO DE CALDAS,NA ENTRADA DA VILA CARDEAL  AO LADO DO BIG BOM PREÇO,AREIAS,494,CIDADE,COLISÃO,COLISÃO SEM VITIMAS,1,,,,,1,,,,0,,Esquina,Bom,Sem defeito,Incompleta,Seca,Perfeito estado,Faixa de pedestre,Não há placas,,Dupla,Faixa seccionada,,
2020-02-18,08:33:00,COM VÍTIMA,FINALIZADA,ENGENHO DO MEIO,RUA ANTONIO CURADO,80,RUA FRANCISCO BEZERRA MONTEIRO,EM FRENTE ACADEMIA  AG FITNESS,ENGENHO DO MEIO,,,COLISÃO COM CICLISTA,VITIMA A ESPERA  DO SAMU,1,,,1,,,,,,1,,Esquina,Bom,Não existe,Perfeito estado,Seca,Perfeito estado,Não existe,Não há placas,,Dupla,Faixa seccionada,,
2020-02-18,09:36:00,COM VÍTIMA,FINALIZADA,JOANA BEZERRA,RUA CONCEICAO DE MACABU,,,ENTRADA DA TI JOANA BEZERRA,JOANA BEZERRA,,CIDADE,ATROPELAMENTO,ONIBUS E PEDESTRE,,,,,1,1,,,,1,,Longo da via,Bom,Não existe,Perfeito estado,Seca,Perfeito estado,Não existe,Não há placas,20 km/h,Única,Faixa seccionada,,
2020-02-18,09:53:00,COM VÍTIMA,FINALIZADA,PINA,AV ANTONIO DE GOES,275,,EM FRENTE  AO ITC  INTERNACIONAL  TRADE CENTER,PINA,,CIDADE,COLISÃO COM CICLISTA,COLISÃO ENTRE AUTO- MOTO E BICICLETA NÃO IDENTIFICADA POIS FOI RETIRADA DO LOCAL POR POPULARES.,1,1,,1,,,,,,1,,Longo da via,Bom,Não existe,Perfeito estado,Seca,Perfeito estado,Não existe,Não há placas,60 km/h,Única,Faixa seccionada,,
2020-02-18,10:04:00,SEM VÍTIMA,FINALIZADA,ESTÂNCIA,AV RECIFE,5516,,EM FRENTE Á IMPERIAL EQUIPAMENROS,ESTÂNCIA,,CIDADE,COLISÃO,COLISAO SEM VITIMAS,2,,,,,,,,,0,,Longo da via,Bom,Não existe,Perfeito estado,Seca,Perfeito estado,Não existe,Não há placas,,Dupla,Faixa seccionada,,
2020-02-18,10:13:00,SEM VÍTIMA,FINALIZADA,PINA,AV ANTONIO DE GOES,312,RUA JOSE MARIANO FILHO,AO LADO  DA ARENA DDV  E AO EMPRESARIAL NEWTON  DE MELO  FAIXA  DA  DIREITA,PINA,538,CIDADE,COLISÃO,COLISÃO SEM VITIMAS,2,,,,,,,,,0,,Longo da via,Bom,Sem defeito,Perfeito estado,Seca,Perfeito estado,Agente,Outras,,Única,Faixa contínua,Faixa seccionada,
2020-02-18,11:23:00,SEM VÍTIMA,FINALIZADA,BOA VIAGEM,PRC INDUSTRIAL MIGUEL SANTOS,70,,EM FRENTE AO EDF. JAIME NEJAIM,BOA VIAGEM,,SUBURBIO,COLISÃO,DOIS AUTOS,2,,,,,,,,,0,,Outros,Bom,Não existe,Perfeito estado,Seca,Perfeito estado,Não existe,Não há placas,30 km/h,Única,Não existe,,
2020-02-18,12:21:00,SEM VÍTIMA,CANCELADA,ALTO JOSÉ DO PINHO,RUA ARACATIARA,,,E/F AO COLEGIO DAS FREIRAS E O MERCADINHO POPULAR,ALTO JOSÉ DO PINHO,,,COLISÃO,COLISAO ENTRE DUAS MOTOS E UM ALTO S/V,1,2,,,,,,,,0,,,,,,,,,,,,,,
2020-02-18,12:58:00,SEM VÍTIMA,FINALIZADA,JOANA BEZERRA,PTE JOSE DE BARROS LIMA,,,SENTIDO BOA VIAGEM,JOANA BEZERRA,,SUBURBIO,CHOQUE OBJETO FIXO,COM BLOCO DE CONCRETO E SEGUINDA TOMBAMENTO,1,,,,,,,,,0,,Longo da via,Bom,Não existe,Perfeito estado,Seca,Perfeito estado,Outros,Outras,60 km/h,Dupla,Faixa seccionada,Canteiro central,
2020-02-18,13:07:00,SEM VÍTIMA,CANCELADA,IMBIRIBEIRA,AV DOM JOAO VI,46,AV ANTONIO TORRES GALVAO,E/F A JUNIOR CAR INJEÇÃO ELETRÔNICA (SENT. BOA VIAGEM),IMBIRIBEIRA,543,,COLISÃO,COLISÃO S/VITIMAS ENTRE DOIS AUTOS,2,,,,,,,,,0,,,,,,,,,,,,,,
2020-02-18,13:22:00,SEM VÍTIMA,FINALIZADA,JOANA BEZERRA,AV DES GUERRA BARRETO,,AV BEIRA RIO,NO SEMAFORO 038 E/F AO FORUM JONA BEZERRA,JOANA BEZERRA,38,,COLISÃO,COLISAO ENTRE DOIS AUTOS S/V,2,,,,,,,,,0,,Longo da via,Bom,Sem defeito,Perfeito estado,Seca,Perfeito estado,Faixa de pedestre,R-25a,,Única,Faixa contínua,,
2020-02-18,14:08:00,SEM VÍTIMA,FINALIZADA,MACAXEIRA,RUA FLAVIO GUERRA,53,,EM FRENTE A FABRICA UNIGELO,MACAXEIRA,,SUBURBIO,COLISÃO,COLISÃO SEM VÍTIMA,1,,,,,,1,,,0,,Longo da via,Bom,Não existe,Não existente,Seca,Perfeito estado,Não existe,Não há placas,,Dupla,Não existe,,
2020-02-18,14:29:00,SEM VÍTIMA,FINALIZADA,MADALENA,RUA BENFICA,,,PROX A PRAÇA DO INTERNACIONAL E/F AO POSTO BR,MADALENA,515,SUBURBIO,COLISÃO,COLISAO ENTRE DOIS AUTOS S/V,2,,,,,,,,,0,,Longo da via,Bom,Sem defeito,Perfeito estado,Seca,Perfeito estado,Faixa de pedestre,Não há placas,60 km/h,Única,Faixa seccionada,,
2020-02-18,14:34:00,SEM VÍTIMA,FINALIZADA,IMBIRIBEIRA,AV ENGENHEIRO ALVES DE SOUZA,245,,EM FRENTE A DROGASIL,IMBIRIBEIRA,634,SUBURBIO,COLISÃO,COLISÃO SEM VÍTIMA,2,,,,,,,,,0,,Longo da via,Bom,Sem defeito,Perfeito estado,Seca,Perfeito estado,Faixa de pedestre,R-6a,,Dupla,Não existe,,
2020-02-18,14:53:00,COM VÍTIMA,FINALIZADA,PINA,AVENIDA CELSO FURTADO (VIA MANGUE),,,NA SUBIDA DO VIATUDO/ SENTIDO RIO MAR,PINA,,CIDADE,COLISÃO,COLISÃO COM VÍTIMA,2,1,,,,,,,,1,,Longo da via,Bom,Não existe,Perfeito estado,Seca,Perfeito estado,Não existe,Não há placas,60 km/h,Dupla,Canteiro central,,
2020-02-18,15:09:00,SEM VÍTIMA,FINALIZADA,BOA VISTA,RUA JOAQUIM FELIPE,60,,PREDIO DA CELPE,BOA VISTA,,SUBURBIO,ENGAVETAMENTO,S/ VITIMA ENTRE TRES VEICULOS,3,,,,,,,,,0,,Longo da via,Bom,Não existe,Perfeito estado,Seca,Perfeito estado,Não existe,R-6a,,Única,Faixa contínua,,
2020-02-18,15:16:00,SEM VÍTIMA,FINALIZADA,PINA,AV ENGENHEIRO DOMINGOS FERREIRA,306,,E/F AO SUPERMERCADO EXTRABOM,PINA,,SUBURBIO,COLISÃO,COLISÃO S/VITIMAS ENTRE DOIS AUTOS,2,,,,,,,,,0,,Longo da via,Bom,Não existe,Perfeito estado,Seca,Perfeito estado,Agente,Não há placas,60 km/h,Única,Canteiro central,,
2020-02-18,15:31:00,SEM VÍTIMA,FINALIZADA,CASA FORTE,AV DEZESSETE DE AGOSTO,1017,RUA SANT'ANNA,AO LADO DO CPOR RECIFE,CASA FORTE,389,SUBURBIO,COLISÃO,COLISÃO S/VITIMAS ENTRE DOIS AUTOS,2,,,,,,,,,0,,Longo da via,Bom,Não existe,Perfeito estado,Seca,Perfeito estado,Não existe,R-6a,,Dupla,Faixa contínua,Faixa seccionada,
2020-02-18,15:57:00,SEM VÍTIMA,FINALIZADA,BOA VIAGEM,RUA CAPITAO ZUZINHA,286,RUA SA E SOUZA,RESIDENCIAL JARDIM EUROPA,BOA VIAGEM,420,AEROPORTO/PRAIA,COLISÃO,COLISAO S/ VITIMA. ENTRE DOIS VEICULOS,2,,,,,,,,,0,,Longo da via,Bom,Sem defeito,Perfeito estado,Seca,Perfeito estado,Faixa de pedestre,Outras,,Única,Faixa seccionada,,
2020-02-18,16:27:00,SEM VÍTIMA,FINALIZADA,BOA VIAGEM,RUA DR JOAO GUILHERME DE P SOBRINHO,249,,NA RUA DO HOSPITAL DA UNIMED,BOA VIAGEM,,,COLISÃO,COLISAO ENTRE DOIS AUTOS S/V,2,,,,,,,,,0,,Longo da via,Bom,Não existe,Não existente,Seca,Mal conservada,Não existe,Não há placas,,Única,Não existe,,
2020-02-18,17:02:00,SEM VÍTIMA,FINALIZADA,VASCO DA GAMA,RUA DOIS DE FEVEREIRO,,,E/F A GRANJA SELECTA,VASCO DA GAMA,,,COLISÃO,COLISAO ENTRE MICRO ONIBUS E AUTOS S/V,1,,,,,1,,,,0,,,,,,,,,,,,,,
2020-02-18,17:22:00,SEM VÍTIMA,FINALIZADA,ILHA DO LEITE,RUA GENERAL JOAQUIM INACIO,35,RUA ESTADO DE ISRAEL,E/F A FARMACIA PAGUE MENOS BATEDOR DA MOTO 22 E 34 NO LOCAL,ILHA DO LEITE,373,,COLISÃO,COLISAO ENTRE TRES AUTOS S/V,3,,,,,,,,,0,,Longo da via,Bom,Sem defeito,Perfeito estado,Seca,Perfeito estado,Faixa de pedestre,R-4b,,Única,Faixa contínua,,
2020-02-18,17:44:00,COM VÍTIMA,FINALIZADA,PINA,AV ENGENHEIRO DOMINGOS FERREIRA,170,,E/F A ASISTENCIA TÉCNICA DA SAMSUNG,PINA,,SUBURBIO,COLISÃO TRASEIRA,COLISÃO C/VITIMA ENTRE UMA MOTO E UM AUTO,1,1,,,,,,,,1,,Longo da via,Bom,Não existe,Perfeito estado,Seca,Perfeito estado,Não existe,R-6a,,Única,Faixa seccionada,,
2020-02-18,17:49:00,SEM VÍTIMA,FINALIZADA,JORDÃO,AV MARIA IRENE,,,EMBAIXO DO TÚNEL,JORDÃO,,SUBURBIO,COLISÃO,COLISÃO S/VITIMAS,2,,,,,,,,,0,,Outros,Bom,Não existe,Não existente,Seca,Mal conservada,Não existe,Não há placas,60 km/h,Dupla,Canteiro central,,
2020-02-18,18:54:00,COM VÍTIMA,FINALIZADA,SANTO AMARO,AV GOVERNADOR AGAMENON MAGALHAES,,AV DR JAYME DA FONTE,AO LADO DO INSTITUTO CRIMINALISTA- SNT OLINDA,SANTO AMARO,49,SUBURBIO,COLISÃO TRASEIRA,MOTO X AUTO. C/V,1,1,,,,,,,,1,,Longo da via,Bom,Sem defeito,Perfeito estado,Seca,Perfeito estado,Faixa de pedestre,Não há placas,,Dupla,Canal,,