data,hora,natureza_acidente,situacao,bairro,endereco,numero,detalhe_endereco_acidente,complemento,bairro_cruzamento,num_semaforo,sentido_via,tipo,descricao,auto,moto,ciclom,ciclista,pedestre,onibus,caminhao,viatura,outros,vitimas,vitimasfatais,acidente_verificado,tempo_clima,situacao_semaforo,sinalizacao,condicao_via,conservacao_via,ponto_controle,situacao_placa,velocidade_max_via,mao_direcao,divisao_via1,divisao_via2,divisao_via3
2020-03-09,17:16:00,SEM VÍTIMA,FINALIZADA,IPSEP,AV RECIFE,,,CARLOS FILMS EQUIPADORA,IPSEP,319,,COLISÃO TRASEIRA,COLISAO S/ VITIMA ENTRE DOIS VEICULOS,2,,,,,,,,,0,,Longo da via,Bom,Sem defeito,Perfeito estado,Seca,Perfeito estado,Faixa de pedestre,Outras,60 km/h,Dupla,Faixa contínua,Faixa seccionada,Canteiro central
2020-03-09,18:12:00,SEM VÍTIMA,FINALIZADA,IMBIRIBEIRA,AV MARECHAL MASCARENHAS DE MORAES,,,SOBRE O VIADULTO TANCREDO NEVES,IMBIRIBEIRA,,SUBURBIO,COLISÃO TRASEIRA,PRISMA X VOYAGE,2,,,,,,,,,0,,Longo da via,Bom,Não existe,Perfeito estado,Seca,Perfeito estado,Agente,Não há placas,40 km/h,Única,Faixa seccionada,,
2020-03-09,18:28:00,SEM VÍTIMA,FINALIZADA,CAMPO GRANDE,EST DE BELEM,1217,RUA JERONIMO VILELA,IGREJA EVANGELICA BRASILEIRA,CAMPO GRANDE,,CIDADE,ABALROAMENTO LONGITUDINAL,CAMINHAO X GRAND SIENA,1,,,,,,1,,,0,,Longo da via,Bom,Sem defeito,Perfeito estado,Seca,Perfeito estado,Faixa de pedestre,Não há placas,,Dupla,Faixa seccionada,,
2020-03-09,18:33:00,SEM VÍTIMA,FINALIZADA,,RUA MADRE DEUS,,CAIS DA ALFANDEGA,ESTACIONAMENTO PAÇO ALFÂNDEGA,,477,SUBURBIO,ABALROAMENTO LONGITUDINAL,TAXI E CAMINHAO,1,,,,,,1,,,0,,Cruzamento,Bom,Sem defeito,Perfeito estado,Seca,Perfeito estado,Agente,Não há placas,,Única,Faixa contínua,,
2020-03-09,18:35:00,COM VÍTIMA,FINALIZADA,IPSEP,RUA JEAN EMILE FAVRE,539,,PROX A FACULDADE BOA VIAGEM,IPSEP,,CIDADE,ABALROAMENTO LONGITUDINAL,COLISAO COM VITIMAS,1,1,,,,,,,,1,,Longo da via,Bom,Não existe,Perfeito estado,Seca,Perfeito estado,Não existe,Outras,,Dupla,Faixa contínua,Faixa seccionada,
2020-03-09,19:03:00,SEM VÍTIMA,CANCELADA,BOA VIAGEM,RUA SA E SOUZA,263,,ENF. AO EDF. MIRA MAR E PADARIA SANTA ROSA,BOA VIAGEM,,,COLISÃO,HB 20 X PALIO,2,,,,,,,,,0,,,,,,,,,,,,,,
2020-03-09,19:08:00,SEM VÍTIMA,CANCELADA,BOA VIAGEM,RUA JOSE HIPOLITO CARDOSO,225,RUA GENERAL SALGADO,ENF. A BUDEGA DO RAFHA,BOA VIAGEM,,,COLISÃO,ONIBUS BORBOREMA X PORSCHE,1,,,,,1,,,,0,,,,,,,,,,,,,,
2020-03-09,19:14:00,SEM VÍTIMA,CANCELADA,BREJO DE BEBERIBE,RUA ALTO DO EUCALIPTO,816,,PROX ASSOCIAÇAO DOS MORADORES,BREJO DE BEBERIBE,,,COLISÃO,DOIS AUTOS,2,,,,,,,,,0,,,,,,,,,,,,,,
2020-03-09,19:17:00,SEM VÍTIMA,FINALIZADA,PINA,AV ANTONIO DE GOES,,,EM FRENTE AO EMPRESARIAL JCPM,PINA,,CIDADE,ABALROAMENTO LONGITUDINAL,COLISAO DE DOIS AUTOS,2,,,,,,,,,0,,Longo da via,Bom,Não existe,Perfeito estado,Seca,Perfeito estado,Não existe,Outras,60 km/h,Dupla,Faixa contínua,Canteiro central,
2020-03-09,19:43:00,COM VÍTIMA,CANCELADA,IPSEP,AV RECIFE,2785,,PROX A FARMACIA PAGUEMENOS E MERCANTIL BATERIAS //SENTIDO CAXANGA,IPSEP,,,COLISÃO,MOTO X HB 20,1,1,,,,,,,,1,,,,,,,,,,,,,,
2020-03-09,19:57:00,SEM VÍTIMA,FINALIZADA,PINA,AV ENGENHEIRO DOMINGOS FERREIRA,0,,E/F ESCOLA MUNICIPAL OSWALDO LIMA FILHO,PINA,200,SUBURBIO,ABALROAMENTO LONGITUDINAL,ONIBUS BORBOREMA X AUTO,1,,,,,1,,,,0,,Longo da via,Bom,Sem defeito,Perfeito estado,Seca,Perfeito estado,Faixa de pedestre,,,Única,Canteiro central,,
2020-03-09,20:01:00,COM VÍTIMA,FINALIZADA,DOIS UNIDOS,AV HILDEBRANDO DE VASCONCELOS,1017,,E/F A FABRICA DA MINEVA,DOIS UNIDOS,,SUBURBIO,ABALROAMENTO LONGITUDINAL,COLISAO COM VITIMAS,,2,,,,,,,,3,,Longo da via,Bom,Não existe,Perfeito estado,Seca,,Não existe,Outras,,Dupla,Não existe,,
2020-03-09,20:04:00,COM VÍTIMA,FINALIZADA,TORRE,RUA JOAO TUDE DE MELO,,,SOBRE A PONTE DA TORRE SENTIDO DE CASA AMARELA,TORRE,,SUBURBIO,COLISÃO TRASEIRA,MOTO X AUTO   OBS: VT DA CTTU 13 ESTA NO LOCAL,1,1,,,,,,,,1,,Viaduto,Bom,Não existe,Não existente,Seca,Perfeito estado,,Não há placas,,Dupla,Canteiro central,,
2020-03-09,20:19:00,SEM VÍTIMA,FINALIZADA,GRAÇAS,RUA DEPUTADO PEDRO PIRES FERREIRA,913,,GALERIA JAQUEIRA PARK CENTER,GRAÇAS,,SUBURBIO,COLISÃO TRASEIRA,HONDA FIT X ECOESPORT,2,,,,,,,,,0,,Longo da via,Bom,Não existe,Perfeito estado,Seca,Perfeito estado,Não existe,Não há placas,,Dupla,Não existe,,
2020-03-09,20:47:00,SEM VÍTIMA,CANCELADA,MADALENA,RUA DEMOCRITO DE SOUZA FILHO,,RUA JOSE OSORIO,NO CRUZAMENTO MESMO,MADALENA,,,COLISÃO,COLISAO S/ VITIMAS,2,,,,,,,,,0,,,,,,,,,,,,,,
2020-03-09,21:06:00,SEM VÍTIMA,FINALIZADA,TORRE,RUA SOUZA BANDEIRA,,RUA TOMAZ GONZAGA,ESQUINA BAR DO LOURENÇO,TORRE,448,SUBURBIO,ABALROAMENTO TRANSVERSAL,GOL X SANDERO,2,,,,,,,,,0,,Cruzamento,Bom,Com defeito,Perfeito estado,Seca,Perfeito estado,Faixa de pedestre,,,Dupla,Faixa seccionada,,
2020-03-09,21:55:00,SEM VÍTIMA,FINALIZADA,SAN MARTIN,RUA JOSE VELOSO,,RUA APULCRO DE ASSUNCAO,,SAN MARTIN,,,ABALROAMENTO TRANSVERSAL,PRISMA X MARCH,2,,,,,,,,,0,,Cruzamento,Bom,Não existe,Perfeito estado,Seca,Perfeito estado,Não existe,Não há placas,,Dupla,Não existe,,
2020-03-10,06:48:00,SEM VÍTIMA,FINALIZADA,MADALENA,EST DOS REMEDIOS,2024,,EM FRENTE A CONSUMA,MADALENA,,,ABALROAMENTO TRANSVERSAL,COLISÃO SEM VITIMAS  GM FABIO QTH,2,,,,,,,,,0,,Longo da via,Bom,Não existe,Perfeito estado,Seca,Perfeito estado,Agente,Placas Pare,,Única,Faixa seccionada,,
2020-03-10,06:49:00,COM VÍTIMA,FINALIZADA,PINA,AV HERCULANO BANDEIRA,,,,PINA,657,SUBURBIO,COLISÃO TRASEIRA,COLISÃO ENTRE AOUTO E MOTO COM 1 VÍTIMA,1,1,,,,,,,,1,,Longo da via,Bom,Sem defeito,Perfeito estado,Seca,Perfeito estado,Faixa de pedestre,Outras,,Única,Faixa contínua,,
2020-03-10,06:57:00,SEM VÍTIMA,FINALIZADA,PRADO,AV ENGENHEIRO ABDIAS DE CARVALHO,333,,POSTO SHELL,PRADO,,CIDADE,COLISÃO TRASEIRA,COLISAO SEM VITMAS ENTRE UMA MOTO E DOIS CARROS- GM FELIPE NO QTH,2,1,,,,,,,,0,,Longo da via,Bom,Não existe,Perfeito estado,Seca,Perfeito estado,Não existe,Não há placas,,Única,Faixa seccionada,,
2020-03-10,06:59:00,COM VÍTIMA,FINALIZADA,CORDEIRO,RUA FRANCISCO CORTEZ,50,RUA WALFRIDO DE MEDEIROS,APOS O SUPERMERCADO IDEAL SEGUNDA A ESQ.,CORDEIRO,,,ABALROAMENTO TRANSVERSAL,MOTO E AUTO C/V,1,1,,,,,,,,1,,Cruzamento,Bom,Não existe,,Seca,,Não existe,Não há placas,,Dupla,Não existe,,
2020-03-10,07:21:00,SEM VÍTIMA,FINALIZADA,IPUTINGA,EST DO BARBALHO,229,,ANTONIA PLACAS,IPUTINGA,,CIDADE,ABALROAMENTO TRANSVERSAL,DOIS AUTOS (SEGUNDO SUB. ANTEOGENES E JOSENILDO MELO UMA DAS PARTES PASSOU MAL ANTES DO OCORRIDO E SERÁ SOCORRIDA PELO SAMU- POREM O MESMO INF. QUE A OCORRENCIA SERÁ REGISTRADA COMO S/V).,1,,,,,1,,,,0,,Longo da via,Bom,Não existe,Perfeito estado,Seca,Perfeito estado,Não existe,Não há placas,40 km/h,Única,Não existe,,
2020-03-10,07:51:00,SEM VÍTIMA,FINALIZADA,PINA,PTE AGAMENON MAGALHAES,,,E/F AO RESTAURANTE BARGAÇO,PINA,,CIDADE,COLISÃO FRONTAL,COLISÃO S/VITIMAS ENTRE DOIS AUTOS,2,,,,,,,,,0,,Ponte,Bom,Sem defeito,Perfeito estado,Seca,Perfeito estado,Não existe,Não há placas,60 km/h,Única,Faixa seccionada,,
2020-03-10,07:51:00,COM VÍTIMA,FINALIZADA,CAMPO GRANDE,EST DE BELEM,848,RUA PRUDENTE DE MORAES,CLINICA CENTRAL,CAMPO GRANDE,94,SUBURBIO,ATROPELAMENTO,COM VITIMAS,1,,,,1,,,,,1,,Cruzamento,Bom,Sem defeito,Perfeito estado,Seca,Perfeito estado,Faixa de pedestre,Outras,,Dupla,Faixa contínua,,
2020-03-10,08:03:00,SEM VÍTIMA,FINALIZADA,CIDADE UNIVERSITÁRIA,RUA GENERAL POLIDORO,494,RUA MARECHAL MANOEL LUIS OSORIO,PETISCARIA 351,CIDADE UNIVERSITÁRIA,,SUBURBIO,COLISÃO TRASEIRA,COLISÃO  SEM VITIMAS VT 14  QTH,1,,,,,1,,,,0,,Longo da via,Bom,Não existe,Perfeito estado,Seca,Perfeito estado,Não existe,,30 km/h,Dupla,Faixa contínua,,
2020-03-10,08:14:00,SEM VÍTIMA,FINALIZADA,VÁRZEA,AV CAXANGA,4617,RUA GENERAL POLIDORO,EM FRENTE A FIAT ITALIANA,VÁRZEA,231,CIDADE,COLISÃO TRASEIRA,DOIS AUTOS PONTO FIXO GM´S FONTENELE E ALMEIDA VELOSO,2,,,,,,,,,0,,Longo da via,Bom,Sem defeito,Ilegível,Seca,Perfeito estado,Faixa de pedestre,Não há placas,60 km/h,Dupla,Canteiro central,,
2020-03-10,08:05:00,SEM VÍTIMA,FINALIZADA,BOA VIAGEM,AV BOA VIAGEM,704,,,BOA VIAGEM,121,SUBURBIO,ABALROAMENTO LONGITUDINAL,COLISÃO S/VITIMAS ENTRE DOIS AUTOS,2,,,,,,,,,0,,Longo da via,Bom,Sem defeito,Perfeito estado,Seca,Perfeito estado,Faixa de pedestre,Não há placas,,Única,Faixa seccionada,,
2020-03-10,08:27:00,SEM VÍTIMA,FINALIZADA,MADALENA,RUA REAL DA TORRE,737,,BARTZ MÓVEIS PLANEJADOS,MADALENA,,CIDADE,ABALROAMENTO LONGITUDINAL,DOIS AUTOS,2,,,,,,,,,0,,Longo da via,Bom,Não existe,Perfeito estado,Seca,Perfeito estado,Não existe,Outras,,Única,Faixa seccionada,,
2020-03-10,08:46:00,SEM VÍTIMA,FINALIZADA,IMBIRIBEIRA,RUA ENGENHEIRO BRANDAO CAVALCANTE,,RUA GENERAL GOES MONTEIRO,,IMBIRIBEIRA,,CIDADE,ABALROAMENTO LONGITUDINAL,COLISÃO S/VITIMAS ENTRE DOIS AUTOS,2,,,,,,,,,0,,Cruzamento,Bom,Não existe,Perfeito estado,Seca,Perfeito estado,Não existe,Placas Pare,30 km/h,Dupla,Não existe,,
2020-03-10,09:16:00,SEM VÍTIMA,FINALIZADA,CABANGA,AV SATURNINO DE BRITO,472,,E/F A ESTAÇÃO DA COMPESA,CABANGA,,,COLISÃO,COLISÃO S/VITIMAS ENTRE DOIS AUTOS,2,,,,,,,,,0,,,,,,,,,,,,,,
2020-03-10,09:17:00,SEM VÍTIMA,FINALIZADA,GRAÇAS,RUA AMELIA,,RUA DR VICENTE MEIRA,GALETO AMÉLIA,GRAÇAS,,SUBURBIO,ABALROAMENTO LONGITUDINAL,COLISÃO ENTRE DOIS AUTOS SEM VÍTIMAS,2,,,,,,,,,0,,Longo da via,Bom,Não existe,Perfeito estado,Seca,Perfeito estado,Não existe,Outras,30 km/h,Única,Não existe,,
2020-03-10,09:21:00,SEM VÍTIMA,FINALIZADA,TORREÃO,RUA OTHON PARAISO,,AV GOVERNADOR AGAMENON MAGALHAES,PRÉDIO LIMA FALCÃO E ADVOGADOS,TORREÃO,,,ABALROAMENTO TRANSVERSAL,DOIS AUTOS,2,,,,,,,,,0,,Cruzamento,Bom,Não existe,Perfeito estado,Seca,,Não existe,Placas Pare,,Dupla,Canteiro central,,
2020-03-10,09:40:00,SEM VÍTIMA,FINALIZADA,IMBIRIBEIRA,RUA BARAO DE SOUZA LEAO,,RUA WALDEMAR NERY CARNEIRO MONTEIRO,EM FRENTE AO BAITA BURGER,IMBIRIBEIRA,,,ABALROAMENTO LONGITUDINAL,COLISÃO S/VITIMAS ENTRE DOIS AUTOS,2,,,,,,,,,0,,Longo da via,Bom,Não existe,Perfeito estado,Seca,Perfeito estado,Não existe,Não há placas,,Única,Faixa seccionada,,
2020-03-10,09:44:00,SEM VÍTIMA,CANCELADA,CORDEIRO,RUA PIERRE CURIE,,RUA MAURICIO DE NASSAU,EM FRENTE AO POSTO DE  GASOLINA PETROCAL,CORDEIRO,,,COLISÃO,COLISÃO SEM VITIMAS,1,1,,,,,,,,0,,,,,,,,,,,,,,
2020-03-10,09:59:00,SEM VÍTIMA,FINALIZADA,AFLITOS,CAIS DO APOLO,925,,AO LADO DA PREFEITURA DO RECIFE,AFLITOS,,SUBURBIO,ABALROAMENTO LONGITUDINAL,COLISÃO S/VITIMAS ENTRE DOIS AUTOS (GM PERÔNIMO E FREDERICO NO QTH),2,,,,,,,,,0,,Longo da via,Bom,Não existe,Perfeito estado,Seca,Perfeito estado,Agente,R-6a,,Dupla,Canteiro central,,
2020-03-10,10:52:00,SEM VÍTIMA,CANCELADA,AFOGADOS,RUA NAPOLEAO TEIXEIRA DE MACEDO,70,,RESIDENCIA  PROX O CDD DOS CORREIOS,AFOGADOS,,,COLISÃO,COLISÃO SEM VITIMAS,1,,,,,,1,,,0,,,,,,,,,,,,,,
2020-03-10,11:31:00,SEM VÍTIMA,FINALIZADA,BOA VIAGEM,AV DES JOSE NEVES,334,,EM FRENTE AO Nº 334,BOA VIAGEM,,CIDADE,COLISÃO TRASEIRA,COLISÃO S/VITIMAS ENTRE DOIS AUTOS,2,,,,,,,,,0,,Longo da via,Bom,Não existe,Perfeito estado,Seca,Perfeito estado,Faixa de pedestre,,50 km/h,Dupla,Faixa seccionada,Canal,
2020-03-10,11:38:00,SEM VÍTIMA,FINALIZADA,TAMARINEIRA,RUA PADRE ROMA,652,RUA MIZAEL MONTENEGRO,,TAMARINEIRA,,,ABALROAMENTO TRANSVERSAL,COLISÃO SEM VITIMAS,2,,,,,,,,,0,,Longo da via,Bom,Não existe,Perfeito estado,Seca,Perfeito estado,Faixa de retenção,Placas Pare,30 km/h,Dupla,Faixa seccionada,,
2020-03-10,12:13:00,SEM VÍTIMA,FINALIZADA,BAIRRO DO RECIFE,CAIS DO APOLO,739,,EM FRENTE AO TRT,BAIRRO DO RECIFE,,CIDADE,ABALROAMENTO LONGITUDINAL,COLISAO S/ VITIMA ENTRE DOIS VEICULOS.,2,,,,,,,,,0,,Longo da via,Bom,Sem defeito,Perfeito estado,Seca,Perfeito estado,Não existe,Outras,,Dupla,Canteiro central,,
2020-03-10,12:15:00,SEM VÍTIMA,CANCELADA,AFOGADOS,RUA SAO MIGUEL,436,,EM FRENTE AO POSTO DISLUB,AFOGADOS,,,COLISÃO,COLISÃO SEM VÍTIMA,1,1,,,,,,,,0,,,,,,,,,,,,,,
2020-03-10,13:29:00,SEM VÍTIMA,FINALIZADA,AFOGADOS,RUA IMPERIAL,2006,,,AFOGADOS,,SUBURBIO,ABALROAMENTO LONGITUDINAL,COLISAO ENTRE CAMINHAO E AUTO S/V,1,,,,,,1,,,0,,Longo da via,Bom,Sem defeito,,Seca,,Não existe,R-6a,,Única,Não existe,,
2020-03-10,13:58:00,SEM VÍTIMA,FINALIZADA,CASA AMARELA,,5944,RUA JAPARATUBA,PRÓXIMO MERCADO DO ÓLEO,CASA AMARELA,,SUBURBIO,ABALROAMENTO LONGITUDINAL,COLISÃO SEM VÍTIMA,1,,,,,1,,,,0,,,Bom,Não existe,Perfeito estado,Seca,Perfeito estado,,Outras,,Dupla,Blocos,,
2020-03-10,14:20:00,SEM VÍTIMA,FINALIZADA,ILHA DO LEITE,RUA FRANCISCO ALVES,,,AO LADO DO SEBRE,ILHA DO LEITE,,,ABALROAMENTO LONGITUDINAL,COLISAO S/VITIMA ENTRE DOIS VEICULOS,2,,,,,,,,,0,,Longo da via,Bom,Não existe,Perfeito estado,Seca,Perfeito estado,Faixa de pedestre,Outras,,Dupla,Canteiro central,,
2020-03-10,14:41:00,SEM VÍTIMA,FINALIZADA,BONGI,AV ENGENHEIRO ABDIAS DE CARVALHO,,,PRAÇA DA CHESF,BONGI,422,CIDADE,COLISÃO TRASEIRA,COLISIAO ENTRE TRES AUTOS S/V,3,,,,,,,,,0,,Longo da via,Bom,Sem defeito,Perfeito estado,Seca,Perfeito estado,Faixa de retenção,Não há placas,60 km/h,Dupla,Canteiro central,,
2020-03-10,15:05:00,COM VÍTIMA,FINALIZADA,ESPINHEIRO,RUA DO ESPINHEIRO,468,AV CONS ROSA E SILVA,HOSPITAL DO SERVIDOR,ESPINHEIRO,,,ATROPELAMENTO,COLISAO COM VITIMA ENTRE MOTO E PEDESTRE. VT 13,,1,,,1,,,,,1,,Esquina,Bom,Não existe,Perfeito estado,Seca,Perfeito estado,Não existe,,,Única,Faixa seccionada,,
2020-03-10,15:28:00,COM VÍTIMA,FINALIZADA,ÁGUA FRIA,RUA ALEGRE,,RUA ZEFERINO AGRA,COLEGIO ALFREDO FREIRE,ÁGUA FRIA,431,SUBURBIO,ABALROAMENTO TRANSVERSAL,COLISAO COM VITIMA ENTRE MOTO E VEICULO,1,1,,,,,,,,1,,Cruzamento,Bom,Sem defeito,Perfeito estado,Seca,Perfeito estado,Faixa de pedestre,Placas Pare,40 km/h,Única,Não existe,,
2020-03-10,15:31:00,COM VÍTIMA,FINALIZADA,MADALENA,AV JOSE GONCALVES DE MEDEIROS,138,RUA COMENDADOR BENTO AGUIAR,PROXIMO A PAGUE MENOS,MADALENA,,SUBURBIO,ABALROAMENTO LONGITUDINAL,COLISÃO COM VÍTIMA,1,1,,,,,,,,1,,Cruzamento,Bom,Não existe,Perfeito estado,Seca,Perfeito estado,Não existe,Não há placas,,Dupla,Faixa contínua,,
2020-03-10,16:06:00,SEM VÍTIMA,FINALIZADA,MADALENA,AV VISCONDE DE ALBUQUERQUE,,RUA LOPES DE CARVALHO,,MADALENA,,SUBURBIO,ABALROAMENTO TRANSVERSAL,COLISÃO SEM VÍTIMA,2,,,,,,,,,0,,Cruzamento,Bom,Não existe,Perfeito estado,Seca,Perfeito estado,Não existe,R-24a,,Única,Faixa seccionada,,
2020-03-10,16:15:00,SEM VÍTIMA,FINALIZADA,PINA,AV HERCULANO BANDEIRA,1001,,EM FRENTE AO ATACADO DA CONSTRUÇÃO,PINA,660,SUBURBIO,ABALROAMENTO LONGITUDINAL,COLISÃO SEM VÍTIMA,1,1,,,,,,,,0,,Longo da via,Bom,Sem defeito,Perfeito estado,Seca,Perfeito estado,Faixa de pedestre,Outras,60 km/h,Única,Faixa contínua,Faixa seccionada,
2020-03-10,16:16:00,COM VÍTIMA,FINALIZADA,ILHA DO LEITE,AV GOVERNADOR AGAMENON MAGALHAES,550,RUA PAISSANDU,HOSPITAL PORTUGUES,ILHA DO LEITE,69,SUBURBIO,ABALROAMENTO TRANSVERSAL,COLISAO COM VITIMA ENTRE AMBULANCIA E MOTO. GCM: MILE E JACSON ROBERTO. RESERVA 02,,1,,,,,1,,,1,,Cruzamento,Bom,Sem defeito,Perfeito estado,Seca,Perfeito estado,Faixa de pedestre,Outras,,Única,Canteiro central,,
2020-03-10,17:19:00,SEM VÍTIMA,FINALIZADA,SANTO AMARO,AV GOVERNADOR AGAMENON MAGALHAES,,,PRÓXIMO SEMÁFORO 378 - SENTIDO OLINDA,SANTO AMARO,378,SUBURBIO,COLISÃO TRASEIRA,COLISÃO SEM VÍTIMA,2,,,,,,,,,0,,Longo da via,Bom,Sem defeito,Perfeito estado,Seca,Perfeito estado,Não existe,Não há placas,60 km/h,Dupla,Faixa seccionada,Canteiro central,
2020-03-10,17:32:00,COM VÍTIMA,FINALIZADA,CAXANGÁ,AV CAXANGA,893,,E/F A ESTAÇAO ZUMBI,CAXANGÁ,,SUBURBIO,COLISÃO COM CICLISTA,COLISAO DE MOTO COM CICLISTA,,1,,1,,,,,,1,,Longo da via,Bom,Sem defeito,Perfeito estado,Seca,Perfeito estado,Faixa de pedestre,Outras,,Única,Faixa seccionada,,
2020-03-10,17:32:00,SEM VÍTIMA,FINALIZADA,TORRE,RUA DOM MANOEL DA COSTA,,RUA PADRE LANDIM,AO LADO DO Nº 349,TORRE,,,ABALROAMENTO TRANSVERSAL,COLISÃO SEM VÍTIMA,2,,,,,,,,,0,,Cruzamento,Bom,Sem defeito,,Seca,,Faixa de pedestre,R-6a,,Única,,,
2020-03-10,18:55:00,COM VÍTIMA,FINALIZADA,JORDÃO,AV MARIA IRENE,,,E/F AO POSTO IPIRANGA E NA FEIRA DO JORDÃO- SNT AEROPORTO,JORDÃO,,SUBURBIO,ABALROAMENTO LONGITUDINAL,ENTRE MOTO E AUTO. C/V,1,1,,,,,,,,1,,Longo da via,Bom,Não existe,Ilegível,Seca,Mal iluminada,Não existe,Não há placas,,Dupla,Faixa contínua,,
2020-03-10,19:54:00,COM VÍTIMA,FINALIZADA,MADALENA,AV JOSE GONCALVES DE MEDEIROS,84,RUA SENADOR FABIO DE BARROS,ENF. AO EXTRA,MADALENA,,SUBURBIO,ATROPELAMENTO,MOTO X PEDESTRE,,1,,,1,,,,,2,,Longo da via,Bom,Não existe,,Seca,Perfeito estado,Não existe,,,Dupla,Faixa contínua,,
2020-03-10,20:25:00,SEM VÍTIMA,FINALIZADA,SANTO AMARO,AV CRUZ CABUGA,,,HOSPITAL SANTA CASA DA MISERICÓRDIA,SANTO AMARO,,SUBURBIO,ABALROAMENTO LONGITUDINAL,ENTRE ÔNIBUS E AUTO PASSEIO. S/V,1,,,,,1,,,,0,,Longo da via,Bom,Sem defeito,Perfeito estado,Seca,Perfeito estado,Não existe,Não há placas,60 km/h,Dupla,Faixa contínua,,
2020-03-10,20:38:00,SEM VÍTIMA,CANCELADA,TORRE,RUA REAL DA TORRE,1645,,E/F AO COLÉGIO DESPERTAR E PRÓX AO CARREFOUR,TORRE,,,COLISÃO,ENTRE 2 AUTOS. S/V,2,,,,,,,,,0,,,,,,,,,,,,,,
2020-03-10,21:44:00,COM VÍTIMA,CANCELADA,IPSEP,RUA ADERBAL DE MELO,135,RUA HELIO BRANDAO,E/F AO RESTAURANTE FEIJOADA DO JOÃO,IPSEP,,,COLISÃO,ENTRE AUTO E MOTO. C/V,1,1,,,,,,,,1,,,,,,,,,,,,,,
2020-03-11,07:07:00,SEM VÍTIMA,FINALIZADA,,AV GOVERNADOR AGAMENON MAGALHAES,,,SOB O VIADUTO DA AVENIDA JOÃO DE BARROS,,,CIDADE,COLISÃO TRASEIRA,4 AUTOS S/V BATEDORES NO LOCAL GM´S VALMIR E WELLINGTON GOMES,4,,,,,,,,,0,,Viaduto,Bom,,Perfeito estado,Seca,Perfeito estado,,,60 km/h,Dupla,Faixa seccionada,,
2020-03-11,07:52:00,SEM VÍTIMA,FINALIZADA,ÁGUA FRIA,RUA ALEGRE,,RUA ZEFERINO AGRA,AO LADO DA DELEGACIA DE AGUA FRIA,ÁGUA FRIA,431,SUBURBIO,ABALROAMENTO TRANSVERSAL,MOTO E AUTO,1,1,,,,,,,,0,,Cruzamento,Bom,Sem defeito,Incompleta,Seca,Perfeito estado,Faixa de pedestre,Placas Pare,50 km/h,Única,Faixa seccionada,,
2020-03-11,08:25:00,SEM VÍTIMA,FINALIZADA,SANTO AMARO,AV CRUZ CABUGA,1563,,HOSPITAL SANTO AMARO ( SANTA CASA),SANTO AMARO,,CIDADE,ABALROAMENTO LONGITUDINAL,SEM VITIMAS,1,,,,,1,,,,0,,Longo da via,Bom,Sem defeito,Perfeito estado,Seca,Perfeito estado,Não existe,,60 km/h,Dupla,Faixa contínua,,
2020-03-11,08:33:00,SEM VÍTIMA,FINALIZADA,BOA VIAGEM,AVENIDA CELSO FURTADO (VIA MANGUE),218,,,BOA VIAGEM,,CIDADE,COLISÃO TRASEIRA,DOIS AUTOS E MOTO BATEDOR NO LOCAL- GM´S ENOQUE E ISRAEL SANTANA (MOTOQUEIRO SOFREU ESCORIAÇÕES- POREM NÃO QUIS ATENDIMENTO DO SAMU),2,1,,,,,,,,0,,Longo da via,Bom,Não existe,Perfeito estado,Seca,Perfeito estado,Outros,Outras,,Única,Faixa seccionada,,
2020-03-11,09:21:00,SEM VÍTIMA,FINALIZADA,BOA VIAGEM,AV CONSELHEIRO AGUIAR,4214,,EM FRENTE AO RESTAURANTE GALETUS,BOA VIAGEM,,CIDADE,ABALROAMENTO LONGITUDINAL,SEM VITIMAS,1,,,,,1,,,,0,,Longo da via,Chuvoso,Não existe,Perfeito estado,Molhada,Perfeito estado,Não existe,R-6a,60 km/h,Única,Faixa seccionada,,
2020-03-11,09:39:00,SEM VÍTIMA,FINALIZADA,BOA VIAGEM,AV CONSELHEIRO AGUIAR,3321,,EDF. NOSSA SENHORA DA PAZ,BOA VIAGEM,,CIDADE,ABALROAMENTO LONGITUDINAL,COLISAO SEM VITIMAS,2,,,,,,,,,0,,Longo da via,Bom,Não existe,Perfeito estado,Seca,Perfeito estado,,Não há placas,40 km/h,Única,Faixa contínua,,
2020-03-11,09:51:00,SEM VÍTIMA,FINALIZADA,ARRUDA,EST VELHA DE AGUA FRIA,908,,DNOCS,ARRUDA,306,SUBURBIO,COLISÃO TRASEIRA,COLISÃO SEM VITIMAS,2,,,,,,,,,0,,Longo da via,Chuvoso,Sem defeito,Incompleta,Molhada,Perfeito estado,Faixa de pedestre,Não há placas,,Única,Faixa contínua,,
2020-03-11,09:55:00,SEM VÍTIMA,FINALIZADA,BOA VISTA,AV JOAO DE BARROS,,RUA CONDE D'EU,CLUBE OFICIAIS DA PM/CB PE,BOA VISTA,,CIDADE,ABALROAMENTO LONGITUDINAL,COLISÃO SEM VITIMAS,2,,,,,,,,,0,,Cruzamento,Bom,Não existe,Perfeito estado,Seca,Perfeito estado,Faixa de pedestre,Placas Pare,,Única,Faixa seccionada,,