data,hora,natureza_acidente,situacao,bairro,endereco,numero,detalhe_endereco_acidente,complemento,bairro_cruzamento,num_semaforo,sentido_via,tipo,descricao,auto,moto,ciclom,ciclista,pedestre,onibus,caminhao,viatura,outros,vitimas,vitimasfatais,acidente_verificado,tempo_clima,situacao_semaforo,sinalizacao,condicao_via,conservacao_via,ponto_controle,situacao_placa,velocidade_max_via,mao_direcao,divisao_via1,divisao_via2,divisao_via3
2020-04-02,12:50:00,COM VÍTIMA,FINALIZADA,TORRE,RUA SOUZA BANDEIRA,483,RUA MARQUES DE MARICA,NO SEMAFORO 317. AO LADO DO NÚMERO 483.,TORRE,317,CIDADE,ABALROAMENTO TRANSVERSAL,AUTO E MOTO.,1,1,,,,,,,,1,,Cruzamento,Chuvoso,Sem defeito,Perfeito estado,Molhada,Perfeito estado,Faixa de pedestre,R-6a,30 km/h,Dupla,Faixa contínua,Faixa seccionada,
2020-04-02,18:52:00,COM VÍTIMA,FINALIZADA,CASA FORTE,AV DEZESSETE DE AGOSTO,1161,RUA DO CHACON,PRÓX A PRAÇA DE CASA FORTE E CPOR. DELTA EXPRESSO.,CASA FORTE,,CIDADE,ABALROAMENTO LONGITUDINAL,ENTRE MOTO E AUTO. C/V,1,1,,,,,,,,1,,Longo da via,Bom,Não existe,Perfeito estado,Seca,Perfeito estado,,Não há placas,60 km/h,Dupla,Faixa,,
2020-04-02,21:20:00,SEM VÍTIMA,CANCELADA,PAISSANDU,RUA HENRIQUE DIAS,,AV GOVERNADOR AGAMENON MAGALHAES,PROX AO ANTIGO RESTAURANTE SPETTUS,PAISSANDU,,,COLISÃO,MOTO X AUTO     OBS: SUSPEITA DE EMBRIAGUEZ,1,1,,,,,,,,0,,,,,,,,,,,,,,
2020-04-03,02:18:00,COM VÍTIMA,FINALIZADA,ÁGUA FRIA,RUA DA REGENERACAO,740,RUA DAS MOCAS,ANTIGA FÁBRICA DA COCA COLA,ÁGUA FRIA,,SUBURBIO,COLISÃO FRONTAL,COLISÃO ENTRE AUTO E CINQUENTINHA . VEÍCULO SE EVADIU E O PROPRIETÁRIO DA MOTOCICLETA FOI SOCORRIDO PELO SAMU.,1,,1,,,,,,,1,,Longo da via,Chuvoso,Não existe,Perfeito estado,Molhada,Perfeito estado,,,,Dupla,Não existe,,
2020-04-03,12:50:00,COM VÍTIMA,FINALIZADA,JAQUEIRA,RUA DO FUTURO,,,PROXIMO AO PARQUE DA JAQUEIRA EM FRENTE AO VERDE FRUT,JAQUEIRA,,SUBURBIO,COLISÃO COM CICLISTA,COLISAO COM VITIMAS,1,,,1,,,,,,1,,Longo da via,Bom,Não existe,Perfeito estado,Seca,,Não existe,Outras,40 km/h,Única,Não existe,,
2020-04-03,13:41:00,COM VÍTIMA,FINALIZADA,MADALENA,AV BEIRA RIO,109,,DEPOPIS DA ACADEMIA DA CIDADE. ESQUINA COM PONTE DA TORRE.,MADALENA,630,SUBURBIO,ABALROAMENTO TRANSVERSAL,COLISAO COM VITIMAS,1,1,,,,,,,,1,,Cruzamento,Bom,Sem defeito,Perfeito estado,Seca,Perfeito estado,Não existe,Outras,,Única,Não existe,,
2020-04-03,18:36:00,COM VÍTIMA,CANCELADA,ÁGUA FRIA,RUA BELO JARDIM,337,,EM FRENTE AO DISTRIBUIDOR DE AÇAI- PROX DO MERCADINHO DE MARIO,ÁGUA FRIA,,,COLISÃO,COLISÃO ENTRE DUAS MOTOS C/V,,2,,,,,,,,2,,,,,,,,,,,,,,
2020-04-04,08:28:00,COM VÍTIMA,FINALIZADA,BOA VISTA,RUA JOAO LIRA,,RUA DA SAUDADE,PARQUE TREZE DE MAIO,BOA VISTA,308,RUA DO HOSPÍCIO,ABALROAMENTO TRANSVERSAL,DUAS MOTO E UM ÔNIBUS.,,2,,,,1,,,,1,,Cruzamento,Chuvoso,Sem defeito,Perfeito estado,Seca,Perfeito estado,Outros,Outras,,Única,Faixa seccionada,,
2020-04-04,13:03:00,COM VÍTIMA,FINALIZADA,IMBIRIBEIRA,PTE DO MOTOCOLOMBO,,,AO LADO DO POSTE DE ILUMINAÇÃO BO 16896,IMBIRIBEIRA,,CIDADE,ABALROAMENTO LONGITUDINAL,COLISAO ENTRE AUTO E MOTO COM UMA VITIMA,1,1,,,,,,,,1,,Ponte,Bom,Não existe,Incompleta,Seca,Perfeito estado,Não existe,Outras,60 km/h,Dupla,Canteiro central,,
2020-04-14,19:31:00,COM VÍTIMA,FINALIZADA,AREIAS,AV CAPITAO GREGORIO DE CALDAS,,AV RECIFE,ENF AO BIG BOMPREÇO // SENTIDO BOA VIAGEM,AREIAS,494,AEROPORTO,COLISÃO TRASEIRA,AUTO E MOTO.,1,1,,,,,,,,1,,Longo da via,Bom,Sem defeito,Perfeito estado,Seca,Perfeito estado,,,,Dupla,Faixa seccionada,,
2020-04-15,02:42:00,COM VÍTIMA,FINALIZADA,BOA VIAGEM,AV BOA VIAGEM,1688,,2° JARDIM,BOA VIAGEM,,CIDADE,COLISÃO COM CICLISTA,AUTO E BICICLETA.,1,,,1,,,,,,2,,Longo da via,Bom,Sem defeito,Perfeito estado,Seca,Perfeito estado,,,60 km/h,Única,Faixa seccionada,,
2020-04-15,08:25:00,SEM VÍTIMA,FINALIZADA,BOA VISTA,RUA DA AURORA,,RUA PRINCESA IZABEL,DELEGACIA DA POLÍCIA CIVIL,BOA VISTA,22,,ABALROAMENTO LONGITUDINAL,,2,,,,,,,,,0,,Cruzamento,Bom,Sem defeito,Perfeito estado,Seca,Perfeito estado,Faixa de pedestre,,40 km/h,,,,
2020-04-15,19:16:00,COM VÍTIMA,FINALIZADA,PINA,AV ENGENHEIRO DOMINGOS FERREIRA,1183,,AO LADO DA ESCOLA ESTADUAL MENINO JESUS- PROX DA CLINICA DE ESPECIALIDADES MÉDICAS (CEM)-LADO ESQUERDO,PINA,324,SUBURBIO,ABALROAMENTO LONGITUDINAL,COLISÃO ENTRE DUAS MOTOS C/V,,2,,,,,,,,1,,Longo da via,Bom,Sem defeito,Perfeito estado,Seca,Perfeito estado,Faixa de pedestre,,60 km/h,Única,Canteiro central,,
2020-04-16,06:52:00,COM VÍTIMA,FINALIZADA,CASA AMARELA,AV NORTE,5237,RUA DA HARMONIA,EM FRENTE A FARMACIA PAGUE MENOS,CASA AMARELA,312,CIDADE,COLISÃO TRASEIRA,COLISÃO COM VITIMA A ESPERA DO SAMU,1,1,,,,,,,,1,,Cruzamento,Chuvoso,Sem defeito,Perfeito estado,Molhada,Perfeito estado,Faixa de pedestre,Não há placas,,Dupla,Faixa seccionada,,
2020-04-16,07:45:00,COM VÍTIMA,FINALIZADA,DERBY,RUA JENER DE SOUZA,609,RUA HENRIQUE DIAS,EM FRENTE A FUNDAÇÃO JOAQUIM NABUCO,DERBY,,,COLISÃO TRASEIRA,VITIMA A ESPERA DO SAMU  GM IDENILSON QTH,,2,,,,,,,,2,,Cruzamento,Chuvoso,Não existe,Perfeito estado,Molhada,Perfeito estado,Agente,R-26,40 km/h,Única,Canteiro central,,
2020-04-16,08:49:00,COM VÍTIMA,FINALIZADA,DERBY,AV GOVERNADOR AGAMENON MAGALHAES,138,,FACEIMAGEM E PRÓXIMO DA PRAÇA DO DERBY,DERBY,,BOA VIAGEM,TOMBAMENTO,,,1,,,,,,,,1,,Longo da via,Chuvoso,Não existe,Perfeito estado,Molhada,Perfeito estado,Outros,Outras,60 km/h,Dupla,Canteiro central,,
2020-04-16,09:39:00,COM VÍTIMA,FINALIZADA,ROSARINHO,AV NORTE,,AV SANTOS DUMONT,PRÓXIMO A PADARIA ROSARINHO. EM FRENTE AO EDIFÍCIO DAVID BECKER.,ROSARINHO,81,CIDADE,TOMBAMENTO,,,1,,,,,,,,1,,Longo da via,Chuvoso,Sem defeito,Perfeito estado,Molhada,Perfeito estado,Outros,R-6a,,Dupla,Faixa contínua,Faixa seccionada,Canteiro central
2020-04-16,09:49:00,COM VÍTIMA,FINALIZADA,CASA AMARELA,AV NORTE,,RUA DA HARMONIA,EM FRENTE AO  BANCO  BRADESCO,CASA AMARELA,312,CIDADE,COLISÃO COM CICLISTA,VITIMA SOCORRIDA PELO  SAMU,1,,,1,,,,,,1,,Cruzamento,Chuvoso,Sem defeito,Perfeito estado,Molhada,Perfeito estado,Faixa de pedestre,Não há placas,,Dupla,Faixa seccionada,,
2020-04-16,10:13:00,SEM VÍTIMA,CANCELADA,AFOGADOS,RUA DA PAZ,,,EM FRENTE AO BRADESCO,AFOGADOS,,,COLISÃO,SEM VÍTIMA,1,,,,,1,,,,0,,,,,,,,,,,,,,
2020-04-16,16:09:00,COM VÍTIMA,FINALIZADA,SANTO ANTÔNIO,AV DANTAS BARRETO,512,,E/F AO BANCO SANTANDER AO LADO DA PRAÇA DO DIARIO,SANTO ANTÔNIO,,,ATROPELAMENTO,ONIBUS ATROPELOU UM PEDESTRE,,,,,1,1,,,,1,,Longo da via,Chuvoso,Não existe,Ilegível,Molhada,Mal conservada,Não existe,Outras,,Única,Canteiro central,,
2020-04-16,18:51:00,COM VÍTIMA,FINALIZADA,ILHA DO LEITE,RUA GENERAL JOAQUIM INACIO,4581,AV GOVERNADOR AGAMENON MAGALHAES,EM FRENTE AO BANCO ITAÚ,ILHA DO LEITE,69,SUBURBIO,COLISÃO TRASEIRA,ENVOLVENDO MOTO DA CTTU E AUTO PASSEIO,1,1,,,,,,,,1,,Longo da via,Chuvoso,Sem defeito,Perfeito estado,Molhada,Perfeito estado,Faixa de pedestre,Não há placas,40 km/h,Única,Faixa contínua,,
2020-04-17,02:35:00,COM VÍTIMA,FINALIZADA,SÃO JOSÉ,AV SUL,,,EM FRENTE AO GALPÃO DO GALO DA MADRUGADA,SÃO JOSÉ,,SUBURBIO,COLISÃO FRONTAL,,,1,,,,1,,,,1,,Longo da via,Bom,Não existe,Incompleta,Seca,Mal iluminada,Não existe,Não há placas,60 km/h,Dupla,Não existe,,
2020-04-17,11:40:00,COM VÍTIMA,FINALIZADA,TORREÃO,AV NORTE,,RUA MARQUES DO PARANA,CONCESSIONÁRIA NISSAN.,TORREÃO,56,CIDADE,COLISÃO TRASEIRA,AUTO E MOTO C VÍTIMA,1,1,,,,,,,,1,,Longo da via,Bom,Sem defeito,Perfeito estado,Seca,Perfeito estado,Faixa de retenção,R-26,60 km/h,Dupla,Canteiro central,,
2020-04-17,12:13:00,COM VÍTIMA,FINALIZADA,IPUTINGA,AV MAURICIO DE NASSAU,438,,APOS A LOMBADA ELETRONICA. EM FRENTE A USF SKYLAB,IPUTINGA,,CIDADE,TOMBAMENTO,MOTO,,1,,,,,,,,1,,Longo da via,Bom,Não existe,Não existente,Seca,Mal conservada,Não existe,Não há placas,,Dupla,Não existe,,
2020-04-17,13:19:00,SEM VÍTIMA,FINALIZADA,ENCRUZILHADA,RUA VINTE E QUATRO DE JUNHO,242,RUA VISCONDE DE MAMANGUAPE,EM FRENTE AO Nº 210,ENCRUZILHADA,,SUBURBIO,ABALROAMENTO LONGITUDINAL,SEM VITIMAS,2,,,,,,,,,0,,,Bom,Não existe,Perfeito estado,Seca,Perfeito estado,Não existe,Placas Pare,,Única,Não existe,,
2020-04-17,17:37:00,COM VÍTIMA,FINALIZADA,GRAÇAS,AV GOVERNADOR AGAMENON MAGALHAES,,RUA DR BANDEIRA FILHO,E/F AO BOMPREÇO. SENTIDO OLINDA- FAIXA PRINCIPAL,GRAÇAS,173,,COLISÃO TRASEIRA,COLISAO COM VITIMAS,1,1,,,,,,,,1,,Cruzamento,Bom,Sem defeito,Perfeito estado,Seca,Perfeito estado,Faixa de pedestre,,60 km/h,Dupla,Canal,,
2020-04-17,18:44:00,SEM VÍTIMA,FINALIZADA,LINHA DO TIRO,RUA URIEL DE HOLANDA,,,EM FRENTE A ESCOLA DE REFERÊNCIA PADRE NERCIO RODRIGUES,LINHA DO TIRO,,,ABALROAMENTO LONGITUDINAL,COLISÃO ENTRE MOTO E VIATURA DA POLÍCIA MILITAR,1,1,,,,,,,,0,,Longo da via,Chuvoso,Sem defeito,Perfeito estado,Molhada,Mal conservada,,Não há placas,40 km/h,Dupla,Faixa contínua,,
2020-04-17,20:20:00,SEM VÍTIMA,FINALIZADA,,RUA DEZ DE JULHO,481,RUA CAMBOIM,,,,SUBURBIO,ABALROAMENTO LONGITUDINAL,COLISÃO ENTRE DOIS AUTOSS/V,2,,,,,,,,,0,,Cruzamento,Bom,Não existe,Perfeito estado,Seca,Perfeito estado,Não existe,Placas Pare,,Dupla,Faixa contínua,,
2020-04-18,11:04:00,SEM VÍTIMA,FINALIZADA,BOA VIAGEM,AV ENGENHEIRO DOMINGOS FERREIRA,,RUA RIBEIRO DE BRITO,,BOA VIAGEM,155,SUBURBIO,ABALROAMENTO TRANSVERSAL,COLISÃO SEM VITIMAS GM LEONARDO QTH,2,,,,,,,,,0,,Cruzamento,Bom,Sem defeito,Perfeito estado,Seca,Perfeito estado,Faixa de pedestre,Outras,,Dupla,Canteiro central,,
2020-04-18,12:29:00,SEM VÍTIMA,FINALIZADA,SANTO AMARO,RUA MARQUÊS DO POMBAL,,RUA PEDRO AFONSO,AO LADO DO IML,SANTO AMARO,,,COLISÃO FRONTAL,COLISÃO SEM VÍTIMA,2,,,,,,,,,0,,Cruzamento,Bom,Não existe,Perfeito estado,Seca,Perfeito estado,Faixa de retenção,Placas Pare,30 km/h,Dupla,Faixa seccionada,,
2020-04-18,13:33:00,COM VÍTIMA,FINALIZADA,VÁRZEA,AV PROFESSOR ARTUR DE SA,1168,,NA RUA DO CEMITERIO DA VARZEA,VÁRZEA,,CIDADE,ABALROAMENTO TRANSVERSAL,COLISAO ENTRE MOTO E AUTO COM UMA VITIMA,1,1,,,,,,,,1,,Longo da via,Bom,Não existe,Perfeito estado,Seca,Perfeito estado,Não existe,Não há placas,,Dupla,Faixa contínua,,
2020-04-18,18:52:00,COM VÍTIMA,FINALIZADA,CAMPO GRANDE,RUA ODORICO MENDES,198,RUA VISCONDE DE CAIRU,PRÓX AO CLUBE DAS PÁS,CAMPO GRANDE,,CIDADE,ABALROAMENTO TRANSVERSAL,ENTRE AUTO E MOTO. C/V,1,1,,,,,,,,1,,Cruzamento,Bom,Não existe,Perfeito estado,Seca,Perfeito estado,Não existe,Outras,,Dupla,Faixa seccionada,,
2020-04-19,01:46:00,SEM VÍTIMA,FINALIZADA,TORRE,RUA JOSE BONIFACIO,232,,POSTO IPIRANGA,TORRE,576,SUBURBIO,CHOQUE OBJETO FIXO,UM VEICULO CHOCOU-SE COM UM POSTE- VINDO O POSTE CAIR NO MEIO DA VIA OCUPANDO TRÊS FAIXA DA VIA.,1,,,,,,,,,0,,Longo da via,Bom,Desligado,Perfeito estado,Seca,Perfeito estado,Faixa de pedestre,Não há placas,,Única,Faixa contínua,,
2020-04-19,02:39:00,COM VÍTIMA,FINALIZADA,ILHA DO RETIRO,EST DOS REMEDIOS,,RUA TABAIARES,PRÓXIMO A HYUNDAI,ILHA DO RETIRO,390,SUBURBIO,CAPOTAMENTO,CAPOTAMENTO SEGUIDO DE CHOQUE EM VEÍCULO PARADO.,4,,,,,,,,,1,,Longo da via,Bom,Intermitente,Perfeito estado,Seca,Perfeito estado,Faixa de pedestre,Não há placas,,Única,Faixa seccionada,,
2020-04-19,06:40:00,COM VÍTIMA,FINALIZADA,BOA VISTA,AV GOVERNADOR AGAMENON MAGALHAES,,RUA DR LEOPOLDO LINS,,BOA VISTA,78,SUBURBIO,ABALROAMENTO TRANSVERSAL,,1,1,,,,,,,,1,,Cruzamento,Chuvoso,Intermitente,Perfeito estado,Molhada,Perfeito estado,Faixa de pedestre,Outras,,Única,Canteiro central,,
2020-04-19,08:08:00,COM VÍTIMA,FINALIZADA,GRAÇAS,AV RUI BARBOSA,715,,EM FRENTE AO COLEGIO AGNES E PRÓXIMO A FARMÁCIA DROGASIL.,GRAÇAS,562,CIDADE,COLISÃO TRASEIRA,MOTO E AUTO / VT 18 NO QTH,1,1,,,,,,,,1,,Longo da via,Chuvoso,Sem defeito,Perfeito estado,Molhada,Perfeito estado,Faixa de pedestre,Outras,,Única,,,
2020-04-19,10:54:00,COM VÍTIMA,FINALIZADA,BOA VIAGEM,AV ENGENHEIRO DOMINGOS FERREIRA,,RUA ERNESTO DE PAULA SANTOS,EM FRENTE A DOM FERREIRA,BOA VIAGEM,217,,ABALROAMENTO TRANSVERSAL,DOIS AUTOS //,2,,,,,,,,,1,,Cruzamento,Bom,Sem defeito,Perfeito estado,Seca,Perfeito estado,Outros,Outras,60 km/h,Única,Canteiro central,,
2020-04-19,15:21:00,COM VÍTIMA,FINALIZADA,JIQUIÁ,RUA SAO MIGUEL,2027,,HOTEL PREMIUM,JIQUIÁ,,SUBURBIO,ABALROAMENTO TRANSVERSAL,COLISAO COM VITIMAS,1,1,,,,,,,,1,,Longo da via,Bom,Não existe,Perfeito estado,Seca,Perfeito estado,Não existe,Não há placas,,Dupla,Faixa contínua,,
2020-04-19,15:35:00,COM VÍTIMA,FINALIZADA,ILHA DO RETIRO,AV BEIRA RIO,290,,PROXIMO AO CLUBE DO SPORT. LADO OPOSTO AO EDF. VILA BEIRA RIO.,ILHA DO RETIRO,,CIDADE,COLISÃO TRASEIRA,COM VITIMAS,1,1,,,,,,,,1,,Longo da via,Bom,Não existe,Perfeito estado,Seca,Perfeito estado,Não existe,Não há placas,30 km/h,Dupla,Faixa contínua,,
2020-04-19,19:06:00,COM VÍTIMA,FINALIZADA,VASCO DA GAMA,AV NORTE,,RUA PADRE LEMOS,CRUZAMENTO C/A RUA VASCO DA GAMA - SENT CID/SUB,VASCO DA GAMA,66,SUBURBIO,ABALROAMENTO TRANSVERSAL,AUTO X MOTO C/VITIMA,1,1,,,,,,,,1,,Cruzamento,Bom,Sem defeito,Perfeito estado,Seca,Perfeito estado,Faixa de pedestre,Outras,,Dupla,Canteiro central,,
2020-04-20,06:55:00,COM VÍTIMA,FINALIZADA,CAMPO GRANDE,RUA FARIAS NEVES,878,RUA FRANKLIN TAVORA,EM FRENTE A MEDECOL,CAMPO GRANDE,,SUBURBIO,ABALROAMENTO TRANSVERSAL,ONIBUS E AUTO,1,,,,,1,,,,1,,Cruzamento,Bom,Não existe,Ilegível,Seca,Perfeito estado,Não existe,Não há placas,,Dupla,Não existe,,
2020-04-20,08:40:00,COM VÍTIMA,FINALIZADA,SANTO AMARO,RUA DOS PALMARES,48,RUA AFONSO PENA,ESTACIONAMENTO DO SUPERMERCADO RM EXPRESS,SANTO AMARO,,CIDADE,ATROPELAMENTO,VITIMA A ESPERA DO SAMU,1,,,,1,,,,,1,,Longo da via,Bom,,,Seca,Perfeito estado,,,,Dupla,Canteiro central,,
2020-04-20,11:18:00,SEM VÍTIMA,CANCELADA,IMBIRIBEIRA,AV MARECHAL MASCARENHAS DE MORAES,,,EM FRENTE AO AEROPORTO,IMBIRIBEIRA,,,COLISÃO,COLISÃO SEM VITIMAS,,,,,,,1,,1,0,,,,,,,,,,,,,,
2020-04-20,14:20:00,COM VÍTIMA,FINALIZADA,IBURA,AV DOM HELDER CAMARA,,,AO LADO DA CASA DE BATERIAS,IBURA,,SUBURBIO,CHOQUE OBJETO FIXO,CHOQUE EM POSTE DE ILUMINAÇÃO PÚBLICA,1,,,,,,,,,1,,Longo da via,Bom,Sem defeito,Perfeito estado,Seca,Perfeito estado,Outros,Outras,,Única,Faixa,,
2020-04-21,00:42:00,SEM VÍTIMA,FINALIZADA,BREJO DA GUABIRABA,AV VEREADOR OTACILIO AZEVEDO,792,,LADO OPOSTO AO Nº 792,BREJO DA GUABIRABA,,SUBURBIO,ABALROAMENTO LONGITUDINAL,COLISÃO ENTRE DOIS VEÍCULOS.,1,,,,,,1,,,0,,Longo da via,Bom,Não existe,Não existente,Seca,Perfeito estado,Não existe,Não há placas,,Dupla,Não existe,,
2020-04-21,02:29:00,SEM VÍTIMA,FINALIZADA,BOA VIAGEM,RUA VISCONDE DE JEQUITINHONHA,,RUA BARAO DE SOUZA LEAO,,BOA VIAGEM,129,SUBURBIO,CHOQUE OBJETO FIXO,PDE 5322 - ONIX - VEÍCULO CHOCOU-SE CONTRA UM POSTE,1,,,,,,,,,0,,Cruzamento,Bom,Sem defeito,Perfeito estado,Seca,Perfeito estado,Não existe,Não há placas,,Única,Faixa seccionada,,
2020-04-21,21:45:00,SEM VÍTIMA,CANCELADA,CORDEIRO,RUA QUATA,49,,PROX DO PETSHOP REINO DOS BICHOS,CORDEIRO,,,CHOQUE VEÍCULO PARADO,AUTO CHOCOU-SE EM UM AUTO QUE ESTAVA ESTACIONADO- MOTORISTA DO VEÍCULO APRESENTA SINTOMAS DE EMBRIAGUEZ,2,,,,,,,,,0,,,,,,,,,,,,,,
2020-04-22,14:06:00,SEM VÍTIMA,FINALIZADA,IPSEP,AV RECIFE,3033,,EM FRENTE AO Nº 3033,IPSEP,,,COLISÃO FRONTAL,HR: YYYY X Classic: ZZZ - COLISÃO FRONTAL,1,1,,,,,,,,0,,Longo da via,Chuvoso,Não existe,Perfeito estado,Molhada,Perfeito estado,Não existe,Não há placas,,Dupla,Canteiro central,,
2020-04-22,14:30:00,COM VÍTIMA,FINALIZADA,BOA VISTA,AV JOAO DE BARROS,,,E/F AO CONSERVATORIO DE MUSICA,BOA VISTA,,,COLISÃO,COLISAO ENTRE AUTO E MOTO COM UMA VITIMA,1,1,,,,,,,,1,,,,,,,,,,,,,,
2020-04-22,16:14:00,SEM VÍTIMA,FINALIZADA,TORRÕES,RUA ZUMBI DOS PALMARES,720,,PIZZARIA FAMILIA PASSIRA,TORRÕES,,SUBURBIO,ABALROAMENTO TRANSVERSAL,COLISÃO COM VÍTIMA,,2,,,,,,,,0,,Longo da via,Bom,Não existe,Não existente,Seca,Mal conservada,Não existe,Não há placas,,Dupla,Não existe,,
2020-04-22,22:34:00,COM VÍTIMA,CANCELADA,BOA VIAGEM,AV ENGENHEIRO DOMINGOS FERREIRA,,RUA BRUNO VELOSO,SEMÁFORO 338 / E/RF A DROGASIL,BOA VIAGEM,,,COLISÃO,AUTO X MOTO. C/V,1,1,,,,,,,,1,,,,,,,,,,,,,,
2020-04-22,23:40:00,COM VÍTIMA,FINALIZADA,ILHA DO RETIRO,AV ENGENHEIRO ABDIAS DE CARVALHO,,AV JOSE GONCALVES DE MEDEIROS,ENF AO MC DONALD´S,ILHA DO RETIRO,355,SUBURBIO,COLISÃO FRONTAL,DOIS AUTOS,2,,,,,,,,,1,,Cruzamento,Chuvoso,Sem defeito,Perfeito estado,Seca,Perfeito estado,,,60 km/h,Dupla,Canteiro central,,
2020-04-23,05:04:00,SEM VÍTIMA,FINALIZADA,GRAÇAS,AV RUI BARBOSA,,,EM FRENTE DO MUSEU DO ESTADO,GRAÇAS,,CIDADE,CHOQUE OBJETO FIXO,O USUÁRIO INFORMA QUE AO PASSAR NO LOCAL VISUALIZOU O CHOQUE DO VEÍCULO NO MURO DO MUSEU DO ESTADO. VEÍCULO ESTAVA ABANDONADO. NÃO SABE INFORMAR SE HOUVE VÍTIMA.,1,,,,,,,,,0,,Longo da via,Chuvoso,,,Seca,Perfeito estado,,,60 km/h,Única,,,
2020-04-23,21:05:00,COM VÍTIMA,FINALIZADA,IBURA,RUA AFONSO CUNHA,347,,PRÓX AO PSF DO ALTO DA BELA VISTA,IBURA,,SUBURBIO,COLISÃO FRONTAL,COLISÃO ENTRE DUAS MOTOS- COM VÍTIMA,,2,,,,,,,,1,,Longo da via,Bom,Não existe,Não existente,Seca,Perfeito estado,,Não há placas,30 km/h,Dupla,Não existe,,
2020-04-23,21:47:00,VÍTIMA FATAL,FINALIZADA,BOA VIAGEM,RUA ERNESTO DE PAULA SANTOS,,RUA AMALIA BERNARDINO DE SOUZA,PRÓX A UNINASSAU. EM FRENTE AO POSTO BR.,BOA VIAGEM,,ORLA DE BOA VIAGEM,ABALROAMENTO TRANSVERSAL,COLISÃO ENTRE AUTO E MOTO- COM VÍTIMA FATAL,1,1,,,,,,,,1,1,Cruzamento,Bom,Não existe,Não existente,Seca,Mal iluminada,Não existe,Não há placas,,Única,Não existe,,
2020-04-24,14:53:00,COM VÍTIMA,FINALIZADA,AFOGADOS,RUA MOTOCOLOMBO,S/N,LARGO DA PAZ,EM FRENTE A POLICLINICA AGAMENON MAGALHÃES,AFOGADOS,,SUBURBIO,TOMBAMENTO,CONDUTOR DA MOTO PARA EVITAR ATROPELAMENTO - FEZ DESVIO DE UMA SRa. VINDO A DERRAPAR E CAIU,,1,,,,,,,,1,,Longo da via,Chuvoso,Não existe,Perfeito estado,Molhada,Perfeito estado,Faixa de pedestre,Não há placas,,Única,Outros,,
2020-04-24,19:36:00,COM VÍTIMA,FINALIZADA,BOA VIAGEM,RUA DEZ DE JULHO,115,RUA CAMBOIM,PROX Maison Christal Recepções,BOA VIAGEM,,SUBURBIO,ABALROAMENTO TRANSVERSAL,TAXI X ONIBUS BORBOREMA X MOTO,1,1,,,,1,,,,1,,Cruzamento,Chuvoso,Não existe,Perfeito estado,Molhada,Perfeito estado,Não existe,Placas Pare,,Única,Faixa seccionada,,
2020-04-25,07:45:00,COM VÍTIMA,FINALIZADA,MACAXEIRA,AV NORTE,,,ULTIMA PARADA DE ONIBUS (Nº 110052) DA AV NORTE NO SENTIDO TERMINAL DA MACAXEIRA.,MACAXEIRA,,SUBURBIO,COLISÃO TRASEIRA,COM UMA VITIMA AGUARDANDO SAMU,,1,,,,1,,,,1,,Longo da via,Bom,Não existe,Perfeito estado,Seca,Perfeito estado,,Outras,,Dupla,Blocos,,
2020-04-25,14:00:00,COM VÍTIMA,FINALIZADA,ESTÂNCIA,AV RECIFE,271,AV ESTANCIA,PROX AO MAKRO,ESTÂNCIA,,BOA VIAGEM,TOMBAMENTO,MOTOQUERIO CAIU SOZINHO,,1,,,,,,,,1,,Longo da via,Bom,Não existe,Perfeito estado,Seca,Perfeito estado,Não existe,Não há placas,,Dupla,Faixa contínua,Canteiro central,Blocos
2020-04-26,00:04:00,COM VÍTIMA,CANCELADA,AFOGADOS,RUA SAO MIGUEL,,,PROXIMO AO RESTAURANTE BODE DO NÔ E ENTRADA DA ESTAÇÃO MANGUEIRA DO METRÔ,AFOGADOS,,,COLISÃO,COLISÃO C/VITIMA - AUTO X MOTO,1,1,,,,,,,,2,,,,,,,,,,,,,,
2020-04-26,06:29:00,SEM VÍTIMA,FINALIZADA,ENCRUZILHADA,AV JOAO DE BARROS,1750,RUA CONS PORTELA,EM FRENTE A ESCOLA TECNICA ETEPAM,ENCRUZILHADA,,CIDADE,CAPOTAMENTO,CAPOTAMENTO S/V - CONDUTOR SE EVADIU EM SEGUIDA- ABANDONANDO O VEICULO NA VIA,1,,,,,,,,,0,,Longo da via,Chuvoso,Não existe,Perfeito estado,Molhada,Perfeito estado,Faixa de pedestre,Outras,,Única,Faixa contínua,Faixa seccionada,Canteiro central
2020-04-27,07:30:00,SEM VÍTIMA,FINALIZADA,DERBY,AV GOVERNADOR AGAMENON MAGALHAES,,PRC DO DERBY,EM FRENTE A PRAÇA DO DERBY,DERBY,75,BOA VIAGEM,COLISÃO,SEM VITIMAS -USUARIO COM SINTOMAS DE EMBRIAGUES/VT GM EVANDRO-GM EVERTON SILVA PONTO FIXO,2,,,,,,,,,0,,Longo da via,Chuvoso,Sem defeito,Perfeito estado,Molhada,Perfeito estado,Agente,Outras,60 km/h,Dupla,Faixa seccionada,,
2020-04-27,11:35:00,COM VÍTIMA,FINALIZADA,BOA VIAGEM,RUA DOS NAVEGANTES,2083,RUA PADRE BERNADINO PESSOA,EM FRENTE A O RESTAURANTE ILHA DOS NAVEGANTES,BOA VIAGEM,,,ABALROAMENTO TRANSVERSAL,DOIS AUTOS,2,,,,,,,,,1,,Cruzamento,Chuvoso,Não existe,Perfeito estado,Seca,Perfeito estado,,Placas Pare,,Única,Faixa seccionada,,