data,hora,natureza_acidente,situacao,bairro,endereco,numero,detalhe_endereco_acidente,complemento,bairro_cruzamento,num_semaforo,sentido_via,tipo,descricao,auto,moto,ciclom,ciclista,pedestre,onibus,caminhao,viatura,outros,vitimas,vitimasfatais,acidente_verificado,tempo_clima,situacao_semaforo,sinalizacao,condicao_via,conservacao_via,ponto_controle,situacao_placa,velocidade_max_via,mao_direcao,divisao_via1,divisao_via2,divisao_via3
2020-05-28,21:34:00,SEM VÍTIMA,FINALIZADA,ESTÂNCIA,AV DR JOSE RUFINO,2139,,PRÓXIMO A ANTIGA FÁBRICA HOLÂNDA E DEFRONTE AO POSTO IPIRANGA,ESTÂNCIA,,CIDADE,COLISÃO,O CONDUTOR COM SUSPEITA DE EMBREAGUÊS DE UM DOS VEICULOS ENVOLVIDO.,2,,,,,,,,,0,,Longo da via,Bom,Não existe,Perfeito estado,Seca,Perfeito estado,Não existe,Não há placas,40km,Dupla,Faixa contínua,,
2020-05-29,00:56:00,COM VÍTIMA,FINALIZADA,PINA,AV HERCULANO BANDEIRA,,RUA ARQUITETO AUGUSTO REINALDO,NA DESCIDA DA PONTE EM FRENTE O ATACADO DA CONSTRUÇÃO.,PINA,660,SUBURBIO,ABALROAMENTO LONGITUDINAL,DOIS AUTOS,2,,,,,,,,,1,,Cruzamento,Chuvoso,Intermitente,Perfeito estado,Molhada,Perfeito estado,,,,Única,Faixa seccionada,,
2020-05-29,07:14:00,COM VÍTIMA,FINALIZADA,ENCRUZILHADA,AV NORTE,,AV JOAO DE BARROS,,ENCRUZILHADA,43,SUBURBIO,ABALROAMENTO TRANSVERSAL,ÔNIBUS E AUTO,1,,,,,1,,,,1,,Cruzamento,Chuvoso,Sem defeito,Perfeito estado,Molhada,Perfeito estado,,,,Dupla,,,
2020-05-30,07:20:00,COM VÍTIMA,FINALIZADA,CABANGA,VIADUTO CAPITAO TEMUDO,,,PRÓXIMO AO CABANGA IATE CLUBE,CABANGA,,CIDADE,CHOQUE OBJETO FIXO,CONDUTOR PERDEU O CONTROLE DA MOTOCICLETA E TOMBOU COM A MESMA.,,1,,,,,,,,1,,Longo da via,Chuvoso,Não existe,Perfeito estado,Molhada,Perfeito estado,Não existe,Não há placas,60 km/h,Dupla,Faixa contínua,,
2020-05-30,09:23:00,COM VÍTIMA,FINALIZADA,IPSEP,RUA JEAN EMILE FAVRE,7800,RUA RIO BEBERIBE,EM FRENTE À FEIJOADA DO VAVÁ E BANCA O CAMINHO DA SORTE.,IPSEP,564,CIDADE,ABALROAMENTO TRANSVERSAL,ACIDENTE ENVOLVENDO CAMINHÃO E MOTOCICLETA,1,1,,,,,,,,1,,Longo da via,Bom,Sem defeito,Perfeito estado,Seca,Perfeito estado,Não existe,Placas Pare,,Dupla,Faixa seccionada,,
2020-05-30,09:30:00,SEM VÍTIMA,FINALIZADA,LINHA DO TIRO,RUA ANTONIO CARLOS DE ANDRADE,,,POR TRÁS DA UPINHA DA LINA DO TIRO,LINHA DO TIRO,,SUBURBIO,CHOQUE,VIATURA DA PM-PE CHOCOU-SE COM UM PRISMA DE CONCDRETO,,,,,,,,,,0,,Longo da via,Bom,Não existe,Ilegível,Molhada,Mal conservada,Não existe,Não há placas,n/i,Única,Não existe,,
2020-05-30,13:20:00,COM VÍTIMA,FINALIZADA,CAÇOTE,AV CAPITAO GREGORIO DE CALDAS,,RUA CAPITAO DOMINGOS DA COSTA,PÓXIMO À FARMÁCIA PARA TODOS / BIG BOMPREÇO,CAÇOTE,,CIDADE,ABALROAMENTO TRANSVERSAL,COLISÃO ENVOLVENDO MOTOCICLETA E AUTO,1,1,,,,,,,,1,,Longo da via,Bom,Não existe,,Seca,Perfeito estado,Não existe,Placas Pare,,Dupla,Não existe,,
2020-05-30,16:37:00,COM VÍTIMA,FINALIZADA,DERBY,RUA JENER DE SOUZA,,,PRÓXIMO AO COLEGIO DA POLÍCIA MILITAR. AO LADO DA FUNAPE.,DERBY,,CIDADE,ABALROAMENTO TRANSVERSAL,ÔNIBUS E MOTO,,1,,,,1,,,,1,,Longo da via,Bom,Não existe,Perfeito estado,Seca,Perfeito estado,Não existe,Não há placas,,Única,Canteiro central,,
2020-05-30,19:47:00,COM VÍTIMA,FINALIZADA,BEBERIBE,,,,EM FRENTE AO ANTIGO MATADORO - UNIDADE DE VIGILÂNCIA AMBIENTAL E CONTROLE DE ZOONOSES,BEBERIBE,,SUBURBIO,COLISÃO,UM VEÍCULO DO GTO - COLIDIU EM UMA MOTO -NÃO FOI POSSÍVEL COLOCAR O NOME DA AV. ANTÔNIO COSTA AZEVEDO ESSSE ENDEREÇO E OLINDA -CELULA DE ENDREÇO FICOU SEM PREENCHIMENTO.,1,1,,,,,,,,1,,Longo da via,Bom,Não existe,Incompleta,Seca,Mal iluminada,Não existe,Não há placas,n/i,Dupla,Não existe,,
2020-05-30,20:58:00,COM VÍTIMA,FINALIZADA,BOA VIAGEM,RUA DOS NAVEGANTES,,,LOGOS APÓS A PADRE BERNADINO PESSOA,BOA VIAGEM,,SUBURBIO,COLISÃO,COLISÃO ENTRE MOTO E AUTO,1,1,,,,,,,,1,,Longo da via,Chuvoso,Não existe,Perfeito estado,Molhada,Perfeito estado,Não existe,Não há placas,n/i,Única,Não existe,,
2020-05-31,01:16:00,SEM VÍTIMA,FINALIZADA,BAIRRO DO RECIFE,AV RIO BRANCO,,,EM FRENTE AO MARCO ZERO,BAIRRO DO RECIFE,,SUBURBIO,CHOQUE,CHOQUE DA VIATURA DA PM COM O POSTE,1,,,,,,,,,0,,Esquina,Chuvoso,Não existe,Perfeito estado,Molhada,Perfeito estado,Faixa de pedestre,Não há placas,n/i,Única,Não existe,,
2020-05-31,06:25:00,SEM VÍTIMA,CANCELADA,BOA VIAGEM,RUA VISCONDE DE JEQUITINHONHA,2392,,2º PREDIO APOS O RECIFE FLET - PRÓXIMO AO PARQUE DONA LINDU,BOA VIAGEM,,SUBURBIO,COLISÃO,UM CONDUTOR ESTÁ COM SINTOMAS DE EMBRIAGUEZ,2,,,,,,,,,0,,,,,,,,,,,,,,
2020-05-31,14:18:00,COM VÍTIMA,FINALIZADA,CORDEIRO,AV GENERAL SAN MARTIN,1083,,EM FRENTE AO CORREIOS DE SAN MARTIN,CORDEIRO,403,SUBURBIO,COLISÃO,COLISÃO COM VITIMA,1,1,,,,,,,,1,,Longo da via,Bom,Sem defeito,Perfeito estado,Seca,Perfeito estado,,R-6a,,Dupla,Faixa contínua,,
2020-05-31,22:04:00,COM VÍTIMA,CANCELADA,NOVA DESCOBERTA,RUA NOVA DESCOBERTA,1095,,PRÓXIMO À LOJA W MOTOS E SUBIDA DO OLHO D'ÁGUA,NOVA DESCOBERTA,,,COLISÃO,COLISÃO C/VITIMA CARRO X MOTO (VÍTIMA- APRESENTANDO SINTOMA DE EMBRIAGUEZ- FOI RETIRADO POR TERCEIROS PARA LOCAL IGNORADO),1,1,,,,,,,,1,,,,,,,,,,,,,,
2020-05-27,08:53:00,SEM VÍTIMA,FINALIZADA,TORRÕES,AV ENGENHEIRO ABDIAS DE CARVALHO,350,,PROXIMO AO POSTO BR/PETROCAL,TORRÕES,,CIDADE,ABALROAMENTO LONGITUDINAL,,2,,,,,,,,,0,,Longo da via,Bom,Não existe,Perfeito estado,Seca,Perfeito estado,Não existe,Outras,60 km/h,Dupla,Canteiro central,,
2020-05-28,09:01:00,SEM VÍTIMA,FINALIZADA,PINA,AV ANTONIO DE GOES,,,SAÍDA DO TÚNEL JOSÉ DE CASTRO C/ ANTONIO DE GOES,PINA,103,C,ABALROAMENTO LONGITUDINAL,,2,,,,,,,,,0,,Cruzamento,Bom,Sem defeito,Perfeito estado,Seca,Perfeito estado,Faixa de pedestre,Não há placas,,Única,Faixa seccionada,,
2020-06-01,11:26:00,VÍTIMA FATAL,FINALIZADA,SÃO JOSÉ,AV DANTAS BARRETO,1261,RUA DO PEIXOTO,CRUZAMENTO C/A RUA DO PEIXOTO.,SÃO JOSÉ,181,,CHOQUE VEÍCULO PARADO,COLISÃO ENTRE UM AUTO PASSEIO E UM CAMINHÃO COLETOR DE LIXO DA EMPRESA VITAL- C/VITIMA FATAL. (BOMBEIROS JÁ COMPARECEU AO LOCAL - IC- IML E DP SERÃO ACIONADOS PELA REQUERENTE),1,,,,,,1,,,,1,Cruzamento,Bom,Sem defeito,Perfeito estado,Seca,Perfeito estado,Faixa de pedestre,R-6a,,Única,Não existe,,
2020-06-01,09:33:00,COM VÍTIMA,FINALIZADA,CABANGA,AV SUL,,,EM FRENTE AO POSTO BR DESATIVADO,CABANGA,,CIDADE,COLISÃO COM CICLISTA,ENTRE CICLISTA E MOTOQUEIRO,,1,,1,,,,,,1,,Longo da via,Bom,Não existe,Perfeito estado,Seca,Perfeito estado,,Não há placas,,Dupla,Canteiro central,,
2020-06-01,11:24:00,COM VÍTIMA,FINALIZADA,CAMPO GRANDE,AV GOVERNADOR AGAMENON MAGALHAES,,RUA ODORICO MENDES,,CAMPO GRANDE,,SUBURBIO,ABALROAMENTO TRANSVERSAL,DOIS AUTOS,2,,,1,,,,,,1,,Cruzamento,Bom,Não existe,Incompleta,Seca,Perfeito estado,Faixa de pedestre,Outras,,Única,Não existe,,
2020-06-01,13:41:00,SEM VÍTIMA,FINALIZADA,MADALENA,RUA ARLINDO GOUVEIA,,RUA ANTONIO CAMILO DIAS,APROXIMADAMENTE A 100 METROS DO CLUBE INTERNACIONAL,MADALENA,,CIDADE,COLISÃO,ENVOLVENDO VEÍCULO OFICAL DO TRIBUNAL DE JUSTIÇA,1,,,,,,,1,,0,,Longo da via,Bom,Não existe,Perfeito estado,Seca,Perfeito estado,Não existe,Não há placas,,Única,Não existe,,
2020-06-01,15:22:00,COM VÍTIMA,FINALIZADA,PARNAMIRIM,RUA JOAO TUDE DE MELO,203,RUA VIRGINIA LORETO,PRÓX. GUAIAMUM GIGANTE,PARNAMIRIM,649,SUBURBIO,COLISÃO TRASEIRA,DOIS AUTOS COM UMA VÍTIMA,2,,,,,,,,,1,,Longo da via,Bom,Sem defeito,Perfeito estado,Seca,Perfeito estado,Faixa de pedestre,R-4b,,Única,Faixa contínua,,
2020-06-01,15:55:00,COM VÍTIMA,FINALIZADA,SANTO AMARO,AV CRUZ CABUGA,,AV MARIO MELO,,SANTO AMARO,171,,ABALROAMENTO LONGITUDINAL,,,2,,,,,,,,3,,Cruzamento,Bom,Sem defeito,Perfeito estado,Seca,Perfeito estado,Faixa de retenção,,,Dupla,Canteiro central,,
2020-06-01,19:46:00,COM VÍTIMA,FINALIZADA,BOA VIAGEM,RUA BARAO DE SOUZA LEAO,1341,RUA WALDEMAR NERY CARNEIRO MONTEIRO,PRÓXIMO SUPERMERCADO TREVO,BOA VIAGEM,,CIDADE,ABALROAMENTO TRANSVERSAL,COM AUTO E MOTOCICLETA,1,1,,,,,,,,1,,Esquina,Bom,Não existe,Perfeito estado,Seca,Perfeito estado,Não existe,Não há placas,,Única,Não existe,,
2020-06-02,07:55:00,COM VÍTIMA,FINALIZADA,BONGI,RUA DONA MARIA AUGUSTA NOGUEIRA,,,AO LADO DA CELPE E EM FRENTE A SECRETARIA DE SAÚDE,BONGI,,,COLISÃO TRASEIRA,COLISÃO ENTRE MOTOCICLETA X AUTO,1,1,,,,,,,,1,,Longo da via,Bom,Não existe,Não existente,Seca,Perfeito estado,Não existe,Não há placas,,Dupla,Não existe,,
2020-06-02,08:22:00,COM VÍTIMA,FINALIZADA,AFOGADOS,RUA COSME VIANA,,RUA CORONEL ALFREDO DUARTE,NO CRUZAMENTO DO POSTO SETTA,AFOGADOS,430,SUBURBIO,ABALROAMENTO TRANSVERSAL,COLISÃO ENTRE MOTOCICLETA X AUTO,1,1,,,,,,,,1,,Cruzamento,Bom,Com defeito,Perfeito estado,Seca,Perfeito estado,Outros,Outras,60 km/h,Única,Faixa contínua,,
2020-06-02,12:21:00,VÍTIMA FATAL,FINALIZADA,IPSEP,AV RECIFE,3532,RUA CORONEL MURTA,POSTO PETROBRAS,IPSEP,,CIDADE,ATROPELAMENTO,ATROPELAMENTO COM VÍTIMA FATAL,1,,,,1,,,,,,1,Cruzamento,Bom,Não existe,Incompleta,Seca,Perfeito estado,Não existe,Não há placas,,Dupla,Canteiro central,,
2020-06-02,14:08:00,COM VÍTIMA,FINALIZADA,BOA VIAGEM,RUA FELIX DE BRITO E MELO,854,,BIG BOMPREÇO,BOA VIAGEM,,SUBURBIO,COLISÃO TRASEIRA,AUTO X MOTOCICLETA,1,1,,,,,,,,1,,Longo da via,Bom,Não existe,Perfeito estado,Seca,Perfeito estado,Não existe,Não há placas,,Única,Faixa seccionada,,
2020-06-02,15:25:00,SEM VÍTIMA,FINALIZADA,TAMARINEIRA,AV NORTE,3751,RUA CONEGO BARATA,,TAMARINEIRA,62,SUBURBIO,COLISÃO,COLISÃO SEM VÍTIMAS- ENTRE 2 AUTOS.,2,,,,,,,,,0,,Cruzamento,Bom,Sem defeito,Perfeito estado,Seca,Perfeito estado,Agente,Outras,,Dupla,Faixa contínua,Faixa seccionada,
2020-06-02,18:31:00,COM VÍTIMA,FINALIZADA,BOA VIAGEM,AVENIDA CELSO FURTADO (VIA MANGUE),,,PROXIMO A BIFURCAÇÃO SENTIDO BOA VIAGEM. PRÓXIMO AO HIPER.,BOA VIAGEM,,SUBURBIO,ABALROAMENTO LONGITUDINAL,COLISÃO AUTO E MOTO,1,1,,,,,,,,1,,Longo da via,Bom,Não existe,Perfeito estado,Seca,Perfeito estado,Não existe,Não há placas,60 km/h,Dupla,Faixa seccionada,,
2020-06-03,06:15:00,COM VÍTIMA,FINALIZADA,SANTO AMARO,AV GOVERNADOR AGAMENON MAGALHAES,,,PROXIMO DO VIATUDO ENGº ROBERTO PEREIRA DE CARVALHO(VIATUADO DO TACARUNA) SENTIDO OLINDA,SANTO AMARO,,SUBURBIO,COLISÃO TRASEIRA,COLISÃO AUTO X MOTO,1,1,,,,,,,,1,,Viaduto,Bom,Não existe,Perfeito estado,Seca,Perfeito estado,Não existe,Não há placas,,Única,Faixa seccionada,,
2020-06-03,08:07:00,COM VÍTIMA,FINALIZADA,BOA VIAGEM,AV CONSELHEIRO AGUIAR,,RUA RIBEIRO DE BRITO,POSTO PETROBRAS,BOA VIAGEM,147,CIDADE,COLISÃO COM CICLISTA,COLISÃO AUTOMÓVEL E BICICLETA,1,,,1,,,,,,1,,Cruzamento,Bom,Sem defeito,Perfeito estado,Seca,Perfeito estado,Agente,Outras,,Única,Faixa contínua,Faixa seccionada,
2020-06-03,11:24:00,COM VÍTIMA,FINALIZADA,IMBIRIBEIRA,RUA ITAJAI,162,RUA ITACARI,PROX. A EMPRESA i9,IMBIRIBEIRA,,,ABALROAMENTO TRANSVERSAL,ACIDENTE COM MOTO E CARRO,1,1,,,,,,,,1,,Cruzamento,Bom,Não existe,Perfeito estado,Seca,Perfeito estado,Faixa de pedestre,Placas Pare,,,,,
2020-06-03,12:46:00,COM VÍTIMA,FINALIZADA,JIQUIÁ,RUA SAO MIGUEL,1805,RUA BELEM DE MARIA,DEDÉ DAS BATERIAS,JIQUIÁ,425,SUBURBIO,ABALROAMENTO TRANSVERSAL,ACIDENTE COM MOTO E CARRO,1,1,,,,,,,,1,,Esquina,Bom,Sem defeito,Perfeito estado,Seca,Perfeito estado,Faixa de pedestre,Não há placas,,Dupla,Faixa contínua,,
2020-06-03,14:52:00,SEM VÍTIMA,FINALIZADA,ILHA DO LEITE,AV FREI MATIAS TEVES,224,RUA SENADOR JOSE HENRIQUE,EM FRENTE AO POSTE N H027317,ILHA DO LEITE,,SUBURBIO,COLISÃO,COLISÃO SEM VÍTIMA NO CRUZAMENTO,2,,,,,,,,,0,,Cruzamento,Bom,Não existe,Perfeito estado,Seca,Perfeito estado,Faixa de pedestre,Outras,30 km/h,Única,Faixa seccionada,,
2020-06-03,15:06:00,COM VÍTIMA,FINALIZADA,ENCRUZILHADA,EST DE BELEM,,RUA DONA ELVIRA,EM FRENTE A FRUTARIA,ENCRUZILHADA,201,SUBURBIO,ABALROAMENTO TRANSVERSAL,COLISÃO ENTRE AUTO E MOTO ACIDENTE COM VITIMA,1,1,,,,,,,,1,,Longo da via,Bom,Sem defeito,Perfeito estado,Seca,Perfeito estado,Faixa de pedestre,Outras,,Dupla,,,
2020-06-04,07:05:00,COM VÍTIMA,FINALIZADA,ROSARINHO,AV NORTE,3110,AV SANTOS DUMONT,EM FRENTE A PADARIA ROSARINHO,ROSARINHO,81,SUBURBIO,ABALROAMENTO LONGITUDINAL,COLISÃO COM VITIMA,1,1,,,,,,,,1,,Cruzamento,Bom,Sem defeito,Perfeito estado,Seca,Perfeito estado,Faixa de pedestre,Outras,,Dupla,Canteiro central,,
2020-06-04,08:21:00,SEM VÍTIMA,FINALIZADA,TORRÕES,AV ENGENHEIRO ABDIAS DE CARVALHO,,,APÓS A UPA E ANTES DO VIADUTO,TORRÕES,,SUBURBIO,COLISÃO,COLISÃO ENVOLVENDO TRÊS VEÍCULOS- SENDO UM DELES UMA VIATURA DA PM-PE,2,,,,,,,1,,0,,Longo da via,Bom,Não existe,Perfeito estado,Seca,Perfeito estado,Não existe,Não há placas,60km,Dupla,Canteiro central,,
2020-06-04,16:37:00,COM VÍTIMA,FINALIZADA,SANTO AMARO,AV GOVERNADOR AGAMENON MAGALHAES,,,EM FRENTE DA CENTRAL DE FLAGRANTE,SANTO AMARO,,BOA VIAGEM,COLISÃO TRASEIRA,ACIDENTE COM VÍTIMA ENVOLVENDO UMA MOTOCICLETA E UM AUTO PASSEIO,1,1,,,,,,,,1,,Longo da via,Bom,Não existe,Perfeito estado,Seca,Perfeito estado,Não existe,Não há placas,60 km/h,Dupla,Canal,,
2020-06-05,09:44:00,SEM VÍTIMA,FINALIZADA,CORDEIRO,AV CAXANGA,1777,,CENTRO CAR PEÇAS E PNEUS,CORDEIRO,,CIDADE,ABALROAMENTO LONGITUDINAL,,2,,,,,,,,,0,,Longo da via,Bom,Não existe,Perfeito estado,Seca,Perfeito estado,Não existe,Não há placas,,Dupla,Canteiro central,,
2020-06-05,09:49:00,SEM VÍTIMA,FINALIZADA,ESPINHEIRO,RUA CONS PORTELA,,RUA QUARENTA E OITO,FARMACIA PAGUE MENOS,ESPINHEIRO,11,CIDADE,ABALROAMENTO LONGITUDINAL,AGENTES NO LOCA- FABIO LEITE E ARTHUR MONTEIRO,1,1,,,,,,,,0,,Cruzamento,Bom,Sem defeito,Perfeito estado,Seca,Perfeito estado,Agente,Outras,,Única,Outros,,
2020-06-05,12:46:00,COM VÍTIMA,FINALIZADA,TORRE,AV BEIRA RIO,195,,PROXIMO A PONTE DA TORRE,TORRE,,SUBURBIO,ABALROAMENTO LONGITUDINAL,AUTO E MOTO,1,1,,,,,,,,1,,Longo da via,Bom,Não existe,Perfeito estado,Seca,Perfeito estado,Não existe,Não há placas,,Dupla,Faixa seccionada,,
2020-06-05,14:38:00,COM VÍTIMA,FINALIZADA,VASCO DA GAMA,AV VEREADOR OTACILIO AZEVEDO,992,RUA DIADEMA,EM FRENTE A CLÍNICA ODONTOLOGICA DR. LUIS CARLOS PESSOA,VASCO DA GAMA,,SUBURBIO,COLISÃO TRASEIRA,AUTO E MOTO COM UMA VÍTIMA,1,1,,,,,,,,1,,Esquina,Bom,Não existe,Não existente,Seca,Perfeito estado,Não existe,Outras,,Dupla,Faixa seccionada,,
2020-06-05,22:24:00,COM VÍTIMA,FINALIZADA,AFOGADOS,RUA SAO MIGUEL,1324,,PARAÍSO DOS PETS,AFOGADOS,,SUBURBIO,ABALROAMENTO TRANSVERSAL,MOTO E AUTO,1,1,,,,,,,,1,,Longo da via,Chuvoso,Não existe,Perfeito estado,Molhada,Perfeito estado,Não existe,Não há placas,,Dupla,Faixa seccionada,,
2020-06-06,00:02:00,COM VÍTIMA,FINALIZADA,APIPUCOS,RUA DE APIPUCOS,866,RUA MANDACARU,APÓS O AÇUDE DE APIPUCOS,APIPUCOS,500,SUBURBIO,COLISÃO TRASEIRA,AUTO E MOTO,1,1,,,,,,,,1,,Esquina,Chuvoso,Sem defeito,Perfeito estado,Molhada,Perfeito estado,Faixa de pedestre,Não há placas,,Dupla,Faixa contínua,,
2020-06-06,04:33:00,COM VÍTIMA,FINALIZADA,SÃO JOSÉ,AV SUL,,,CAIS DE SANTA RITA EM FRENTE AS TORRES GEMEAS. DEFRONTE AO 16º BPM.,SÃO JOSÉ,,CIDADE,ATROPELAMENTO,AUTO E PEDESTRE.,1,,,,1,,,,,1,,Longo da via,Bom,Não existe,Perfeito estado,Seca,Perfeito estado,Não existe,Não há placas,60 km/h,Dupla,Canteiro central,,
2020-06-06,13:42:00,COM VÍTIMA,FINALIZADA,BOA VIAGEM,RUA VISCONDE DE JEQUITINHONHA,1503,,EM FRENTE AO POSTO BR DA VISCONDE DE JEQUITINHONHA. EDF PAINEIRAS.,BOA VIAGEM,,SUBURBIO,ABALROAMENTO LONGITUDINAL,COLISÃO MOTOCICLETA X AUTO PASSEIO,1,1,,,,,,,,2,,Longo da via,Bom,Não existe,Perfeito estado,Seca,Perfeito estado,Não existe,Não há placas,60 km/h,Única,Canteiro central,,
2020-06-06,15:04:00,COM VÍTIMA,CANCELADA,PINA,AV HERCULANO BANDEIRA,,RUA ARQUITETO AUGUSTO REINALDO,EM FRENTE AO ATACADÃO DA CONSTRUÇÃO,PINA,,,COLISÃO,COLISÃO ENTRE MOTOCICLETA X DOIS AUTO PASSEIOS,2,1,,,,,,,,1,,,,,,,,,,,,,,
2020-06-06,18:30:00,SEM VÍTIMA,FINALIZADA,BOA VIAGEM,RUA FELIX DE BRITO E MELO,,RUA FRANCISCO DA CUNHA,,BOA VIAGEM,551,SUBURBIO,COLISÃO TRASEIRA,COLISÃO AUTO E MOTO CONDUTOR COM SINTOMAS DE EMBRIAGUES PMPE NO LOCAL,1,1,,,,,,,,0,,Cruzamento,Chuvoso,Sem defeito,Perfeito estado,Seca,Perfeito estado,Faixa de pedestre,Outras,40 km/h,Única,,,
2020-06-07,06:31:00,COM VÍTIMA,FINALIZADA,VASCO DA GAMA,RUA ALTO DO EUCALIPTO,128,,INDO PELA RUA VASCO DA GAMA RUA QUE FICA EM FRENTE A SUPERMERCADO RENDE MAIS,VASCO DA GAMA,,CIDADE,ABALROAMENTO LONGITUDINAL,COLISÃO AUTO X MOTO,1,1,,,,,,,,1,,Longo da via,Chuvoso,Não existe,Não existente,Molhada,Perfeito estado,Não existe,Não há placas,,Dupla,Não existe,,
2020-06-07,07:05:00,SEM VÍTIMA,FINALIZADA,IMBIRIBEIRA,AV MARECHAL MASCARENHAS DE MORAES,,RUA BARAO DE SOUZA LEAO,PRÓXIMO AO VIADUTO,IMBIRIBEIRA,,CIDADE,CHOQUE,VEÍCULO CHOCOU-SE COM O MURO,,,,,,,,,,0,,Outros,Chuvoso,Não existe,Perfeito estado,Molhada,Perfeito estado,Não existe,Não há placas,N/I,Dupla,Canteiro central,,
2020-06-07,14:48:00,SEM VÍTIMA,FINALIZADA,TAMARINEIRA,RUA PADRE ROMA,,,EM FRENTE AO HOSPITAL CORREIA PICANÇO,TAMARINEIRA,,,COLISÃO,COLISÃO ENTE DOIS CARROS E UM DOS CONDUTORES ENCONTRA-SE COM SINTOMAS DE EMBRIAGUÊS,2,,,,,,,,,0,,Longo da via,Nublado,Não existe,Perfeito estado,Seca,Perfeito estado,Não existe,R-6a,N/I,Dupla,Faixa seccionada,Canteiro central,
2020-06-08,08:19:00,COM VÍTIMA,FINALIZADA,TORRE,RUA PROFESSOR TRAJANO DE MENDONCA,148,RUA VITORIANO PALHARES,ATACADO DOS PRESENTES.,TORRE,,CIDADE,ABALROAMENTO TRANSVERSAL,COLISÃO COM VITIMA,1,1,,,,,,,,1,,Longo da via,Bom,Não existe,Perfeito estado,Seca,Perfeito estado,Não existe,Outras,,Única,Faixa contínua,Faixa seccionada,
2020-06-08,08:57:00,SEM VÍTIMA,CANCELADA,AFOGADOS,RUA SAO MIGUEL,1470,,EM FRENTE AO ARMAZEM CORAL,AFOGADOS,,SUBURBIO,COLISÃO,COLISÃO SEM VITIMA . VT 14 NO LOCAL,1,1,,,,,,,,0,,,,,,,,,,,,,,
2020-06-08,12:35:00,SEM VÍTIMA,FINALIZADA,ÁGUA FRIA,AV BEBERIBE,1796,,EM FRENTE AO N 1796,ÁGUA FRIA,,CIDADE,COLISÃO,O SOLICITANTE INFORMA QUE O MOTORISTA DO VEICULO DE PLACA PCR 8252 ESTA COM SINTOMAS DE EMBRIAGUEZ,2,,,,,,,,,0,,Esquina,Bom,Não existe,Incompleta,Seca,Perfeito estado,Não existe,Outras,N/I,Dupla,Não existe,,
2020-06-08,14:48:00,COM VÍTIMA,FINALIZADA,IBURA,AV DOIS RIOS,250,,SESI IBURA.,IBURA,561,SUBURBIO,COLISÃO TRASEIRA,CINCO VEÍCULOS ENVOLVIDOS EM UM ENGAVETAMENTO,5,,,,,,,,,1,,Longo da via,Bom,Sem defeito,Perfeito estado,Seca,Perfeito estado,Faixa de pedestre,R-6a,,Dupla,Faixa contínua,,
2020-06-08,18:02:00,COM VÍTIMA,FINALIZADA,SANTO AMARO,AV CRUZ CABUGA,1065,AV DR JAYME DA FONTE,EM FRENTE AO N 1065 E AO LADO DO (D E R),SANTO AMARO,343,SUBURBIO,COLISÃO COM CICLISTA,COLISÃO COM VITIMA,,,,1,,1,,,,1,,Cruzamento,Bom,Sem defeito,Perfeito estado,Seca,Perfeito estado,Faixa de pedestre,Outras,,Dupla,,,
2020-06-08,18:29:00,COM VÍTIMA,FINALIZADA,ENCRUZILHADA,AV NORTE,2390,AV JOAO DE BARROS,EM FRENTE AO N 2390. BANCO SANTANDER,ENCRUZILHADA,43,CIDADE,COLISÃO TRASEIRA,COLISÃO COM VITIMA,1,1,,,,,,,,1,,Longo da via,Bom,Sem defeito,Perfeito estado,Seca,Perfeito estado,Faixa de pedestre,Não há placas,60 km/h,Dupla,Canteiro central,,
2020-06-08,18:32:00,COM VÍTIMA,FINALIZADA,CASA FORTE,PRC DE CASA FORTE,,RUA VISCONDE DE OURO PRETO,,CASA FORTE,,SUBURBIO,ATROPELAMENTO,MOTO E PEDESTRE.,,1,,,1,,,,,1,,Esquina,Bom,Não existe,Perfeito estado,Seca,Perfeito estado,Não existe,Outras,,Dupla,Não existe,,
2020-06-09,10:38:00,COM VÍTIMA,FINALIZADA,MACAXEIRA,AV NORTE,,RUA TIJUCAL,LADO OPOSTO AO PARQUE DA MACAXEIRA. TAMBÉM PRÓXIMO A UMA ESCOLA TÉCNICA (CONFORME SOLICITANTE). MEGA ÓLEO CENTER CAR.,MACAXEIRA,451,SUBURBIO,ABALROAMENTO TRANSVERSAL,COISÃO ENTRE MOTOCICLETA E CAMINHÃO DA EMLURB,,1,,,,,1,,,1,,Cruzamento,Bom,Sem defeito,Perfeito estado,Seca,Perfeito estado,Faixa de pedestre,R-6a,,Dupla,Canteiro central,,
2020-06-09,13:23:00,COM VÍTIMA,FINALIZADA,BOA VISTA,AV CONDE DA BOA VISTA,1317,RUA GONCALVES MAIA,,BOA VISTA,299,CIDADE,CHOQUE OBJETO FIXO,VEÍCULO SE CHOCOU COM O CANTEIRO CENTRAL E CAPOTOU COM DUAS VÍTIMAS,1,,,,,,,,,2,,Cruzamento,Bom,Sem defeito,Perfeito estado,Seca,Perfeito estado,Faixa de pedestre,R-6c,,Dupla,Canteiro central,,