data,hora,natureza_acidente,situacao,bairro,endereco,numero,detalhe_endereco_acidente,complemento,bairro_cruzamento,num_semaforo,sentido_via,tipo,descricao,auto,moto,ciclom,ciclista,pedestre,onibus,caminhao,viatura,outros,vitimas,vitimasfatais,acidente_verificado,tempo_clima,situacao_semaforo,sinalizacao,condicao_via,conservacao_via,ponto_controle,situacao_placa,velocidade_max_via,mao_direcao,divisao_via1,divisao_via2,divisao_via3
2020-06-09,13:04:00,COM VÍTIMA,FINALIZADA,IMBIRIBEIRA,AV MARECHAL MASCARENHAS DE MORAES,570,RUA ARQUITETO FERNANDO ALMEIDA,AO LADO DO ARMAZEM CORAL,IMBIRIBEIRA,286,SUBURBIO,CHOQUE VEÍCULO PARADO,COLISÃO ENTRE VEICULOS CAUSADA POR UM HOMEM BALEADO,3,,,,,,,,,1,,Longo da via,Chuvoso,Sem defeito,Perfeito estado,Molhada,Perfeito estado,Faixa de retenção,Outras,,Única,Não existe,,
2020-06-09,13:21:00,COM VÍTIMA,FINALIZADA,ESTÂNCIA,RUA MORAIS E SILVA,548,AV DR JOSE RUFINO,PROXIMO A IGREJA SANTA LUZIA,ESTÂNCIA,,SUBURBIO,COLISÃO FRONTAL,ÔNIBUS E MOTO.,,1,,,,1,,,,2,,Esquina,Bom,Não existe,Não existente,Seca,Perfeito estado,Não existe,Não há placas,,Dupla,Faixa contínua,,
2020-06-09,14:19:00,COM VÍTIMA,FINALIZADA,SANTO AMARO,AV NORTE,803,RUA DO POMBAL,,SANTO AMARO,,CIDADE,ABALROAMENTO LONGITUDINAL,DUAS MOTOS ENVOLVIDAS.,,2,,,,,,,,2,,Esquina,Bom,Não existe,Perfeito estado,Seca,Perfeito estado,,,,Dupla,Canteiro central,,
2020-06-09,14:56:00,SEM VÍTIMA,FINALIZADA,SAN MARTIN,RUA VINTE E UM DE ABRIL,2009,,EM FRENTE COPERGÁS E JOEL DA BEBIDA,SAN MARTIN,,SUBURBIO,COLISÃO TRASEIRA,COLISÃO DOIS AUTOS SEM VÍTIMA,2,,,,,,,,,0,,Longo da via,Bom,Não existe,Perfeito estado,Seca,Perfeito estado,Não existe,Não há placas,,Dupla,Não existe,,
2020-06-09,15:27:00,COM VÍTIMA,FINALIZADA,CAMPO GRANDE,EST DE BELEM,121,RUA ODORICO MENDES,,CAMPO GRANDE,26,,ATROPELAMENTO,SI DINIZ NO LOCAL VT 30,1,,,,1,,,,,1,,Longo da via,Bom,Com defeito,Perfeito estado,Seca,Perfeito estado,Faixa de pedestre,,,Dupla,Faixa contínua,,
2020-06-09,16:09:00,SEM VÍTIMA,FINALIZADA,MADALENA,RUA JOSE OSORIO,,AV BEIRA RIO,PONTE CAPUNGA,MADALENA,387,SUBURBIO,COLISÃO,COLISÃO ENTRE VEICULO OFICIAL,1,,,,,,,1,,0,,Ponte,Bom,Sem defeito,Perfeito estado,Seca,Perfeito estado,Faixa de pedestre,Outras,,Dupla,Faixa contínua,,
2020-06-09,17:56:00,COM VÍTIMA,CANCELADA,SÃO JOSÉ,AV DANTAS BARRETO,,,TERMINAL DA 1002,SÃO JOSÉ,,,COLISÃO,,1,,,,,1,,,,1,,,,,,,,,,,,,,
2020-06-10,06:58:00,COM VÍTIMA,FINALIZADA,IBURA,AV DOM HELDER CAMARA,400,,Em frente ao comercial Fama,IBURA,,CIDADE,ATROPELAMENTO,Usuário informa que vinha de veiculo- quando foi surpreendido por transeunte que atravessou-se à frente de seu veículo. O mesmo informou ainda que acionou equipe de resgate.,1,,,,1,,,,,1,,Longo da via,Chuvoso,Sem defeito,Incompleta,Molhada,Mal conservada,Não existe,Não há placas,,Dupla,Canteiro central,,
2020-06-10,07:45:00,COM VÍTIMA,FINALIZADA,SANTO AMARO,AV NORTE,,,PONTE LIMOEIRO,SANTO AMARO,243,CIDADE,ACID. DE PERCURSO,MOTOCICLISTA DERRAPOU NA VIA,,1,,,,,,,,1,,Longo da via,Chuvoso,Sem defeito,Perfeito estado,Molhada,Perfeito estado,Faixa de pedestre,R-6a,,Dupla,Canteiro central,,
2020-06-10,09:55:00,COM VÍTIMA,FINALIZADA,NOVA DESCOBERTA,RUA NOVA DESCOBERTA,52,,Proximo semafóroro nº 065,NOVA DESCOBERTA,,CIDADE,ABALROAMENTO LONGITUDINAL,Usuário informa que motociclista derrapou e chocou-se frontal com um ônibus. Vímima socorrida pelo SAMU.,,1,,,,1,,,,1,,Longo da via,Bom,Sem defeito,Perfeito estado,Seca,Perfeito estado,,Outras,,Dupla,Faixa seccionada,,
2020-06-10,12:47:00,COM VÍTIMA,FINALIZADA,BEBERIBE,AV BEBERIBE,3607,,Em frente ao Sest/ Senat,BEBERIBE,517,,COLISÃO COM CICLISTA,Condutor informa que transportava ferragem por ser serralheiro e o condutor da bicicleta enroscou-se- chegando a cair. O condutor informa que a viatura 32 está no local.,1,,,1,,,,,,1,,Longo da via,Bom,Sem defeito,Perfeito estado,Seca,Perfeito estado,,R-6a,,Dupla,Faixa contínua,,
2020-06-10,18:22:00,COM VÍTIMA,FINALIZADA,GRAÇAS,AV RUI BARBOSA,,RUA AMELIA,POSTO SHELL,GRAÇAS,48,CIDADE,ABALROAMENTO TRANSVERSAL,COLISÃO COM VITIMA- GGOF NO LOCAL,1,1,,,,,,,,1,,Cruzamento,Bom,Sem defeito,Perfeito estado,Seca,Perfeito estado,Faixa de pedestre,Outras,,Única,,,
2020-06-10,19:56:00,SEM VÍTIMA,FINALIZADA,CORDEIRO,AV CAXANGA,,,EM FRENTE A ESTAÇÃO DO BRT PROXIMO AO GETÚLIO VARGAS,CORDEIRO,,SUBURBIO,COLISÃO,COLISÃO AUTO DOIS AUTOS CONDUTOR COM SINTOMAS DE EMBRIAGUÊS,2,,,,,,,,,0,,Longo da via,Chuvoso,Sem defeito,Perfeito estado,Molhada,Perfeito estado,Faixa de pedestre,Não há placas,60km,Dupla,Canteiro central,,
2020-06-10,20:46:00,SEM VÍTIMA,FINALIZADA,CORDEIRO,AV MAURICIO DE NASSAU,,,PROXIMO A LOMBADA ELETRONICO,CORDEIRO,,SUBURBIO,COLISÃO FRONTAL,COLISÃO DOIS AUTOS COM VITIMAS,2,,,,,,,,,0,,Longo da via,Chuvoso,Não existe,Perfeito estado,Molhada,Mal iluminada,Não existe,Não há placas,,Dupla,Faixa contínua,,
2020-06-11,06:15:00,SEM VÍTIMA,FINALIZADA,ESPINHEIRO,RUA CONS PORTELA,,RUA QUARENTA E OITO,,ESPINHEIRO,11,CIDADE,COLISÃO,COLISÃP SEM VITIMIA AUTO X ONIBUS,1,,,,,1,,,,0,,Cruzamento,Bom,Sem defeito,Perfeito estado,Seca,Perfeito estado,Faixa de pedestre,Outras,,Única,Faixa contínua,,
2020-06-11,10:10:00,COM VÍTIMA,FINALIZADA,AREIAS,RUA SAO MIGUEL,685,,EM FRENTE A OFICINA AUTO PEÇAS. IGREJA BATISTA DE AFOGADOS,AREIAS,394,SUBURBIO,ABALROAMENTO LONGITUDINAL,COLISÃO CARRO E MOTO,1,1,,,,,,,,1,,Longo da via,Bom,Sem defeito,Perfeito estado,Seca,Perfeito estado,Não existe,Não há placas,,Dupla,Faixa contínua,,
2020-06-11,11:15:00,VÍTIMA FATAL,FINALIZADA,CAXANGÁ,RUA GREGORIO JUNIOR,,AV CAXANGA,,CAXANGÁ,236,CIDADE,ATROPELAMENTO,ATROPELAMENTO DO PEDESTRE POR UMA MOTO- A POSTERIOR O VEICULO PASSOU POR CIMA DA VÍTIMA. RESULTADO FINAL MOTOCICLISTA VITIMADO E O ATROPELADO EM ÓBITO,1,1,,,1,,,,,2,1,Longo da via,Nublado,Sem defeito,Perfeito estado,Seca,,Faixa de pedestre,Outras,,Única,Canteiro central,,
2020-06-11,11:23:00,COM VÍTIMA,FINALIZADA,TORRE,RUA CANTORA CLARA NUNES,,RUA SOUZA BANDEIRA,ANTIGO POSTO DE SAÚDE ENTREA UPINHA EMOCI CRAUZE E O DISTRITO SANITÁRIO 4- RUA QUE DÁ ACESSO A COMUNIDADE DE SANTA LUZIA,TORRE,,CIDADE,ABALROAMENTO TRANSVERSAL,COLISÃO CARRO E MOTO,1,1,,,,,,,,1,,Cruzamento,Bom,Não existe,Não existente,Seca,Perfeito estado,Não existe,Não há placas,,Dupla,Não existe,,
2020-06-11,18:57:00,SEM VÍTIMA,FINALIZADA,CORDEIRO,AV CAXANGA,,,PRÓXIMO AO SUPERMECADO STYLUS E DA IGREJA CATOLICA - SENTIDO CAMARAGIBE,CORDEIRO,,SUBURBIO,COLISÃO,VEÍCULO DA SECRETARIA DE SAÚDE,2,,,,,,,,,0,,Longo da via,Bom,Não existe,Perfeito estado,Seca,Perfeito estado,Não existe,Não há placas,n/i,Única,Faixa seccionada,Canteiro central,
2020-06-12,00:10:00,COM VÍTIMA,FINALIZADA,CORDEIRO,AV CAXANGA,1814,,SUPERMERCADO SOBERANO. JACARÉ VEÍCULOS,CORDEIRO,,SUBURBIO,COLISÃO FRONTAL,MOTOQUEIRO COLIDIU NO CAMINHÃO,,1,,,,,1,,,1,,Longo da via,Chuvoso,Não existe,Perfeito estado,Molhada,Perfeito estado,Não existe,Outras,,Dupla,Canteiro central,,
2020-06-12,10:01:00,COM VÍTIMA,FINALIZADA,CORDEIRO,AV CAXANGA,833,RUA CARATINGA,EM FRENTE A WILL MOTOS RECIFE,CORDEIRO,,CIDADE,ABALROAMENTO LONGITUDINAL,COLISÃO COM VÍTIMA,1,1,,,,,,,,2,,Esquina,Bom,Sem defeito,Perfeito estado,Seca,Perfeito estado,Faixa de pedestre,,,Dupla,Faixa contínua,Faixa seccionada,Canteiro central
2020-06-12,12:44:00,COM VÍTIMA,FINALIZADA,JIQUIÁ,RUA SAO MIGUEL,1850,,EM FRENTE DA DISTRIBUIDORA RENASCER,JIQUIÁ,,CIDADE,ABALROAMENTO TRANSVERSAL,COLISÃO COM VÍTIMA ENVOLVENDO TRÊS VEÍCULOS,1,2,,,,,,,,1,,Longo da via,Bom,,Perfeito estado,Seca,Perfeito estado,Não existe,Não há placas,,Dupla,Faixa contínua,,
2020-06-12,14:48:00,COM VÍTIMA,FINALIZADA,APIPUCOS,AV DEZESSETE DE AGOSTO,,RUA GOVERNADOR SEABRA,,APIPUCOS,,SUBURBIO,ABALROAMENTO LONGITUDINAL,AUTO PASSEIO E MOTOCICLETA COM DUAS VÍTIMAS,1,1,,,,,,,,2,,Longo da via,Bom,Não existe,Perfeito estado,Seca,Perfeito estado,Não existe,R-6a,,Dupla,Faixa seccionada,,
2020-06-12,19:19:00,COM VÍTIMA,CANCELADA,CORDEIRO,RUA N S DA SAUDE,,,PROXIMO AO TERMINAL DO ONIBUS DA TORRE,CORDEIRO,,,COLISÃO,COLISÃO COM VITIMA ENTRE AUTO X MOTO,2,,,,,,,,,1,,,,,,,,,,,,,,
2020-06-12,20:45:00,COM VÍTIMA,FINALIZADA,BOA VIAGEM,RUA VISCONDE DE JEQUITINHONHA,,RUA BALTAZAR PASSOS,COM A RUA BALTHAZR PASSOS,BOA VIAGEM,154,CIDADE,ABALROAMENTO TRANSVERSAL,COLISSÃO COM VITIMA,1,1,,,,,,,,1,,Cruzamento,Bom,Sem defeito,Perfeito estado,Seca,Perfeito estado,Faixa de pedestre,,,Única,,,
2020-06-13,23:31:00,COM VÍTIMA,FINALIZADA,MADALENA,RUA REAL DA TORRE,660,RUA DOM JOAO DE SOUZA,PPRÓXIMO AO MERCADO DA MADALENA,MADALENA,,SUBURBIO,ABALROAMENTO TRANSVERSAL,CARRO E MOTO,1,1,,,,,,,,1,,Esquina,Chuvoso,Não existe,,Molhada,Perfeito estado,,Placas Pare,,,,,
2020-06-14,08:21:00,COM VÍTIMA,FINALIZADA,CABANGA,PTE GOVERNADOR PAULO GUERRA,,,AO LADO DA ESTAÇÃO DA COMPESA,CABANGA,,SUBURBIO,TOMBAMENTO,ACIDENTE DE PERCURSO COM MOTOCICLETA,,1,,,,,,,,1,,Longo da via,Chuvoso,Não existe,Perfeito estado,Molhada,Perfeito estado,Não existe,Não há placas,,Única,Faixa seccionada,,
2020-06-14,11:24:00,COM VÍTIMA,CANCELADA,TEJIPIÓ,AV DR JOSE RUFINO,,,PROX. AO ARMAZÉM CORAL,TEJIPIÓ,,,COLISÃO COM CICLISTA,COLISÃO MOTOCICLETA X CICLISTA,,1,,1,,,,,,3,,,,,,,,,,,,,,
2020-06-14,19:56:00,COM VÍTIMA,FINALIZADA,MADALENA,RUA JOSE OSORIO,414,,PROXIMO AO MERCADO DA MADALENA . POSTO PETROBRAS,MADALENA,,SUBURBIO,CHOQUE VEÍCULO PARADO,COLISÃO AUTO E MOTO,1,1,,,,,,,,1,,Longo da via,Chuvoso,Sem defeito,Perfeito estado,Molhada,Perfeito estado,Não existe,Não há placas,60 km/h,Única,Não existe,,
2020-06-15,09:56:00,SEM VÍTIMA,FINALIZADA,MUSTARDINHA,AV MANOEL GONCALVES DA LUZ,,,AO LADO PRAÇA MUSTARDINHA,MUSTARDINHA,,SUBURBIO,COLISÃO,DOIS AUTOS SEM VÍTIMA,2,,,,,,,,,0,,Cruzamento,Bom,Não existe,Perfeito estado,Seca,Perfeito estado,Faixa de pedestre,Outras,N/I,Dupla,Faixa contínua,,
2020-06-15,10:43:00,SEM VÍTIMA,FINALIZADA,SÍTIO DOS PINTOS,RUA VEREADOR PETRUS CAMARA,65,,CAMPO SÍTIO DOS PINTOS,SÍTIO DOS PINTOS,,CIDADE,COLISÃO,ENTRE VEÍCULO OFICIAL E CARROÇA,,,,,,,,1,1,0,,Longo da via,Chuvoso,Não existe,Não existente,Molhada,Outros,Não existe,Não há placas,N/I,Dupla,Não existe,,
2020-06-15,15:42:00,SEM VÍTIMA,FINALIZADA,SÃO JOSÉ,AV N S DO CARMO,,RUA IMPERADOR PEDRO SEGUNDO,,SÃO JOSÉ,,,COLISÃO,COLISÃO ENTRE DOIS AUTOMÓVEIS,2,,,,,,,,,0,,Cruzamento,Chuvoso,Sem defeito,Perfeito estado,Molhada,Perfeito estado,Faixa de pedestre,Não há placas,N/I,Dupla,Faixa contínua,,
2020-06-15,19:28:00,COM VÍTIMA,FINALIZADA,CASA AMARELA,AV NORTE,,AV PROFESSOR JOSE DOS ANJOS,PRÓXIMO AO SESC DE CASA AMARELA,CASA AMARELA,364,SUBURBIO,ABALROAMENTO TRANSVERSAL,,1,1,,,,,,,,1,,Cruzamento,Chuvoso,Sem defeito,Perfeito estado,Molhada,Perfeito estado,Faixa de pedestre,Não há placas,,Dupla,Faixa seccionada,,
2020-06-15,19:35:00,COM VÍTIMA,CANCELADA,IMBIRIBEIRA,AV MARECHAL MASCARENHAS DE MORAES,,,EM FRENTE AO ARMAZÉM CORAL,IMBIRIBEIRA,,SUBURBIO,COLISÃO,MOTO E AUTO,1,1,,,,,,,,1,,,,,,,,,,,,,,
2020-06-16,08:25:00,COM VÍTIMA,FINALIZADA,VÁRZEA,AV JOAQUIM RIBEIRO,,RUA FRANCISCO TORRES,DEFRONTE DA UPA DA CAXANGÁ,VÁRZEA,368,CIDADE,ABALROAMENTO LONGITUDINAL,COLISÃO ENVOLVENDO MOTOCICLISTA E AUTOPASSEIO - EQUIPE DE AGENTES NO LOCAL PROCEDENDO À OCORRÊNCIA,1,1,,,,,,,,1,,Longo da via,Chuvoso,Sem defeito,Perfeito estado,Molhada,Perfeito estado,Faixa de pedestre,Não há placas,60 km/h,Única,Faixa seccionada,,
2020-06-16,14:42:00,SEM VÍTIMA,FINALIZADA,IBURA,AV DOIS RIOS,,,EM FRENTE A IGREJA BATISTA DO IBURA,IBURA,594,CIDADE,COLISÃO,COLISÃO SEM VITIMA.( BATEDORES NO LOCAL MOTO 11 E 24,1,,,,,,1,,,0,,Longo da via,Bom,Não existe,Perfeito estado,Seca,Perfeito estado,Não existe,Outras,N/I,Dupla,Faixa contínua,Faixa seccionada,
2020-06-16,23:02:00,SEM VÍTIMA,FINALIZADA,BOA VIAGEM,AV CONSELHEIRO AGUIAR,,RUA FELIX DE BRITO E MELO,CRUZAMENTO C/A RUA FELIX DE BRITO E MELO - EM FRENTE AO BRADESCO,BOA VIAGEM,,SUBURBIO,CHOQUE OBJETO FIXO,ONIBUS DA EMPRESA BORBOREMA CHOCOU-SE CONTRA UM POSTE DE ALTA TENSÃO- QUE AMEAÇA CAIR NA VIA - SEM VÍTIMA,,,,,,1,,,,0,,Cruzamento,Chuvoso,Sem defeito,Perfeito estado,Molhada,Perfeito estado,Faixa de pedestre,R-6a,40KM,Única,Outros,,
2020-06-17,11:29:00,COM VÍTIMA,FINALIZADA,IBURA,AV PERNAMBUCO,150,AV RIO SAO FRANCISCO,PROXIMO O EREM SÃO SEBASTIÃO LEME,IBURA,,SUBURBIO,ABALROAMENTO LONGITUDINAL,COLISÃO COM VITIMA ENTRE AUTO E MOTO.,1,1,,,,,,,,1,,Cruzamento,Bom,Não existe,Perfeito estado,Seca,Perfeito estado,Não existe,Não há placas,,Dupla,Faixa seccionada,,
2020-06-17,15:20:00,COM VÍTIMA,FINALIZADA,CASA FORTE,AV DEZESSETE DE AGOSTO,2187,,PROXIMO AO MUSEU. FUNDAÇÃO JOAQUIM NABUCO,CASA FORTE,,CIDADE,COLISÃO TRASEIRA,,2,,,,,,,,,1,,Longo da via,Bom,Não existe,Perfeito estado,Seca,Perfeito estado,Não existe,Não há placas,,Dupla,Faixa contínua,,
2020-06-17,15:51:00,COM VÍTIMA,FINALIZADA,MADALENA,RUA MENEZES DRUMOND,333,RUA ERNANI BRAGA,PRAÇA CALAZANS,MADALENA,,SUBURBIO,ABALROAMENTO TRANSVERSAL,,1,1,,,,,,,,1,,Cruzamento,Bom,Não existe,Perfeito estado,Seca,Perfeito estado,Faixa de pedestre,R-4a,,Única,Faixa contínua,Faixa seccionada,
2020-06-17,19:06:00,COM VÍTIMA,FINALIZADA,JIQUIÁ,AV DR JOSE RUFINO,,RUA ANTONIO CARNEIRO,EM FRENTE AO COLISÃO VISÃO,JIQUIÁ,,,ABALROAMENTO TRANSVERSAL,ACIDENTE ENTRE AUTO E MOTO,1,1,,,,,,,,1,,Esquina,Bom,Não existe,Perfeito estado,Seca,Perfeito estado,Não existe,Outras,,Dupla,Faixa contínua,Faixa seccionada,
2020-06-17,19:46:00,COM VÍTIMA,FINALIZADA,JORDÃO,RUA DR ALVARO FERRAZ,,,RUA PRINCIPAL ONDE PASSA OS ÔNIBUS DO JORDÃO BAIXO,JORDÃO,,,COLISÃO,DUAS MOTOS E UM CAMINHÃO,,2,,,,,1,,,1,,Longo da via,Chuvoso,Não existe,Incompleta,Molhada,Mal iluminada,Não existe,Não há placas,30KM,Única,Não existe,,
2020-06-18,09:53:00,COM VÍTIMA,FINALIZADA,IPUTINGA,AV CAXANGA,,AV PROFESSOR JOAQUIM CAVALCANTI,,IPUTINGA,,SUBURBIO,COLISÃO TRASEIRA,COLISÃO COM VITIMA,1,1,,,,,,,,1,,Cruzamento,Bom,Não existe,Perfeito estado,Seca,Perfeito estado,Não existe,Não há placas,60 km/h,Dupla,Canteiro central,,
2020-06-18,11:21:00,COM VÍTIMA,FINALIZADA,IPSEP,RUA ITACARI,162,RUA ITAJAI,,IPSEP,,,ABALROAMENTO TRANSVERSAL,COLISÃO COM VÍTIMA ENTRE 2 AUTOS,2,,,,,,,,,1,,Cruzamento,Nublado,Não existe,Perfeito estado,Seca,Perfeito estado,Faixa de pedestre,Placas Pare,30 km/h,Única,Faixa seccionada,,
2020-06-18,15:11:00,SEM VÍTIMA,FINALIZADA,MADALENA,RUA DOM MANOEL DA COSTA,,RUA PADRE LANDIM,RUA PADRE LANDIM,MADALENA,,,COLISÃO,COLISÃO ENTRE 2 AUTOS- SEM VÍTIMAS,2,,,,,,,,,0,,Cruzamento,Bom,Sem defeito,Incompleta,Seca,Mal conservada,Faixa de pedestre,R-6a,N/I,Única,Faixa contínua,,
2020-06-18,15:12:00,SEM VÍTIMA,FINALIZADA,BOA VIAGEM,RUA ANTONIO FALCAO,,RUA DOS NAVEGANTES,,BOA VIAGEM,,,COLISÃO,COLISÃO ENTRE 2 AUTOS- SEM VÍTIMAS,2,,,,,,,,,0,,Cruzamento,Chuvoso,Não existe,Ilegível,Molhada,Perfeito estado,Outros,Placas Pare,N/I,Única,Não existe,,
2020-06-18,15:52:00,SEM VÍTIMA,FINALIZADA,TAMARINEIRA,RUA CONEGO BARATA,,,Em frente a Policlínica Albert Sabin sentido Água Fria,TAMARINEIRA,,SUBURBIO,COLISÃO,Condutora informa que seu veículo foi colidido na traseira por veículo da Secretaria de Saúde do Município de Recife,,,,,,,,,,0,,Longo da via,Chuvoso,Sem defeito,Perfeito estado,Molhada,Perfeito estado,Faixa de pedestre,R-6a,N/I,Única,Canteiro central,,
2020-06-18,16:16:00,COM VÍTIMA,FINALIZADA,SÃO JOSÉ,AV SUL,488,,ANTES DA ENTRADA DO CABANGA,SÃO JOSÉ,509,SUBURBIO,COLISÃO COM CICLISTA,COLISÃO ÔNIBUS X CICLISTA,,,,1,,1,,,,1,,Longo da via,Chuvoso,Sem defeito,Perfeito estado,Molhada,Perfeito estado,Não existe,Outras,60 km/h,Dupla,Faixa seccionada,,
2020-06-19,04:52:00,VÍTIMA FATAL,FINALIZADA,JOANA BEZERRA,VIADUTO CAPITAO TEMUDO,,,SENTIDO DERBY. ALÇA DE ACESSO A RUA IMPERIAL.,JOANA BEZERRA,,CIDADE,COLISÃO COM CICLISTA,MOTO X BICICLETA C/VITIMA FATAL,,1,,1,,,,,,1,1,Viaduto,Chuvoso,Não existe,Perfeito estado,Molhada,Perfeito estado,Não existe,R-19,40 km/h,Única,Faixa contínua,,
2020-06-19,07:46:00,SEM VÍTIMA,FINALIZADA,CASA FORTE,AV DEZESSETE DE AGOSTO,,,EM FRENTE A PIZZARIA HUTT,CASA FORTE,,,CHOQUE,VEÍCULO COLIDIU COM UM POSTE ESTÁ ATRAVESSADO NA VIA,1,,,,,,,,,0,,Longo da via,Chuvoso,Não existe,Perfeito estado,Molhada,Perfeito estado,Não existe,Outras,N/I,Dupla,Faixa contínua,,
2020-06-19,07:55:00,SEM VÍTIMA,FINALIZADA,ESPINHEIRO,RUA CONS PORTELA,,RUA QUARENTA E OITO,,ESPINHEIRO,,,COLISÃO,COLISÃO ENTE DOIS AUTOMÓVEIS. OBS: AGENTE ARTHUR.,2,,,,,,,,,0,,Cruzamento,Chuvoso,Sem defeito,Perfeito estado,Molhada,Perfeito estado,Agente,Outras,N/I,Única,Outros,,
2020-06-19,08:28:00,COM VÍTIMA,FINALIZADA,SANTO AMARO,AV GOVERNADOR AGAMENON MAGALHAES,1800,,PRÓXIMO REITORIA DA UNIVERSIDADE DE PERNAMBUCO- SENTIDO BOA VIAGEM,SANTO AMARO,,CIDADE,COLISÃO TRASEIRA,AUTO E MOTOCICLETA COM UMA VÍTIMA,1,1,,,,,,,,1,,Longo da via,Chuvoso,Sem defeito,Perfeito estado,Molhada,Perfeito estado,Não existe,Não há placas,60 km/h,Dupla,Canteiro central,,
2020-06-19,08:57:00,COM VÍTIMA,FINALIZADA,TORRÕES,AV ENGENHEIRO ABDIAS DE CARVALHO,,,LADO OPOSTO DLP VINHOS E DESTILADOS,TORRÕES,,CIDADE,ABALROAMENTO LONGITUDINAL,DOIS AUTOS E UMA MOTOCICLETA,2,1,,,,,,,,1,,Longo da via,Bom,Não existe,Perfeito estado,Seca,Perfeito estado,Não existe,Não há placas,,Dupla,Canteiro central,,
2020-06-19,10:24:00,COM VÍTIMA,FINALIZADA,ÁGUA FRIA,AV BEBERIBE,,,EM FRENTE PAGODE DA PRESSÃO E PRÓXIMO MERCADO ÀGUA FRIA,ÁGUA FRIA,,CIDADE,COLISÃO,DOIS AUTOS,2,,,,,,,,,1,,Longo da via,Bom,Sem defeito,Perfeito estado,Seca,Perfeito estado,Faixa de pedestre,Outras,N/I,Dupla,Faixa contínua,,
2020-06-19,14:22:00,COM VÍTIMA,FINALIZADA,TAMARINEIRA,AV NORTE,3927,RUA CONEGO BARATA,PRÓX DE GASOLINA AV. NORTE. LADO OPOSTO A PADARIA BELLA NORTE.,TAMARINEIRA,62,CIDADE,ATROPELAMENTO,ATROPELAMENTO ENTRE CAMINHÃO E PEDESTRE,1,,,,1,,,,,1,,Longo da via,Chuvoso,,Perfeito estado,Molhada,Perfeito estado,,,,Dupla,Canteiro central,,
2020-06-20,03:38:00,SEM VÍTIMA,FINALIZADA,BOA VISTA,AV CONDE DA BOA VISTA,,,EM FRENTE AO SHOPPING BOA VISTA,BOA VISTA,,SUBURBIO,CHOQUE,VIATURA DA PM SE CHOCOU CONTRA UM GELO BAIANO,1,,,,,,,,,0,,Cruzamento,Bom,Sem defeito,Perfeito estado,Seca,Perfeito estado,Outros,Outras,N/I,Dupla,Canteiro central,,
2020-06-20,12:09:00,COM VÍTIMA,FINALIZADA,SANTO AMARO,AV CRUZ CABUGA,1167,AV DR JAYME DA FONTE,EM FRENTE AO N 1189,SANTO AMARO,343,CIDADE,ABALROAMENTO TRANSVERSAL,COLISÃO COM VITIMA,,2,,,,,,,,2,,Cruzamento,Bom,Sem defeito,Perfeito estado,Seca,Perfeito estado,Faixa de pedestre,Não há placas,40 km/h,Dupla,Faixa seccionada,,
2020-06-20,13:26:00,SEM VÍTIMA,FINALIZADA,CASA FORTE,AV DEZESSETE DE AGOSTO,508,,EM FRENTE AO SHOPPING PLAZA,CASA FORTE,,CIDADE,COLISÃO,COLISÃO SEM VITIMA,2,1,,,,,,,,0,,Longo da via,Bom,Sem defeito,Perfeito estado,Seca,Perfeito estado,Faixa de pedestre,Outras,N/I,Dupla,Faixa contínua,,
2020-06-20,14:58:00,SEM VÍTIMA,FINALIZADA,CASA FORTE,AV DEZESSETE DE AGOSTO,487,,EM FRENTE AO N 487,CASA FORTE,,CIDADE,COLISÃO,COLISÃO SEM VITIMA,2,,,,,,,,,0,,Longo da via,Bom,Não existe,Perfeito estado,Seca,Perfeito estado,Outros,Outras,N/I,Dupla,Faixa contínua,,
2020-06-20,16:29:00,SEM VÍTIMA,CANCELADA,BOA VIAGEM,RUA PROFESSOR JOSE BRANDAO,390,RUA FRANCISCO DA CUNHA,EM FRENTE AO N 390,BOA VIAGEM,,SUBURBIO,COLISÃO,COLISÃO SEM VITIMA,1,1,,,,,,,,0,,,,,,,,,,,,,,
2020-06-20,19:51:00,COM VÍTIMA,FINALIZADA,IMBIRIBEIRA,AV MARECHAL MASCARENHAS DE MORAES,2274,,LADO OPOSTO A FERREIRA COSTA.,IMBIRIBEIRA,,SUBURBIO,ABALROAMENTO LONGITUDINAL,COLISÃO ENTRE TRÊS AUTOS E UMA MOTO.,3,1,,,,,,,,3,,Longo da via,Chuvoso,,Perfeito estado,Molhada,Perfeito estado,,R-6a,40 km/h,Dupla,Canteiro central,,