data,hora,natureza_acidente,situacao,bairro,endereco,numero,detalhe_endereco_acidente,complemento,bairro_cruzamento,num_semaforo,sentido_via,tipo,descricao,auto,moto,ciclom,ciclista,pedestre,onibus,caminhao,viatura,outros,vitimas,vitimasfatais,acidente_verificado,tempo_clima,situacao_semaforo,sinalizacao,condicao_via,conservacao_via,ponto_controle,situacao_placa,velocidade_max_via,mao_direcao,divisao_via1,divisao_via2,divisao_via3
2020-08-02,14:38:00,COM VÍTIMA,FINALIZADA,AFOGADOS,RUA SAO MIGUEL,1816,,RENASCER DISTRIBUIDORA,AFOGADOS,425,SUBURBIO,CHOQUE OBJETO FIXO,VEÍCULO CHOCOU-SE COM O POSTE DO SEMÁFORO DE NÚMERO 425..,1,,,,,,,,,1,,Longo da via,Chuvoso,,Incompleta,Seca,Perfeito estado,Faixa de pedestre,Outras,,Dupla,Faixa contínua,,
2020-08-03,07:50:00,COM VÍTIMA,FINALIZADA,GRAÇAS,AV GOVERNADOR AGAMENON MAGALHAES,,AV RUI BARBOSA,EM FRENTE AO TRIBUNAL REGIONAL ELEITORAL PE,GRAÇAS,37,BOA VIAGEM,ABALROAMENTO TRANSVERSAL,COLISÃO COM VITIMA GM  EVANDRO RAMOS QTH,1,1,,,,,,,,1,,Cruzamento,Bom,Sem defeito,Perfeito estado,Seca,Perfeito estado,Agente,Outras,60 km/h,Dupla,Canteiro central,,
2020-08-03,13:27:00,SEM VÍTIMA,CANCELADA,IPSEP,1PT DA BOMBA DO HEMETERIO,106,,EM FRENTE AO NUMERO 106,IPSEP,,SUBURBIO,COLISÃO,VEICULO COLIDIU COM CARRO DA CELPE,2,,,,,,,,,0,,,,,,,,,,,,,,
2020-08-03,16:02:00,COM VÍTIMA,FINALIZADA,SÃO JOSÉ,AV SUL,,,NA ENTRADA DO CAIS SANTA RITA- EM FRENTE AO AGEMAR.,SÃO JOSÉ,76,CIDADE,COLISÃO TRASEIRA,ENCAVETAMENTO DE 3 ONIBUS,,,,,,3,,,,4,,Longo da via,Bom,Sem defeito,Perfeito estado,Seca,Perfeito estado,Outros,Outras,,Dupla,,,
2020-08-03,19:19:00,SEM VÍTIMA,FINALIZADA,AFOGADOS,AV SUL,,,PRÓXIMO À PONTE DE ADOGADOS - SENTIDO CIDADE,AFOGADOS,,,CAPOTAMENTO,(PROPRIETARIO: JOAQUIM DE ALMEIDA PINTO),,,,,,,,,,0,,,,,,,,,,,,,,
2020-08-03,22:07:00,COM VÍTIMA,FINALIZADA,TAMARINEIRA,EST DO ARRAIAL,2385,,APOS O POSTO IPIRANGA,TAMARINEIRA,,SUBURBIO,ABALROAMENTO TRANSVERSAL,MOTO X AUTO,1,1,,,,,,,,1,,Longo da via,Bom,Não existe,Perfeito estado,Seca,Perfeito estado,Não existe,Não há placas,,Única,Faixa seccionada,,
2020-08-04,06:45:00,COM VÍTIMA,FINALIZADA,PASSARINHO,RUA CORONEL PILAR,313A,,PROX AO CAMPO DE FUTEBOL DE PASSARINHO- LADO OPOSTO A COMPRA DE SUCATAS.,PASSARINHO,,,COLISÃO FRONTAL,COLISAO SEM VITIMAS ENVOLVENDO VIATURA DA POLICIA MILITAR,1,,,,,,1,,,1,,Longo da via,Bom,Não existe,Não existente,Seca,,Não existe,Não há placas,,Dupla,Não existe,,
2020-08-04,08:17:00,COM VÍTIMA,FINALIZADA,ESTÂNCIA,AV RECIFE,5583,,EM FRENTE AO POSTO BR- PROX A ENTRADA DE SAN MARTIM,ESTÂNCIA,,,COLISÃO TRASEIRA,COLISAO C VITIMA- ENVOLVENDO AUTO E MOTO,1,1,,,,,,,,1,,Longo da via,Bom,Não existe,Não existente,Seca,Perfeito estado,,Não há placas,60 km/h,Única,Canteiro central,,
2020-08-04,20:21:00,COM VÍTIMA,FINALIZADA,IBURA,RUA RIO XINGU,273,,E/F A CASA DO HAMBURGUER. EM FRENTE AO LAVA JATO.,IBURA,,CIDADE,COLISÃO FRONTAL,COLISAO COM VITIMAS,1,1,,,,,,,,1,,Longo da via,Bom,Não existe,Não existente,Seca,Perfeito estado,Não existe,R-19,30 km/h,Dupla,Faixa seccionada,,
2020-08-05,05:14:00,SEM VÍTIMA,FINALIZADA,BOA VISTA,RUA AURORA,,RUA DO RIACHUELO,,BOA VISTA,579,,COLISÃO,VEÍCULO OFICIAL,1,,,,,1,,,,0,,,,,,,,,,,,,,
2020-08-05,08:13:00,COM VÍTIMA,FINALIZADA,ARRUDA,RUA DAS MOCAS,1271,,RESIDENCIA PROX  A PIZZARIA ATLANTICO,ARRUDA,,CIDADE,COLISÃO,COLISÃO COM VITIMA SOCORRIDA PELO SAMU,1,1,,,,,,,,2,,Longo da via,Bom,Não existe,Não existente,Seca,Perfeito estado,Não existe,Não há placas,,Dupla,Faixa seccionada,,
2020-08-05,10:33:00,COM VÍTIMA,FINALIZADA,CASA AMARELA,RUA DO MARQUES,,EST DO ENCANAMENTO,PROX. A ESCOLA ESTADUAL JOSE VILELA,CASA AMARELA,462,CIDADE,COLISÃO FRONTAL,AUTO E MOTO C/V VT-11 NO LOCAL GM EDER,1,1,,,,,,,,2,,Cruzamento,Bom,Com defeito,Perfeito estado,Seca,Perfeito estado,Faixa de pedestre,,60 km/h,,,,
2020-08-05,11:45:00,COM VÍTIMA,FINALIZADA,MADALENA,RUA BENFICA,411,RUA EUCLIDES DA CUNHA,SEMAFORO 590,MADALENA,590,CIDADE,TOMBAMENTO,ACID. PERCURSO MOTO C/V,,1,,,,,,,,1,,Cruzamento,Bom,Sem defeito,Perfeito estado,Seca,Perfeito estado,Faixa de pedestre,,60 km/h,Única,,,
2020-08-05,13:51:00,COM VÍTIMA,FINALIZADA,ARRUDA,AV PROFESSOR JOSE DOS ANJOS,,,EM FRENTE AO PAI DO ARRUDA- POR TRAS DO CAMPO DO ARRUDA,ARRUDA,,SUBURBIO,COLISÃO TRASEIRA,COLISÃO MOTO E CARRO,1,1,,,,,,,,1,,Longo da via,Bom,Não existe,Perfeito estado,Seca,Perfeito estado,Não existe,Outras,40 km/h,Única,Faixa seccionada,,
2020-08-05,17:48:00,COM VÍTIMA,CANCELADA,DOIS UNIDOS,RUA SAO JOSE,,RUA BEIRA RIO,NA DESCIDA DA ACADEMIA DE MARCO,DOIS UNIDOS,,,COLISÃO,MOTO COLIDIU COM O CARRO,1,1,,,,,,,,1,,,,,,,,,,,,,,
2020-08-05,18:17:00,COM VÍTIMA,FINALIZADA,CORDEIRO,AV CAXANGA,2811,,CANAL DO CAVOUCO. EM FRENTE AO RESTAURANTE MASSARELA.,CORDEIRO,,CIDADE,COLISÃO COM CICLISTA,MOTO E BICICLETA.,,1,,1,,,,,,1,,Longo da via,Bom,Sem defeito,Perfeito estado,Seca,Perfeito estado,,,,Dupla,Faixa contínua,Faixa seccionada,Canteiro central
2020-08-05,18:45:00,COM VÍTIMA,FINALIZADA,CASA FORTE,AV FLOR DE SANTANA,48,AV DEZESSETE DE AGOSTO,ENF. A BURGE KING. LADO OPOSTO AO NÚMERO INFORMADO.,CASA FORTE,,PARNAMIRIM,ABALROAMENTO TRANSVERSAL,ECOSPORT X MOTO,1,1,,,,,,,,1,,Longo da via,Bom,Não existe,Ilegível,Seca,Perfeito estado,Não existe,Outras,,Dupla,,,
2020-08-05,19:13:00,COM VÍTIMA,CANCELADA,ROSARINHO,RUA COUTO MAGALHAES,146,,PRÓX A ANTIGA PADARIA DO INDIO E PRC SANTOS DUMONT,ROSARINHO,,,COLISÃO,ENTRE AUTO E MOTO. C/V,1,1,,,,,,,,1,,,,,,,,,,,,,,
2020-08-05,19:35:00,COM VÍTIMA,FINALIZADA,TORRE,RUA JOSE BONIFACIO,,,LADO OPOSTO AO CARREFOUR.,TORRE,,SUBURBIO,COLISÃO TRASEIRA,ENTRE 2 AUTOS E UMA MOTO. C/V,2,1,,,,,,,,1,,Longo da via,Bom,Não existe,Não existente,Seca,Perfeito estado,Não existe,Não há placas,,Dupla,Canteiro central,,
2020-08-06,13:05:00,COM VÍTIMA,FINALIZADA,IMBIRIBEIRA,AV MARECHAL MASCARENHAS DE MORAES,,,LADO OPOSTO A INFRAERO CARGO,IMBIRIBEIRA,,SUBURBIO,ATROPELAMENTO,,1,,,,1,,,,,1,,,,,,,,,,,,,,
2020-08-06,07:34:00,COM VÍTIMA,FINALIZADA,CASA AMARELA,RUA DES GOIS CAVALCANTE,154,EST DO ARRAIAL,EM FRENTE AO HOSPITAL AGAMENON MAGALHAES,CASA AMARELA,,SUBURBIO,ABALROAMENTO LONGITUDINAL,MOTO E AUTO,1,1,,,,,,,,1,,Longo da via,Bom,Não existe,Perfeito estado,Seca,Perfeito estado,Não existe,Outras,,Única,Faixa seccionada,,
2020-08-06,09:56:00,COM VÍTIMA,FINALIZADA,GRAÇAS,RUA JOAO RAMOS,50,RUA BRUNO MAIA,E/F AO EMPRESARIAL MANGUINHOS,GRAÇAS,,SUBURBIO,ABALROAMENTO TRANSVERSAL,COLISÃO C/VITIMA ENTRE UM AUTO E UMA MOTO,1,1,,,,,,,,2,,Cruzamento,Bom,Não existe,Perfeito estado,Seca,Perfeito estado,Faixa de pedestre,Placas Pare,,Única,Não existe,,
2020-08-06,12:29:00,VÍTIMA FATAL,FINALIZADA,CAMPO GRANDE,AV CORREIA DE BRITO,699,AV PROFESSOR JOSE DOS ANJOS,SENTIDO CENTRO DE CONVENÇÕES/SOBRE A PONTE MANOEL DE BRITO.,CAMPO GRANDE,563,CIDADE,COLISÃO COM CICLISTA,VÍTIMA XX CRIANÇA COM Y ANOS( FALECEU NO LOCAL)- A AVÓ CONDUZIA A BICICLETA,,,,1,,,1,,,,1,Ponte,Bom,Sem defeito,Perfeito estado,Seca,Perfeito estado,Não existe,Não há placas,,Dupla,Faixa contínua,,
2020-08-06,17:51:00,COM VÍTIMA,FINALIZADA,JORDÃO,AV MARIA IRENE,500,,EM FRENTE A CAPELA SÃO JOÃO BATISTA,JORDÃO,,SUBURBIO,ABALROAMENTO LONGITUDINAL,COM UMA VITIMA AGUARDADNDO SAMU,1,1,,,,,,,,1,,Longo da via,Bom,Não existe,Perfeito estado,Seca,Perfeito estado,Não existe,Não há placas,,Dupla,Faixa contínua,,
2020-08-06,21:50:00,SEM VÍTIMA,CANCELADA,BARRO,RUA DOROTHEA VIEIRA,87,RUA DOM ANTONIO VICOSO,PRÓX AO COLÉGIO IMACULADA CONCEIÇÃO // EDF DIRCEU BARCELAR,BARRO,,,CHOQUE,VEÍCULO CHOCOU-SE CONTRA O MURO DO EDIFÍCIO,1,,,,,,,,,0,,,,,,,,,,,,,,
2020-08-06,23:43:00,SEM VÍTIMA,FINALIZADA,BOA VIAGEM,AV CONSELHEIRO AGUIAR,,RUA BRUNO VELOSO,BANCA DE REVISTA,BOA VIAGEM,146,CIDADE,COLISÃO TRASEIRA,UM DOS CONDUTORES COM SINTOMA DE EMBRIAGUES,2,,,,,,,,,0,,Longo da via,Bom,Sem defeito,Perfeito estado,Seca,Perfeito estado,Faixa de pedestre,R-6a,60 km/h,Única,Não existe,,
2020-08-07,06:23:00,COM VÍTIMA,FINALIZADA,BOA VIAGEM,AV MARECHAL JUAREZ TAVORA,,RUA JOAO CARDOSO AIRES,,BOA VIAGEM,478,,ABALROAMENTO TRANSVERSAL,COLISÃO ENTRE ÔNIBUS E VEÍCULO (VT DO PATRIMÔNIO),,,,,,1,,1,,1,,Longo da via,Bom,Sem defeito,Perfeito estado,Seca,Perfeito estado,Faixa de pedestre,Não há placas,30 km/h,Única,Não existe,,
2020-08-07,08:33:00,COM VÍTIMA,FINALIZADA,PINA,AV ANTONIO DE GOES,,,SAÍDA DO TÚNEL. EM FRENTE AO EMPRESARIAL JOPIM.,PINA,103,CIDADE,COLISÃO FRONTAL,COLISÃO DOIS AUTOS E UMA MOTO,2,1,,,,,,,,1,,Cruzamento,Bom,Sem defeito,Perfeito estado,Seca,Perfeito estado,Agente,Não há placas,60 km/h,Única,Faixa seccionada,,
2020-08-07,13:07:00,COM VÍTIMA,FINALIZADA,SANCHO,AV LIBERDADE,,,EM FRENTE AO CIMITERIO PARQUE DAS FLORES E PONTO DE ÔNIBUS DE Nº 070013,SANCHO,,SUBURBIO,ATROPELAMENTO,CONDUTOR DO VEICULO INFORMA QUE A PESSOA ESTAVA ATAVESSANDO A RUA E NO MEU DO CAMINHO VOLTOU E NÃO DEU TEMPO DE FREIAR,1,,,,1,,,,,1,,Longo da via,Bom,Não existe,Perfeito estado,Seca,Perfeito estado,Não existe,Não há placas,,Dupla,Faixa contínua,,
2020-08-07,14:53:00,COM VÍTIMA,FINALIZADA,BOA VISTA,AV VISCONDE DE SUASSUNA,775,RUA GOUVEIA DE BARROS,EID,BOA VISTA,,CIDADE,ABALROAMENTO TRANSVERSAL,COLISÃO ENVOLVENDO A VT (MOTO) DO INSPETOR NOBRE.,1,,,,,,,1,,1,,Longo da via,Bom,Não existe,Perfeito estado,Seca,Perfeito estado,,Não há placas,,Única,Faixa seccionada,,
2020-08-07,18:00:00,COM VÍTIMA,FINALIZADA,ILHA DO RETIRO,RUA JOAO ELISIO RAMOS,140,RUA DR JOAO MARQUES,,ILHA DO RETIRO,,CIDADE,COLISÃO COM CICLISTA,COLISÃO COM VITIMA- REPASSADO PELO INSP ALMIR,1,,,1,,,,,,1,,Esquina,Bom,Não existe,Perfeito estado,Seca,Perfeito estado,Não existe,Placas Pare,30 km/h,Dupla,Não existe,,
2020-08-07,18:07:00,SEM VÍTIMA,CANCELADA,IPSEP,RUA BLUMENAU,494,RUA ITANAGE,PROX A ODONTO UP,IPSEP,111,,COLISÃO,MOTO DA POLICIA X GOL,1,1,,,,,,,,0,,,,,,,,,,,,,,
2020-08-07,19:55:00,COM VÍTIMA,FINALIZADA,SANTO AMARO,AV GOVERNADOR AGAMENON MAGALHAES,,,ENF. A UPE // SENTIDO OLINDA VIA PRINCIPAL,SANTO AMARO,465,SUBURBIO,ABALROAMENTO LONGITUDINAL,HB 20 X MOTO,1,1,,,,,,,,2,,Longo da via,Chuvoso,Sem defeito,Incompleta,Molhada,Mal conservada,Faixa de pedestre,R-19,60 km/h,Dupla,Canal,,
2020-08-07,21:58:00,COM VÍTIMA,FINALIZADA,AREIAS,RUA DR GIL RODRIGUES DOS SANTOS,10,,PROX AO TERMINAL DO ONIBUS VILA TAMANDARE,AREIAS,,SUBURBIO,ABALROAMENTO LONGITUDINAL,MOTO X FIAT ESTRADA   OBS : VT DA POLICIA MILITAR NO LOCAL,1,1,,,,,,,,1,,Longo da via,Chuvoso,Não existe,Perfeito estado,Molhada,Perfeito estado,Não existe,Não há placas,,Dupla,Não existe,,
2020-08-08,06:21:00,SEM VÍTIMA,FINALIZADA,ARRUDA,AV BEBERIBE,1253,RUA DAS MOCAS,ESTÁDIO AO SANTA CRUZ,ARRUDA,,CIDADE,CHOQUE OBJETO FIXO,AUTOMOVEL COLIDIU COM POSTE E ESTA ABANDONADO NO LOCAL,1,,,,,,,,,0,,Cruzamento,Chuvoso,Sem defeito,Perfeito estado,Molhada,Perfeito estado,Não existe,,60 km/h,Dupla,Faixa contínua,Faixa seccionada,
2020-08-08,07:35:00,SEM VÍTIMA,FINALIZADA,CAMPO GRANDE,EST DE BELEM,316,RUA ANTONIO RANGEL,AO LADO DA PADARIA EXPRESS MAMAE ONE,CAMPO GRANDE,201,,ABALROAMENTO LONGITUDINAL,,1,,,,,,1,,,0,,,Bom,Sem defeito,Perfeito estado,Seca,Perfeito estado,Faixa de pedestre,R-6a,,Dupla,Faixa contínua,Faixa seccionada,
2020-08-08,13:25:00,COM VÍTIMA,FINALIZADA,MADALENA,AV CAXANGA,612,,ALEMAO AUTOMOVEIS,MADALENA,,SUBURBIO,ABALROAMENTO LONGITUDINAL,AUTO E MOTO C VITIMAS,1,1,,,,,,,,2,,Longo da via,Bom,Não existe,Perfeito estado,Seca,Perfeito estado,Não existe,R-6a,,Dupla,Canteiro central,,
2020-08-08,16:38:00,SEM VÍTIMA,FINALIZADA,BOA VIAGEM,RUA BALTAZAR PASSOS,,RUA PROFESSOR AUGUSTO LINS E SILVA,PAN JOVEM DELICATESSEN,BOA VIAGEM,,,ABALROAMENTO TRANSVERSAL,COLISAO ENTRE DOIS AUTO SEGUIDA DE CAPOTAMENTO/ SEM VITIMAS,2,,,,,,,,,0,,Cruzamento,Bom,Não existe,Incompleta,Seca,Perfeito estado,Faixa de retenção,R-6a,30 km/h,Única,Não existe,,
2020-08-08,19:33:00,COM VÍTIMA,FINALIZADA,ÁGUA FRIA,RUA DO MACHADO,790,,PROXIMO DOS IRREPONSAVEIS- PROXIMO DO CALDINHO DO PORTUGA,ÁGUA FRIA,,SUBURBIO,COLISÃO COM CICLISTA,COLISÃO ENTRE MOTO E BICICLETA C/V,,1,,1,,,,,,2,,Longo da via,Bom,Não existe,Perfeito estado,Seca,Perfeito estado,Não existe,Não há placas,,Dupla,Faixa seccionada,,
2020-08-08,19:52:00,COM VÍTIMA,FINALIZADA,BOA VIAGEM,RUA ANTONIO FALCAO,,RUA FRANCISCO DA CUNHA,EM FRENTE A ZE DO CALDO DE CANA- EM FRENTE AO FALCÃO COMERCIAL CONSTRUÇÃO,BOA VIAGEM,227,CIDADE,ABALROAMENTO TRANSVERSAL,COLISÃO ENTRE AUTO E MOTO C/V,1,1,,,,,,,,1,,Cruzamento,Bom,Sem defeito,Perfeito estado,Seca,Perfeito estado,Faixa de pedestre,Não há placas,,Única,Não existe,,
2020-08-08,21:59:00,COM VÍTIMA,FINALIZADA,BOA VIAGEM,AV ENGENHEIRO DOMINGOS FERREIRA,,RUA BRUNO VELOSO,AO LADO DA FARMÁCIA DROGASIL // FAIXA ESQUERDA,BOA VIAGEM,338,,ABALROAMENTO TRANSVERSAL,COLISÃO ENTRE AUTO E MOTO C/V,1,1,,,,,,,,1,,Cruzamento,Chuvoso,Sem defeito,Perfeito estado,Molhada,Perfeito estado,Faixa de pedestre,R-6a,,Única,Canteiro central,,
2020-08-08,22:41:00,COM VÍTIMA,FINALIZADA,BARRO,AV DR JOSE RUFINO,,RUA JOSE NATARIO,PRÓX AO SENAI,BARRO,44,CIDADE,ABALROAMENTO TRANSVERSAL,COLISÃO ENTRE AUTO E MOTO C/V,1,1,,,,,,,,2,,Cruzamento,Chuvoso,Sem defeito,Incompleta,Seca,Mal conservada,Faixa de pedestre,,,Dupla,,,
2020-08-09,11:16:00,SEM VÍTIMA,CANCELADA,ÁGUA FRIA,EST VELHA DE AGUA FRIA,,,AO LADO DO CANAL  NO SENTIDO SESC DE CASA AMARELA PROX AO DNOCS,ÁGUA FRIA,,,COLISÃO,COLISÃO SEM VITIMAS UM DOS CONDUTORES ENCONTRA SE COM SINTOMAS DE EMBRIAGUEZ,,,,,,,,,,0,,,,,,,,,,,,,,
2020-08-09,15:29:00,COM VÍTIMA,FINALIZADA,IBURA,AV DOIS RIOS,,,AO LADO DA POLICLINICA DO IBURA. POSTE B041617.,IBURA,,CIDADE,ABALROAMENTO LONGITUDINAL,COLISÃO COM VÍTIMA,1,1,,,,,,,,1,,Longo da via,Bom,Não existe,Incompleta,Seca,Perfeito estado,Não existe,Placas Pare,,Dupla,Faixa contínua,,
2020-08-09,18:46:00,COM VÍTIMA,FINALIZADA,SANTO AMARO,AV MARIO MELO,,RUA DA AURORA,PROX A ESCOLA DE CONTA PUBLICA PROF. BARRETO GUIMARAES,SANTO AMARO,90,SUBURBIO,CHOQUE OBJETO FIXO,MOTO X ILHA (DIVISOR DE PISTA ),,1,,,,,,,,1,,Longo da via,Bom,Sem defeito,Perfeito estado,Seca,Perfeito estado,Faixa de retenção,,,Única,Faixa contínua,,
2020-08-09,21:26:00,SEM VÍTIMA,FINALIZADA,IMBIRIBEIRA,AV MARECHAL MASCARENHAS DE MORAES,2666,RUA JATICY,PROX AO POSTO DE GASOLINA BR E GERALDAO,IMBIRIBEIRA,289,CIDADE,COLISÃO,S 10 X UPE  OBS: SUSPEITA DE EMBRIAGUEZ,2,,,,,,,,,0,,Longo da via,Chuvoso,Sem defeito,Perfeito estado,Molhada,Perfeito estado,Faixa de pedestre,Outras,,Dupla,Faixa contínua,Faixa seccionada,Canteiro central
2020-08-10,15:51:00,SEM VÍTIMA,FINALIZADA,IPSEP,RUA MACHADO DE ASSIS,187B,RUA JEAN EMILE FAVRE,NA TRANSVERSAL DA RUA JEAN EMILE FAVRE CONCECIONARIA VITORIANO VEICULOS,IPSEP,,CIDADE,COLISÃO,VEICULO ESTAVA DANDO RÉ E BATEU NA VIATURA DA PM,1,,,,,,,1,,0,,Longo da via,Bom,Não existe,Ilegível,Seca,Mal conservada,Não existe,Não há placas,,Dupla,Não existe,,
2020-08-11,08:58:00,COM VÍTIMA,FINALIZADA,SÃO JOSÉ,AV SUL,1022,,PROX. AO POSTO DE GASOLINA BR DESATIVADO. EM FRENTE A OFICINA CABILEIRA,SÃO JOSÉ,205,CIDADE,COLISÃO TRASEIRA,DOIS AUTOS E MOTO,2,1,,,,,,,,2,,Longo da via,Bom,Sem defeito,Perfeito estado,Seca,Perfeito estado,Faixa de pedestre,Não há placas,,Dupla,Canteiro central,,
2020-08-11,15:58:00,COM VÍTIMA,FINALIZADA,AFOGADOS,RUA JOAO IVO DA SILVA,220,,EM FRENTE A BREMEN/ SENTIDO AFOGADOS,AFOGADOS,,SUBURBIO,COLISÃO TRASEIRA,COLISÃO COM VÍTIMA,1,1,,,,,,,,1,,Longo da via,Bom,Não existe,Perfeito estado,Seca,Perfeito estado,Não existe,Não há placas,40 km/h,Única,Faixa contínua,Faixa seccionada,
2020-08-12,18:28:00,COM VÍTIMA,FINALIZADA,PARNAMIRIM,AV DEZESSETE DE AGOSTO,125,RUA JOAO DA SILVA TELES,EM FRENTE AO BANCO BRADESCO E DA FRUTARIA.,PARNAMIRIM,,SUBURBIO,ATROPELAMENTO,MOTO E PEDESTRE,,1,,,1,,,,,2,,Longo da via,Bom,Não existe,Perfeito estado,Seca,Perfeito estado,Não existe,Outras,,Dupla,Faixa contínua,,
2020-08-13,10:38:00,COM VÍTIMA,FINALIZADA,TORREÃO,AV NORTE,1702,,APÓS A PRAÇA DA PICANHA,TORREÃO,,CIDADE,TOMBAMENTO,,,1,,,,,,,,1,,Longo da via,Bom,Não existe,Perfeito estado,,Perfeito estado,Não existe,Outras,,Dupla,Canteiro central,,
2020-08-13,11:09:00,SEM VÍTIMA,FINALIZADA,CORDEIRO,AV ENGENHEIRO ABDIAS DE CARVALHO,,,,CORDEIRO,375,,COLISÃO,COLISÃO ENVOLVENDO DOIS AUTOS SEM VÍTIMA VT PM QYC5840 VW GOL.PER8753 VW POLO,,,,,,,,,,0,,Longo da via,Chuvoso,Sem defeito,Perfeito estado,Molhada,Perfeito estado,Faixa de pedestre,Não há placas,,Dupla,Canteiro central,,
2020-08-13,11:54:00,COM VÍTIMA,CANCELADA,AFOGADOS,RUA DA PAZ,125,,CAIXA ECONÔMICA FEDERAL,AFOGADOS,,,COLISÃO,COLIOSÃO ENTRE AUTO E MOTOCICLETA COM 1 VÍTIMA,1,1,,,,,,,,1,,,,,,,,,,,,,,
2020-08-13,11:59:00,COM VÍTIMA,FINALIZADA,MADALENA,AV CAXANGA,303,,PRÓXIMO AO SANTANDER,MADALENA,,CIDADE,COLISÃO TRASEIRA,COLISÃO COM VITIMA,,2,,,,,,,,1,,Longo da via,Chuvoso,Não existe,Perfeito estado,Molhada,Perfeito estado,Não existe,Outras,,Dupla,Faixa contínua,Faixa seccionada,Canteiro central
2020-08-13,12:42:00,COM VÍTIMA,FINALIZADA,IBURA,AV DOIS RIOS,443,,IGREJA DE JESUS CRISTO DOS SANTOS DOS ÚLTIMOS DIAS.,IBURA,,CIDADE,ABALROAMENTO LONGITUDINAL,AUTO X MOTO COM VÍTIMA,1,1,,,,,,,,1,,Longo da via,Bom,Não existe,Perfeito estado,Seca,Perfeito estado,Não existe,Não há placas,60 km/h,Dupla,Faixa contínua,,
2020-08-13,16:08:00,COM VÍTIMA,FINALIZADA,SANTO AMARO,AV GOVERNADOR AGAMENON MAGALHAES,,,DESCIDA DO VIADUTO DA JOÃO DE BARROS.,SANTO AMARO,,SUBURBIO,TOMBAMENTO,COM VÍTIMA,,1,,,,,,,,1,,Ponte,Bom,Não existe,Perfeito estado,Molhada,Perfeito estado,Não existe,Não há placas,60 km/h,Dupla,Canal,,
2020-08-13,22:58:00,SEM VÍTIMA,CANCELADA,TAMARINEIRA,RUA PADRE ROMA,489,,PROXIMO AO EDFº TAUROS,TAMARINEIRA,,,COLISÃO,COLISÃO SEM VITIMAS (CONDUTOR VEICULO CO SUSPEITA DE EMBRIAGUEZ),1,1,,,,,,,,0,,,,,,,,,,,,,,
2020-08-13,23:39:00,COM VÍTIMA,FINALIZADA,CASA FORTE,AV DEZESSETE DE AGOSTO,1950,RUA MARECHAL RONDON,PROXIMO A LABORATÓRIO ROBERTO MAGALHÃES,CASA FORTE,,,COLISÃO FRONTAL,COLISÃO COM VITMAS ENVOLVENDO DOIS AUTO (CONDUTOR COM SINTOMAS DE EMBRIAGUES),2,,,,,,,,,1,,Cruzamento,Bom,,Perfeito estado,Seca,Perfeito estado,Não existe,,,Dupla,Faixa contínua,,
2020-08-14,09:11:00,COM VÍTIMA,FINALIZADA,CAJUEIRO,AV CIDADE DE MONTEIRO,159,,PROX AO ARMAZEM CORAL,CAJUEIRO,,SUBURBIO,COLISÃO FRONTAL,MOTO E AUTO,1,1,,,,,,,,1,,Longo da via,Bom,Não existe,Perfeito estado,Seca,Perfeito estado,Não existe,R-6a,40 km/h,Única,Faixa contínua,,
2020-08-14,14:30:00,COM VÍTIMA,FINALIZADA,MADALENA,AV VISCONDE DE ALBUQUERQUE,401,RUA LOPES DE CARVALHO,LADO OPOSTO AO MADALENA CENTER,MADALENA,,SUBURBIO,COLISÃO TRASEIRA,COLISÃO MOTO E CARRO,1,1,,,,,,,,1,,Longo da via,Bom,Não existe,Perfeito estado,Seca,Perfeito estado,Não existe,Não há placas,,Única,Faixa,,
2020-08-14,17:58:00,COM VÍTIMA,FINALIZADA,MANGUEIRA,RUA SAO MIGUEL,1357,RUA MANOEL DE ALBUQUERQUE FERNANDES,E/F AO BODE DO NO,MANGUEIRA,392,CIDADE,ABALROAMENTO TRANSVERSAL,COLISAO COM VITIMAS,1,1,,,,,,,,1,,Longo da via,Bom,Sem defeito,Perfeito estado,Seca,Perfeito estado,Faixa de pedestre,Placas Dê a preferência,,Dupla,Faixa contínua,,
2020-08-14,18:12:00,COM VÍTIMA,FINALIZADA,IMBIRIBEIRA,AV PRESIDENTE DUTRA,451,,EM FRENTE AO SAL E BRASA- SENTIDO BOA VIAGEM.,IMBIRIBEIRA,,BOA VIAGEM,CHOQUE OBJETO FIXO,COM VÍTIMA,,1,,,,,,,,1,,Longo da via,Bom,Não existe,Perfeito estado,Seca,Perfeito estado,Não existe,Não há placas,,Única,Não existe,,
2020-08-14,22:51:00,SEM VÍTIMA,CANCELADA,NOVA DESCOBERTA,RUA ALTO DA TELHA,82,,NA SUBIDA DA LADEIRA // PRÓX AO TERMINAL DE NOVA DESCOBERTA,NOVA DESCOBERTA,,,COLISÃO,COLISÃO ENTRE AUTO E MOTO (CONDUTOR DA MOTO APRESENTA SINAIS CLAROS DE EMBRIAGUEZ),1,1,,,,,,,,0,,,,,,,,,,,,,,