data,hora,natureza_acidente,situacao,bairro,endereco,numero,detalhe_endereco_acidente,complemento,bairro_cruzamento,num_semaforo,sentido_via,tipo,descricao,auto,moto,ciclom,ciclista,pedestre,onibus,caminhao,viatura,outros,vitimas,vitimasfatais,acidente_verificado,tempo_clima,situacao_semaforo,sinalizacao,condicao_via,conservacao_via,ponto_controle,situacao_placa,velocidade_max_via,mao_direcao,divisao_via1,divisao_via2,divisao_via3
2020-08-24,18:33:00,COM VÍTIMA,CANCELADA,PASSARINHO,EST DE PASSARINHO,,,PROXIMO DA FABRICA POUPE FRUTA- PROXIMO DA ASSEMBLEIA,PASSARINHO,,,COLISÃO COM CICLISTA,COLISÃO ENTRE CICLISTA E CAMINHÃO C/V,,,,1,,,1,,,1,,,,,,,,,,,,,,
2020-08-24,22:40:00,COM VÍTIMA,FINALIZADA,CAJUEIRO,AV CIDADE DE MONTEIRO,,,PROXIMO DO ARMAZEM CORAL- PROXIMO DO MARTELINHO DE OURO,CAJUEIRO,,OLINDA,ABALROAMENTO LONGITUDINAL,COLISÃO ENTRE AUTO E MOTO C/V,1,1,,,,,,,,2,,Longo da via,Bom,Sem defeito,Perfeito estado,Seca,Mal iluminada,Não existe,Não há placas,60 km/h,Dupla,Faixa contínua,,
2020-08-25,06:45:00,COM VÍTIMA,FINALIZADA,IPSEP,AV RECIFE,3021,,LADO OPOSTO AO POSTO FEDERAL SENTIDO AEROPORTO,IPSEP,,,ATROPELAMENTO,VEÍCULO PERDEU O CONTROLE E ATROPELOU PEDESTRE NA PARADA DE ÔNIBUS,1,,,,2,,,,,2,,Longo da via,Bom,Não existe,Perfeito estado,Seca,Perfeito estado,Não existe,Não há placas,,Dupla,Canteiro central,,
2020-08-25,07:34:00,COM VÍTIMA,FINALIZADA,TORRÕES,AV ENGENHEIRO ABDIAS DE CARVALHO,3068,,EM BAIXO DO SEMAFORO 272 EM FRENTE AO SOS AUTO PEÇAS,TORRÕES,272,CIDADE,COLISÃO TRASEIRA,COLISÃO COM VITIMA A ESPERA DO SAMU,1,1,,,,,,,,1,,Longo da via,Bom,Sem defeito,Perfeito estado,Seca,Perfeito estado,Faixa de pedestre,Outras,,Dupla,Faixa contínua,Faixa seccionada,Canteiro central
2020-08-25,08:05:00,COM VÍTIMA,FINALIZADA,BOA VIAGEM,RUA DEZ DE JULHO,,RUA WALDEMAR NERY CARNEIRO MONTEIRO,EM FRENTE AO EDIFICIO  TANGARA,BOA VIAGEM,573,CIDADE,COLISÃO TRASEIRA,COLISÃO ENTRE ÔNIBUS E MOTO COM VITIMA.,,1,,,,1,,,,1,,Longo da via,Bom,Sem defeito,Incompleta,Seca,Perfeito estado,Faixa de pedestre,Não há placas,,Única,Faixa seccionada,,
2020-08-25,09:01:00,COM VÍTIMA,FINALIZADA,VÁRZEA,AV AFONSO OLINDENSE,690,RUA AMOROSO COSTA,,VÁRZEA,,SUBURBIO,ABALROAMENTO LONGITUDINAL,AUTO E MOTO  VT-20 NO LOCAL GM´S RODRIGO LACERDA E ANDRE PNHEIRO,1,1,,,,,,,,1,,Longo da via,Bom,Não existe,Perfeito estado,Seca,Perfeito estado,Não existe,Outras,30 km/h,Dupla,Faixa contínua,Faixa seccionada,
2020-08-25,09:59:00,COM VÍTIMA,FINALIZADA,MADALENA,AV VISCONDE DE ALBUQUERQUE,,,EM FRENTE AO HOSPITAL D'AVILA,MADALENA,413,SUBURBIO,CHOQUE VEÍCULO PARADO,AUTO E MOTO.,1,1,,,,,,,,1,,Longo da via,Bom,Sem defeito,Perfeito estado,Seca,Perfeito estado,Faixa de pedestre,R-6a,,Única,Faixa contínua,,
2020-08-25,11:20:00,SEM VÍTIMA,CANCELADA,MADALENA,EST DOS REMEDIOS,2416,,EM FRENTE A POLICLINICA LESSA DE ANDRADE,MADALENA,,,COLISÃO,VEICULO OFICIAL TRE E AUTO,1,,,,,,1,,,0,,,,,,,,,,,,,,
2020-08-25,13:07:00,COM VÍTIMA,FINALIZADA,SANTO AMARO,RUA DO PROGRESSO,71,,EM FRENTE AO ALTINO VENTURA,SANTO AMARO,,CIDADE,CHOQUE OBJETO FIXO,COLISÃO COM VÍTIMA,1,1,,,,,,,,1,,Longo da via,Bom,Não existe,Perfeito estado,Seca,Perfeito estado,Não existe,Não há placas,,Única,Não existe,,
2020-08-25,13:22:00,COM VÍTIMA,FINALIZADA,AREIAS,RUA AURORA CACOTE,,,EM FRENTE A FARMÁCIA FARMAVIDA,AREIAS,,SUBURBIO,COLISÃO FRONTAL,COLISÃO ENTRE DUAS MOTOS,,2,,,,,,,,1,,Longo da via,Bom,Não existe,Incompleta,Seca,Mal conservada,Não existe,R-6a,,Dupla,Não existe,,
2020-08-25,15:40:00,COM VÍTIMA,FINALIZADA,PINA,AV ANTONIO DE GOES,275,,EM FRENTE AO ITC,PINA,,CIDADE,COLISÃO TRASEIRA,COLISÃO COM VÍTIMA. AUTO E MOTO.,1,1,,,,,,,,1,,Longo da via,Bom,Sem defeito,Perfeito estado,Seca,Perfeito estado,Não existe,Outras,40 km/h,Única,Faixa seccionada,Canteiro central,
2020-08-25,15:54:00,SEM VÍTIMA,FINALIZADA,PINA,AV ANTONIO DE GOES,,,LADO OPOSTO DNIT,PINA,,CIDADE,ABALROAMENTO LONGITUDINAL,COLISAO ENTRE AUTO E MOTOLANCIA DO SAMU TRATA-SE DE VEICULO OFICIAL,1,1,,,,,,,,0,,Longo da via,Bom,Não existe,Perfeito estado,Seca,Perfeito estado,Não existe,Outras,60 km/h,Única,Canteiro central,,
2020-08-25,18:26:00,COM VÍTIMA,FINALIZADA,MADALENA,AV CAXANGA,171,RUA RODOLFO RANGEL MOREIRA,ESQUINA COM A PAGUE MENOS // VT 20 NO LOCAL,MADALENA,,CIDADE,TOMBAMENTO,ENTRE AUTO E MOTO. AUTO SE EVADIU DO LOCAL. CONDUTOR DA MOTONETA INFORMOU TER SIDO TRANCADO POR ESTE SEGUNDO VEÍCULO- VINDO A TOMBAR NA VIA.,,1,,,,,,,,1,,Longo da via,Bom,Sem defeito,Perfeito estado,Seca,Perfeito estado,Faixa de pedestre,Outras,60 km/h,Dupla,Faixa contínua,Faixa seccionada,Canteiro central
2020-08-26,06:10:00,COM VÍTIMA,FINALIZADA,CABANGA,AV SUL,,RUA CARLOS COELHO LEAL VALENTE,ENTRADA DO CABANGA,CABANGA,260,CIDADE,ABALROAMENTO TRANSVERSAL,COLISÃO ÔNIBUS DA EMPRESA VERA CRUZ X MOTOCICLETA BRAVAX - C/VITIMA FATAL,,,1,,,1,,,,1,,Cruzamento,Chuvoso,Sem defeito,Ilegível,Molhada,Perfeito estado,Não existe,Não há placas,,Dupla,Canteiro central,,
2020-08-26,08:36:00,COM VÍTIMA,FINALIZADA,ROSARINHO,AV NORTE,3311,,,ROSARINHO,,CIDADE,ABALROAMENTO LONGITUDINAL,MOTO.,,2,,,,,,,,2,,Longo da via,Bom,Não existe,Perfeito estado,Seca,Perfeito estado,Não existe,R-6a,,Dupla,Canteiro central,,
2020-08-26,10:09:00,COM VÍTIMA,FINALIZADA,IPUTINGA,EST DO BARBALHO,889,,E/F AO DETRAN,IPUTINGA,,SUBURBIO,ABALROAMENTO LONGITUDINAL,COLISÃO C/VITIMA ENTRE UM AUTO E UMA MOTO,1,1,,,,,,,,1,,Longo da via,Bom,Não existe,Perfeito estado,Seca,Perfeito estado,Faixa de pedestre,R-6c,,Dupla,Faixa contínua,,
2020-08-26,23:34:00,COM VÍTIMA,FINALIZADA,PARNAMIRIM,RUA JOAO TUDE DE MELO,,,PROXIMO AO SHOPPING PARNAMIRIM- NA PONTE QUE LIGA O BAIRRO DA TORRE A PARNAMIRIM,PARNAMIRIM,,SUBURBIO,CHOQUE OBJETO FIXO,MOTO CHOCOU-SE NA MURETA DA PONTE C/V,,1,,,,,,,,2,,Ponte,Bom,Não existe,Perfeito estado,Seca,Perfeito estado,Não existe,Não há placas,40 km/h,Única,Faixa seccionada,,
2020-08-27,07:45:00,COM VÍTIMA,CANCELADA,CASA AMARELA,AV NORTE,4659,,NO SENTIDO CIDADE  AO LADO DA OFICINA PINHO MOTOS DE ESQUINA  COM A LOJA TOTAL CAR,CASA AMARELA,,,COLISÃO,COLISÃO COM VITIMA,2,1,,,,,,,,1,,,,,,,,,,,,,,
2020-08-27,08:17:00,COM VÍTIMA,FINALIZADA,ILHA JOANA BEZERRA,VIADUTO CAPITAO TEMUDO,,,EM CIMA DO VIADUTO CAPITÃO TEMUDO NO SENTIDO BOA VIAGEM,ILHA JOANA BEZERRA,,SUBURBIO,COLISÃO TRASEIRA,COLISÃO COM VITIMA A ESPERA DO SAMU,,1,,,,1,,,,2,,Ponte,Bom,Não existe,Perfeito estado,Seca,Perfeito estado,Não existe,Não há placas,,Dupla,Canteiro central,,
2020-08-27,12:15:00,COM VÍTIMA,FINALIZADA,BOA VIAGEM,AV DOM JOAO VI,,,NA SAIDA DO TUNEL S/T CID,BOA VIAGEM,580,CIDADE,COLISÃO TRASEIRA,COLISAO ENTRE AUTO E MOTO BATEDOR DA MOTO 27 E 11 NO LOCAL,1,1,,,,,,,,1,,Longo da via,Bom,Sem defeito,Perfeito estado,Seca,Perfeito estado,Faixa de pedestre,Outras,50 km/h,Dupla,Não existe,,
2020-08-27,13:27:00,COM VÍTIMA,FINALIZADA,CAMPO GRANDE,RUA PROFESSOR FRANCISCO DA TRINDADE,,RUA SAO CAETANO,PROX AO CLUBE DAS PAS,CAMPO GRANDE,,SUBURBIO,ABALROAMENTO TRANSVERSAL,COLISAO ENTRE AUTO E MOTO COM UMA VITIMA,1,1,,,,,,,,1,,Cruzamento,Bom,Não existe,Incompleta,Seca,Perfeito estado,Faixa de retenção,Placas Pare,30 km/h,Dupla,Faixa seccionada,,
2020-08-27,14:08:00,COM VÍTIMA,FINALIZADA,BOA VISTA,AV GOVERNADOR AGAMENON MAGALHAES,,AV RUI BARBOSA,NO SEMÁFORO 037,BOA VISTA,37,OLINDA,ABALROAMENTO LONGITUDINAL,COLISÃO COM VÍTIMA,1,1,,,,,,,,1,,Cruzamento,Bom,Sem defeito,Perfeito estado,Seca,Perfeito estado,Agente,Outras,60 km/h,Única,,,
2020-08-27,14:38:00,COM VÍTIMA,FINALIZADA,MADALENA,AV CAXANGA,481,,EM FRENTE AO NUCLEO SAÚDE- LADO OPOSTO AO COLÉGIO FORMAÇÃO INTEGRAL.,MADALENA,,CIDADE,COLISÃO TRASEIRA,COLISÃO COM VITIMA,1,1,,,,,,,,1,,Longo da via,Bom,Não existe,Perfeito estado,Seca,Perfeito estado,Não existe,Não há placas,,Única,Faixa seccionada,,
2020-08-27,16:41:00,COM VÍTIMA,FINALIZADA,ESPINHEIRO,RUA BARAO DE ITAMARACA,209,,,ESPINHEIRO,,CIDADE,ATROPELAMENTO,MOTO E PEDESTRE,,1,,,1,,,,,1,,Longo da via,Bom,Não existe,Perfeito estado,Seca,Perfeito estado,Não existe,Outras,30 km/h,Dupla,Faixa contínua,,
2020-08-27,17:34:00,SEM VÍTIMA,FINALIZADA,SÃO JOSÉ,RUA IMPERIAL,,RUA ITABIRA,PROX AO VIADUTO CABO EUTROPIO,SÃO JOSÉ,,,COLISÃO,COLISAO ENTRE VT OFICIAL E AUTO S/V,1,,,,,,,1,,0,,Longo da via,Bom,Não existe,Não existente,Seca,Perfeito estado,Não existe,Não há placas,N/I,Única,Não existe,,
2020-08-27,18:56:00,COM VÍTIMA,FINALIZADA,ESTÂNCIA,AV RECIFE,880,,ENF A IGREJA BATISTA DA ESTANCIA SENTIDO CAXANGA,ESTÂNCIA,261,CIDADE,COLISÃO TRASEIRA,VW/GOL X HONDA/BROSS,1,1,,,,,,,,1,,Longo da via,Bom,Sem defeito,Perfeito estado,Seca,Perfeito estado,Faixa de pedestre,,60 km/h,Única,Faixa contínua,,
2020-08-27,23:18:00,SEM VÍTIMA,CANCELADA,BOA VIAGEM,RUA DEZ DE JULHO,210,RUA CAMBOIM,NA RUA DA ESTAÇAO DO AEROPORTO,BOA VIAGEM,,,COLISÃO,HB 20 X FIAT MOBI,2,,,,,,,,,0,,,,,,,,,,,,,,
2020-08-28,12:22:00,SEM VÍTIMA,FINALIZADA,BOA VIAGEM,RUA BARAO DE SOUZA LEAO,698,RUA PADRE LUIZ MARQUES TEIXEIRA,RESTAURANTE COSTA BRAVA,BOA VIAGEM,,,ABALROAMENTO LONGITUDINAL,COLISÃO COM VEICULO DA FORÇA AEREA / VEICULO DE PLACA PEM9090 SE EVADIU DO LOCAL,1,,,,,,,,,0,,Longo da via,Bom,Não existe,Perfeito estado,Seca,Perfeito estado,Não existe,R-6a,,Única,Faixa seccionada,,
2020-08-28,12:24:00,COM VÍTIMA,FINALIZADA,BOA VIAGEM,AV ENGENHEIRO DOMINGOS FERREIRA,2574,,PROX A FARMACIA INDEPENDENTE,BOA VIAGEM,,CIDADE /SUB,COLISÃO,CARRO COM MOTO,1,1,,,,,,,,1,,,,,,,,,,,,,,
2020-08-28,12:35:00,COM VÍTIMA,FINALIZADA,MADALENA,AV VISCONDE DE ALBUQUERQUE,75,,LADO OPOSTO AO BOMPREÇO,MADALENA,,SUBURBIO,COLISÃO TRASEIRA,MOTOCICLETA DE PLACA: QYI0G28 E FIAT SIENA: PEG 9711,1,1,,,,,,,,1,,Longo da via,Bom,Sem defeito,Perfeito estado,Seca,Perfeito estado,,Outras,,Única,Faixa seccionada,,
2020-08-28,14:36:00,COM VÍTIMA,FINALIZADA,BOA VIAGEM,RUA BALTAZAR PASSOS,,RUA VISCONDE DE JEQUITINHONHA,PROX A PADARIA PAN JOVEM- PROX AO PARQUE DONA LINDU SENTIDO PIEDADE,BOA VIAGEM,154,,ABALROAMENTO LONGITUDINAL,VEICULO COLIDIU COM A MOTO E CAPOTOU,1,1,,,,,,,,1,,Cruzamento,Bom,Sem defeito,Perfeito estado,Seca,Perfeito estado,Faixa de pedestre,,40 km/h,,Faixa seccionada,,
2020-08-28,17:39:00,COM VÍTIMA,FINALIZADA,MACAXEIRA,RUA CARLOS MARIGHELLA,306,,PROX A BARRACA DO SPOK,MACAXEIRA,,,ATROPELAMENTO,UM ONIBUS ATROPELOU UM PEDRESTRE,,,,,1,1,,,,1,,Longo da via,Bom,Não existe,Não existente,Seca,Perfeito estado,Não existe,Não há placas,,Dupla,Não existe,,
2020-08-29,15:21:00,COM VÍTIMA,FINALIZADA,DOIS UNIDOS,AV HILDEBRANDO DE VASCONCELOS,27,,EN FRENTE A ALBUQUERQUE BEBIBAS. ESCOLA BRILHO DE JESUS.,DOIS UNIDOS,,BR 101,ATROPELAMENTO,AUTO E PEDESTRE,1,,,,1,,,,,1,,Longo da via,Bom,Não existe,Incompleta,Seca,Perfeito estado,Não existe,R-6a,40 km/h,Dupla,Faixa seccionada,,
2020-08-29,15:58:00,COM VÍTIMA,FINALIZADA,FUNDÃO,AV BEBERIBE,,RUA CORONEL URBANO RIBEIRO DE SENA,NO SEMÁFORO 307 / SENTIDO BEBERIBE,FUNDÃO,307,SUBURBIO,ABALROAMENTO TRANSVERSAL,COLISÃO COM VÍTIMA/ VÍTIMA SOCORRIDA PELO SAMU,1,1,,,,,,,,1,,Cruzamento,Bom,Sem defeito,Perfeito estado,Seca,Perfeito estado,Faixa de pedestre,Outras,,Dupla,,,
2020-08-29,19:12:00,SEM VÍTIMA,CANCELADA,IBURA,RUA RIO CLARO,55,,UMA RUA ENF. AO VAREJAO ESTRELA,IBURA,,,COLISÃO,LOGAN X GOL X DUSTER   OBS: SUSPEITA DE EMBRIAGUEZ,3,,,,,,,,,0,,,,,,,,,,,,,,
2020-08-29,19:29:00,COM VÍTIMA,FINALIZADA,SAN MARTIN,AV GENERAL SAN MARTIN,134,,PROX AO COLEGIO ADVENTISTA,SAN MARTIN,,SUBURBIO,COLISÃO TRASEIRA,MOTO XRE X LOGAN,1,1,,,,,,,,1,,Longo da via,Bom,Não existe,Ilegível,Seca,Mal conservada,Não existe,Não há placas,40 km/h,Dupla,Faixa contínua,Faixa seccionada,
2020-08-29,20:27:00,COM VÍTIMA,CANCELADA,CORDEIRO,AV CAXANGA,1792,,E/F A LOJA AGRO- ÚTIL - SNT SUB/CID / PRÓX AO SUPER MERCADO SOBERANO,CORDEIRO,,SUBURBIO,COLISÃO,ENTRE AUTO E MOTO. C/V,1,1,,,,,,,,2,,,,,,,,,,,,,,
2020-08-30,13:16:00,SEM VÍTIMA,FINALIZADA,CAMPINA DO BARRETO,RUA DOS PEIXINHOS,958,,EM FRENTE AO NÚMERO 958,CAMPINA DO BARRETO,,,CHOQUE OBJETO FIXO,CARRO COLIDIU COM MURO,1,,,,,,,,,0,,Longo da via,Bom,Não existe,Perfeito estado,Seca,Perfeito estado,Não existe,Não há placas,,Dupla,Não existe,,
2020-08-31,03:46:00,COM VÍTIMA,FINALIZADA,IPSEP,AV RECIFE,165-C,,PRÓXIMO AO SAL E BRASA. AO LADO DA LOJA GILVAN DOS PARABRISAS.,IPSEP,319,IPSEP,ABALROAMENTO TRANSVERSAL,AUTO EMOTO.,1,1,,,,,,,,1,,Longo da via,Chuvoso,Sem defeito,,Molhada,Perfeito estado,,Outras,,Dupla,Canteiro central,,
2020-08-31,12:20:00,COM VÍTIMA,FINALIZADA,PINA,AV CONSELHEIRO AGUIAR,960,RUA TOME GIBSON,EM FRENTE A PADARIA MIRAMAR,PINA,2,CIDADE,ABALROAMENTO LONGITUDINAL,COLISÃO COM VÍTIMA,1,1,,,,,,,,1,,Cruzamento,Bom,Sem defeito,Perfeito estado,Seca,Perfeito estado,Faixa de pedestre,R-6a,,Única,Faixa contínua,Faixa seccionada,
2020-08-31,16:51:00,SEM VÍTIMA,FINALIZADA,GRAÇAS,RUA GUILHERME PINTO,360,,ENTRE A PRAÇA GUILHERME PINTO E O RESTAURANTE PORTAL DO DERBY,GRAÇAS,,,COLISÃO,COLISAO ENTRE AUTO E VEICULO OFICIAL DO BOMBEIRO,2,,,,,,,,,0,,Esquina,Bom,Não existe,Perfeito estado,Seca,Perfeito estado,Faixa de pedestre,R-6a,20km,Única,Faixa contínua,Faixa seccionada,
2020-08-31,17:22:00,COM VÍTIMA,FINALIZADA,CASA AMARELA,AV NORTE,,RUA BELA VISTA,E/F AO REI DA PICANHA S/T CID,CASA AMARELA,677,CIDADE,ABALROAMENTO TRANSVERSAL,COLISAO ENTRE AUTO E MOTO COM UMA VITIMA,1,1,,,,,,,,1,,Cruzamento,Bom,Sem defeito,Perfeito estado,Seca,Perfeito estado,Faixa de pedestre,Outras,,Dupla,Blocos,,
2020-08-31,17:25:00,COM VÍTIMA,CANCELADA,IPSEP,RUA JEAN EMILE FAVRE,,,NA PRAÇA DA MAURICEIA E AO LADO DO COLEGIO ELEANOR ROOSEVELT,IPSEP,,,COLISÃO,COLISÃO COM VÍTIMA,1,1,,,,,,,,1,,,,,,,,,,,,,,
2020-08-31,17:26:00,COM VÍTIMA,CANCELADA,BARRO,AV DR JOSE RUFINO,,AV LIBERDADE,E/F AO QUARTEL 4 BCON,BARRO,,,COLISÃO,COLISAO ENTRE AUTO E MOTO COM UMA VITIMA,1,1,,,,,,,,1,,,,,,,,,,,,,,
2020-08-31,21:53:00,COM VÍTIMA,EQUIPE NO LOCAL,CAMPO GRANDE,AV GOVERNADOR AGAMENON MAGALHAES,,,ANTES DO VIADUTO KOAO DE BARROS SENTIDO BOA VIAGEM LOGO APOS A CENTRAL DE FLAGRANTES,CAMPO GRANDE,379,SUBURBIO,ATROPELAMENTO,PEDESTRE E AUTO,1,,,,1,,,,,1,,Longo da via,Bom,Sem defeito,Perfeito estado,Seca,Perfeito estado,Faixa de pedestre,,,,,,
2020-08-31,23:16:00,VÍTIMA FATAL,FINALIZADA,IPSEP,RUA SAO NICOLAU,,RUA ABDIAS CABRAL DE MOURA,PRÓXIMO À ENTRADA DO IBURA E CASA DAS BATERIAS,IPSEP,315,SUBURBIO,ABALROAMENTO TRANSVERSAL,ONIBUS DA EMPRESA X MOTO C/VÍTIMA FATAL,,1,,,,1,,,,,1,Cruzamento,Bom,Sem defeito,Perfeito estado,Seca,Perfeito estado,Não existe,Não há placas,,Única,Não existe,,
2020-08-31,23:43:00,COM VÍTIMA,FINALIZADA,PINA,PTE AGAMENON MAGALHAES,,AV ANTONIO DE GOES,NA SAÍDA DA AV ANTONIO DE GÓES. IATE CLUBE.,PINA,,CIDADE,ABALROAMENTO LONGITUDINAL,CONDUTOR- APÓS SE EVADIR DA BLITZEM DA LEI SECA (NA AV ANTONIO DE GÓES)- COLIDIU COM UMA MOTOCICLETA NA PTE AGAMENON MAGALHÃES E- CONTINUOU SE EVADINDO- TENDO SIDO VIZUALIZADO PELA EQUIPE DA VT-18- NA PONTE JOSÉ DE BAROS LIMA- E POSTERIORMENTE- PELO INSPETOR IZAIAS NO POSTO BR DA AV NORTE- APÓS O CRUZAMENTO COM A AV JOÃO DE BARROS- SENTIDO SUBURBIO.,1,1,,,,,,,,2,,Ponte,Bom,Não existe,Perfeito estado,Seca,Perfeito estado,Não existe,Outras,60 km/h,Única,Faixa contínua,,
2020-09-01,02:15:00,COM VÍTIMA,FINALIZADA,MADALENA,AV ENGENHEIRO ABDIAS DE CARVALHO,,RUA JOAO IVO DA SILVA,COM A RUA JOÃO IVO DA SILVA,MADALENA,132,SUBURBIO,ABALROAMENTO TRANSVERSAL,COLISÃO MOTO X AUTO COM VITIMA,1,1,,,,,,,,1,,Cruzamento,Bom,Sem defeito,Perfeito estado,Seca,Perfeito estado,Faixa de pedestre,Outras,60 km/h,Dupla,Faixa contínua,Faixa seccionada,
2020-09-01,09:03:00,COM VÍTIMA,CANCELADA,ESTÂNCIA,AV DR JOSE RUFINO,,,EM FRENTE AO COLÉGIO VISÃO,ESTÂNCIA,,,COLISÃO,,1,1,,,,,,,,1,,,,,,,,,,,,,,
2020-09-01,08:19:00,COM VÍTIMA,FINALIZADA,ÁGUA FRIA,AV BEBERIBE,2406,RUA SAO JOAQUIM DO MONTE,,ÁGUA FRIA,153,,ABALROAMENTO LONGITUDINAL,COM VÍTIMA,1,1,,,,,,,,1,,Longo da via,Bom,Sem defeito,Perfeito estado,Seca,Perfeito estado,Faixa de pedestre,Não há placas,,Dupla,,,
2020-09-01,10:53:00,COM VÍTIMA,FINALIZADA,TORRE,RUA CONDE DE IRAJA,109,,E/F AO CENTRO COMUNITÁRIO INTEGRAÇÃO,TORRE,,SUBURBIO,ABALROAMENTO LONGITUDINAL,COLISÃO C/VITIMA ENTRE UM AUTO E MOTO,1,1,,,,,,,,1,,Longo da via,Bom,Sem defeito,Perfeito estado,Seca,Perfeito estado,Não existe,Outras,,Única,Faixa seccionada,,
2020-09-01,11:51:00,SEM VÍTIMA,FINALIZADA,BOA VIAGEM,RUA GENERAL EDSON AMANCIO RAMALHO,18,,LOJA FINO DESIGN,BOA VIAGEM,,CIDADE,CHOQUE OBJETO FIXO,CHOQUE VIATURA COM MURETA,1,,,,,,,,,0,,Longo da via,Bom,Não existe,Perfeito estado,Seca,Perfeito estado,Não existe,Não há placas,60 km/h,Única,Faixa contínua,,
2020-09-01,18:24:00,SEM VÍTIMA,CANCELADA,TORRE,RUA LAGOA DO RANCHO,510,,EM FRENTE A KITANDA DE FRUTAS E VERDURAS- PROXIMO DO GURA LANCHES,TORRE,,,COLISÃO,COLISÃO ENTRE DOIS AUTOS S/V- UMA DAS PARTES APRESENTA SINTOMAS DE EMBRIAGUEZ,2,,,,,,,,,0,,,,,,,,,,,,,,
2020-09-02,07:46:00,COM VÍTIMA,FINALIZADA,VÁRZEA,AV CAXANGA,,,EM FRENTE À UPA,VÁRZEA,281,CIDADE,COLISÃO TRASEIRA,COLISÃO COM VÍTIMA. UM SEGUNDO VEÍCULO EVADIU-SE DO LOCAL APÓS O ACIDENTE.,1,1,,,,,,,,1,,Longo da via,Bom,Sem defeito,Perfeito estado,Seca,Perfeito estado,Agente,Não há placas,60 km/h,Única,Canteiro central,,
2020-09-02,13:56:00,COM VÍTIMA,FINALIZADA,SÃO JOSÉ,AV SUL,1022,,NO SEMÁFORO 205,SÃO JOSÉ,205,CIDADE,COLISÃO TRASEIRA,COLISÃO COM VÍTIMA,1,1,,,,,,,,1,,Longo da via,Bom,Sem defeito,Perfeito estado,Seca,Perfeito estado,,,,Dupla,Canteiro central,,
2020-09-02,18:17:00,COM VÍTIMA,FINALIZADA,BOA VIAGEM,AVENIDA CELSO FURTADO (VIA MANGUE),,,FINAL DA VIA MANGUE. PRÓXIMO A AV. FERNANDO SIMÕES BARBOSA. LADO OPOSTO AO POSTE 2/17.,BOA VIAGEM,,SUBURBIO,ABALROAMENTO LONGITUDINAL,COM VÍTIMA,1,1,,,,,,,,2,,Longo da via,Bom,Não existe,Ilegível,Seca,Mal iluminada,Não existe,Outras,60 km/h,Dupla,Blocos,,
2020-09-02,18:48:00,COM VÍTIMA,FINALIZADA,PINA,AV ANTONIO DE GOES,124,,E/F AO GRUPO R1 AUTOS- FAIXA DA DIREITA / APÓS A LOMBADA ELETRONICA,PINA,,CIDADE,COLISÃO TRASEIRA,ENTRE AUTO E MOTO. C/V /// VT 28 E 02 NO LOCAL.,1,1,,,,,,,,1,,Longo da via,Bom,Não existe,Perfeito estado,Seca,Perfeito estado,Outros,Outras,,Única,Faixa seccionada,,
2020-09-02,20:20:00,SEM VÍTIMA,CANCELADA,BOA VIAGEM,RUA RIBEIRO DE BRITO,,AV CONSELHEIRO AGUIAR,PROXIMIDADES DA HABBIBS / SEMÁFORO 147,BOA VIAGEM,,,COLISÃO,ENTRE 2 AUTOS ( CONDUTOR EMBRIAGADO ) S/V,2,,,,,,,,,0,,,,,,,,,,,,,,
2020-09-03,13:01:00,COM VÍTIMA,FINALIZADA,BONGI,AV ENGENHEIRO ABDIAS DE CARVALHO,,EST DOS REMEDIOS,EM FRENTE AO BOB'S,BONGI,52,CIDADE,ABALROAMENTO LONGITUDINAL,COLISÃO AUTO E MOTONETA / AGENTE DIEGO ELVAS NO LOCAL,1,1,,,,,,,,1,,Cruzamento,Bom,Sem defeito,Perfeito estado,Seca,Perfeito estado,Faixa de pedestre,Outras,,Dupla,Canteiro central,,
2020-09-03,17:43:00,COM VÍTIMA,FINALIZADA,CASA AMARELA,RUA CONS PERETTI,234,RUA MAJOR AFONSO LEAL,NA MESMA RUA DA BIBLIOTECA PUBLICA DE CASA AMARELA,CASA AMARELA,,,COLISÃO COM CICLISTA,VEICULO E BICICLETA,1,,,1,,,,,,1,,Cruzamento,Bom,Não existe,Perfeito estado,Seca,Perfeito estado,Não existe,Placas Pare,,,Não existe,,
2020-09-03,19:14:00,COM VÍTIMA,FINALIZADA,BOA VISTA,RUA DO RIACHUELO,,RUA GERVASIO PIRES,,BOA VISTA,175,SUBURBIO,ABALROAMENTO TRANSVERSAL,AUTO E MOTO,1,1,,,,,,,,1,,Cruzamento,Bom,Sem defeito,Perfeito estado,Seca,Perfeito estado,Faixa de pedestre,Não há placas,,Única,Faixa contínua,,
2020-09-03,20:07:00,COM VÍTIMA,FINALIZADA,IMBIRIBEIRA,AV SUL,,,AO LADO DA INTEGRAÇÃO TANCREDO NEVES- SENTIDO BOA VIAGEM. ALÇA DE RETORNO.,IMBIRIBEIRA,,SUBURBIO,COLISÃO TRASEIRA,COLISÃO ENTRE DOIS AUTOS C/V,2,,,,,,,,,1,,Longo da via,Bom,Não existe,Perfeito estado,Seca,Perfeito estado,Não existe,Não há placas,,Dupla,Blocos,,