data,hora,natureza_acidente,situacao,bairro,endereco,numero,detalhe_endereco_acidente,complemento,bairro_cruzamento,num_semaforo,sentido_via,tipo,descricao,auto,moto,ciclom,ciclista,pedestre,onibus,caminhao,viatura,outros,vitimas,vitimasfatais,acidente_verificado,tempo_clima,situacao_semaforo,sinalizacao,condicao_via,conservacao_via,ponto_controle,situacao_placa,velocidade_max_via,mao_direcao,divisao_via1,divisao_via2,divisao_via3
2020-10-31,12:53:00,SEM VÍTIMA,FINALIZADA,CAMPO GRANDE,AV GOVERNADOR AGAMENON MAGALHAES,,RUA ODORICO MENDES,LADO OPOSTO AO IC,CAMPO GRANDE,,SUBURBIO,ABALROAMENTO TRANSVERSAL,COLISAO DE DOIS AUTOS S/ VITIMAS ( VEICULO OFICIAL DA MARINHA),2,,,,,,,,,0,,Cruzamento,Bom,Sem defeito,Perfeito estado,Seca,Perfeito estado,Faixa de retenção,Placas Dê a preferência,,Dupla,Faixa contínua,,
2020-10-31,13:02:00,COM VÍTIMA,FINALIZADA,SÃO JOSÉ,AV SUL,,AV DANTAS BARRETO,E/F A PRAÇA SÉRGIO LORETO,SÃO JOSÉ,311,CIDADE,COLISÃO FRONTAL,COLISÃO C/VITIMA ENTRE UM AUTO E UMA MOTO,1,1,,,,,,,,1,,Cruzamento,Bom,Sem defeito,Perfeito estado,Seca,Perfeito estado,Faixa de retenção,Outras,,Dupla,Faixa seccionada,Canteiro central,
2020-10-31,15:37:00,COM VÍTIMA,FINALIZADA,SANTO AMARO,RUA DOS PALMARES,,RUA TREZE DE MAIO,NO CRUZAMENTO MESMO,SANTO AMARO,30,SUBURBIO,ABALROAMENTO TRANSVERSAL,COLISAO ENTRE AUTO E MOTO COM VITIMAS,1,1,,,,,,,,1,,Cruzamento,Bom,Sem defeito,Perfeito estado,Seca,Perfeito estado,Faixa de pedestre,Não há placas,,Dupla,Faixa contínua,,
2020-10-31,17:33:00,COM VÍTIMA,FINALIZADA,CORDEIRO,AV GENERAL SAN MARTIN,530,,PRÓXIMO AO CHEUS CONSTRUÇÃO.,CORDEIRO,,,ABALROAMENTO LONGITUDINAL,COM VÍTIMA - A OUTRA PARTE EVADIU-SE,,1,,,,,,,,1,,Longo da via,Bom,Não existe,Perfeito estado,Seca,Perfeito estado,Outros,R-6a,,Dupla,Faixa contínua,,
2020-10-31,18:12:00,COM VÍTIMA,FINALIZADA,CORDEIRO,AV MAURICIO DE NASSAU,35,,PRÓXIMO AO PARQUE DO CAIARA,CORDEIRO,,BR 101,COLISÃO COM CICLISTA,COLISÃO ENTRE AUTO E BICICLETA,1,,,1,,,,,,1,,Longo da via,Bom,Não existe,Ilegível,Seca,Perfeito estado,Não existe,Outras,40 km/h,Dupla,Faixa contínua,,
2020-11-01,20:15:00,SEM VÍTIMA,CANCELADA,TEJIPIÓ,RUA FALCAO DE LACERDA,716,,E/F A PAROQUIA NOSSA SENHORA DO ROSARIO,TEJIPIÓ,,,COLISÃO,ENTRE 2 AUTOS. S/V. UM DOS CONDUTORES APRESENTAM SINAIS DE EMBRIAGUEZ,2,,,,,,,,,0,,,,,,,,,,,,,,
2020-11-01,22:56:00,COM VÍTIMA,FINALIZADA,CAMPINA DO BARRETO,RUA CORONEL URBANO RIBEIRO DE SENA,548,,AO LADO DO CALDINHO CALDELHO,CAMPINA DO BARRETO,,SUBURBIO,ATROPELAMENTO,MOTOCICLISTA ATROPELOU UMA CRIANÇA E SEU PAI. AMBAS AGUARDAM A PRESENÇA DO SAMU. O MESMO APRESENTA SINAIS DE EMBRIAGUEZ. C/V,,1,,,2,,,,,2,,Longo da via,Bom,Não existe,Perfeito estado,Seca,Perfeito estado,Não existe,Não há placas,,Dupla,Faixa seccionada,,
2020-11-02,00:03:00,COM VÍTIMA,FINALIZADA,CABANGA,RUA CAPITAO TEMUDO,56,,PROXIMO A LOMBADO ELETRONICA. COMUNIDADE CATÓLICA FILHOS DA MISERICÓRDIA.,CABANGA,,SUBURBIO,ATROPELAMENTO ANIMAL,ATROPELAMENTO COM ANIMAL,2,,,,,,,,1,1,,Viaduto,Bom,Não existe,Perfeito estado,Seca,Perfeito estado,,Não há placas,60 km/h,Dupla,Outros,,
2020-11-02,00:12:00,COM VÍTIMA,FINALIZADA,IBURA,AV DOIS RIOS,-8.1193662- -34.9430123,,SOB O VIATUDO DA BR 101.,IBURA,,CIDADE,COLISÃO FRONTAL,COLISÃO DOIS AUTOS,2,,,,,,,,,2,,Longo da via,Bom,Não existe,Perfeito estado,Seca,Perfeito estado,Não existe,R-6a,,Dupla,Faixa contínua,,
2020-11-02,00:52:00,SEM VÍTIMA,CANCELADA,TORRE,RUA CONDE DE IRAJA,,,EM FRENTE A IGREJA DA TORRE,TORRE,,,COLISÃO,ENTRE 2 AUTOS. S/V. UM DOS CONDUTORES APRESENTAM SINAIS DE EMBRIAGUEZ,2,,,,,,,,,0,,,,,,,,,,,,,,
2020-11-02,03:31:00,COM VÍTIMA,FINALIZADA,TORRE,RUA SOUZA BANDEIRA,,RUA MARQUES DE MARICA,SEMAFORO 317,TORRE,317,SUBURBIO,ABALROAMENTO TRANSVERSAL,VT POLICIA MOTO,,1,,,,,,1,,1,,Cruzamento,Bom,Sem defeito,Perfeito estado,Seca,Perfeito estado,Não existe,Não há placas,,Dupla,Faixa seccionada,,
2020-11-02,08:40:00,COM VÍTIMA,FINALIZADA,IPSEP,RUA JEAN EMILE FAVRE,1322,,EM FRENTE AO SUPERMERCADO NOVA IGUAÇU,IPSEP,,,COLISÃO,MOTO E AUTO,1,1,,,,,,,,2,,,,,,,,,,,,,,
2020-11-02,16:30:00,COM VÍTIMA,FINALIZADA,DOIS UNIDOS,AV HILDEBRANDO DE VASCONCELOS,24,,ACADEMIA/SEM NOME... TERMINAL DE DOIS UNIDOS. ARMAZÉM DO NEGO.,DOIS UNIDOS,,SUBURBIO,ABALROAMENTO LONGITUDINAL,COM VITIMA AGUARDANDO O SAMU / OBS: FAMILIARES E AMIGOS RECOLHERAM A MOTO. MOTORISTA INFORMA QUE: NÃO SABE PARA ONDE LEVARAM.,,1,,,,1,,,,1,,Longo da via,Bom,Não existe,Perfeito estado,Seca,Perfeito estado,Não existe,Não há placas,,Dupla,Faixa seccionada,,
2020-11-02,17:13:00,COM VÍTIMA,FINALIZADA,TEJIPIÓ,AV LIBERDADE,-8.0821981- -34.9599935,,EM FRENTE DO CEMITERIO PARQUE DAS FLORES,TEJIPIÓ,,SUBURBIO,ABALROAMENTO LONGITUDINAL,COM VITIMA ESTA AGUARDANDO ATENDIMENTO DO SAMU,1,1,,,,,,,,1,,Longo da via,Bom,Não existe,Incompleta,Seca,Perfeito estado,Não existe,Não há placas,30 km/h,Dupla,Faixa contínua,,
2020-11-02,18:00:00,COM VÍTIMA,FINALIZADA,DERBY,RUA DR SEVERINO PINHEIRO,-8.0576556--34.9009656,,NA PRAÇA DO DERBY MESMO. QUARTEL DO DERBY.,DERBY,,SUBURBIO,CHOQUE OBJETO FIXO,CHOQUE MOTO NO CANTEIRO,,1,,,,,,,,1,,Longo da via,Bom,Sem defeito,Perfeito estado,Seca,Perfeito estado,Faixa de pedestre,R-6a,,Única,Canteiro central,,
2020-11-03,08:00:00,SEM VÍTIMA,FINALIZADA,CAXANGÁ,AV CAXANGA,,,PROX A INTEGRAÇÃO  DA CAXANGA,CAXANGÁ,,,COLISÃO,COLISÃO SEM VITIMAS GM RENAN QTH,,1,,,,,,1,,0,,Longo da via,Bom,Sem defeito,Perfeito estado,Seca,Perfeito estado,Agente,Outras,,Dupla,Faixa contínua,,
2020-11-03,08:11:00,COM VÍTIMA,FINALIZADA,AREIAS,AV DR JOSE RUFINO,2125,RUA DOMINGOS TEOTONIO,EM FRENTE AO COLEGIO IMACULADA CONCEIÇÃO . PIZZA HOT.,AREIAS,213,CIDADE,COLISÃO FRONTAL,AUTO E MOTO.,1,1,,,,,,,,1,,Longo da via,Bom,Sem defeito,Perfeito estado,Seca,Perfeito estado,Faixa de retenção,Placas Pare,,Dupla,Faixa contínua,,
2020-11-03,09:34:00,COM VÍTIMA,FINALIZADA,ARRUDA,AV BEBERIBE,1285,,EM FRENTE AO BOMPREÇO E ESTÁDIO DE FUTEBOL SANTA CRUZ F. C.,ARRUDA,131,SUBURBIO,ATROPELAMENTO,AUTO E PEDESTRE VT-03 NO LOCAL SUB. SABINO,1,,,,1,,,,,1,,Longo da via,Bom,Sem defeito,Perfeito estado,Seca,Perfeito estado,Faixa de pedestre,Outras,,Dupla,Faixa contínua,,
2020-11-03,11:21:00,COM VÍTIMA,FINALIZADA,IMBIRIBEIRA,AV MARECHAL MASCARENHAS DE MORAES,2931,RUA ALMEIDA JUNIOR,PROX A FACULDADE  UNIVERSOEM FRENTE A CONCESSIONARIA HONDA   NO SENTIDO AFOGADOS,IMBIRIBEIRA,631,CIDADE,COLISÃO TRASEIRA,COLISÃO COM VITIMA,1,1,,,,,,,,1,,Cruzamento,Bom,Sem defeito,Perfeito estado,Seca,Perfeito estado,Faixa de retenção,Não há placas,60 km/h,Dupla,Canteiro central,,
2020-11-03,15:59:00,COM VÍTIMA,FINALIZADA,IMBIRIBEIRA,RUA BARAO DE AGUA BRANCA,,RUA SARGENTO SILVINO DE MACEDO,PROXIMO A IGREJA CATEDRAL DA RECONCILIACAO E A ANATEL.,IMBIRIBEIRA,,,COLISÃO FRONTAL,COLISÃO COM VÍTIMA ENTRE AUTO E MOTO,1,1,,,,,,,,1,,Esquina,Bom,Não existe,Não existente,Seca,Perfeito estado,Não existe,Não há placas,,Dupla,Não existe,,
2020-11-03,18:54:00,COM VÍTIMA,FINALIZADA,TORRÕES,RUA DR MIGUEL VIEIRA FERREIRA,275,RUA CLAUDIO BROTHERHOOD,PROX AO EDF. OCEANO E BETO BEBIDAS,TORRÕES,,SUBURBIO,COLISÃO FRONTAL,NISSAN X PRISMA X CITROEN,3,,,,,,,,,1,,Cruzamento,Bom,Não existe,Incompleta,Seca,Mal iluminada,Faixa de pedestre,Outras,30 km/h,Dupla,Faixa contínua,,
2020-11-04,08:37:00,COM VÍTIMA,FINALIZADA,SANTO AMARO,RUA DOS PALMARES,547,,EM FRENTE AO COMANDO DA GUARDA,SANTO AMARO,,CIDADE,ABALROAMENTO LONGITUDINAL,COM UMA VITIMA -AGUARDANDO SAMU/VT 29 ASSUMIU/GM ARLETE/GM MARCOS ALEXANDRE/GM ANTONIO SOUZA/GM ADAILSON,1,1,,,,,,,,1,,Longo da via,Bom,Não existe,Perfeito estado,Seca,Perfeito estado,Não existe,Não há placas,60 km/h,Dupla,Faixa seccionada,Canteiro central,
2020-11-04,11:20:00,COM VÍTIMA,FINALIZADA,ARRUDA,AV BEBERIBE,,RUA SAO BENTO,,ARRUDA,64,SUBURBIO,ABALROAMENTO TRANSVERSAL,COLISÃO ENTRE CAMINHÃO E MOTOCICLETA,,1,,,,,1,,,1,,Cruzamento,Bom,Sem defeito,Perfeito estado,Seca,Perfeito estado,Faixa de pedestre,R-6a,30 km/h,Dupla,Não existe,,
2020-11-04,15:00:00,COM VÍTIMA,FINALIZADA,VÁRZEA,AV CAXANGA,,RUA RODRIGUES FERREIRA,PROXIMO AO RESIDENCIAL JD. CAXANGA,VÁRZEA,232,,ABALROAMENTO TRANSVERSAL,ÔNIBUS E MOTO.,,1,,,,1,,,,1,,Longo da via,Bom,Sem defeito,Perfeito estado,Seca,Perfeito estado,Não existe,Não há placas,,Única,Não existe,,
2020-11-04,15:45:00,COM VÍTIMA,FINALIZADA,CASA FORTE,AV DEZESSETE DE AGOSTO,,RUA PIAUI,PROX AO HOSPITAL HEMILIO DE MORAIS,CASA FORTE,251,SUBURBIO,COLISÃO FRONTAL,COLISÃO MOTO X CARRO / VT 27 NO LOCAL,1,1,,,,,,,,1,,Cruzamento,Bom,Sem defeito,Perfeito estado,Seca,Perfeito estado,Agente,R-6a,,Dupla,Faixa contínua,,
2020-11-04,16:22:00,COM VÍTIMA,FINALIZADA,PARNAMIRIM,AV DEZESSETE DE AGOSTO,223,,50 METROS ANTES DA CULTURA INGLESA. PRAÇA JOSÉ VILELA.,PARNAMIRIM,,SUBURBIO,ABALROAMENTO LONGITUDINAL,COLISAO ENVOLVENDO AUTO- ONIBUS E MOTO COM VITIMA.,1,1,,,,1,,,,1,,Longo da via,Bom,Não existe,Perfeito estado,Seca,Perfeito estado,Não existe,Não há placas,,Dupla,Faixa contínua,,
2020-11-04,19:32:00,COM VÍTIMA,FINALIZADA,BOA VIAGEM,RUA SA E SOUZA,,RUA GENERAL SALGADO,AO LADO DA DROGARIA DROGAMAR.,BOA VIAGEM,,,ABALROAMENTO TRANSVERSAL,COLISAO ENTRE AUTO E MOTO COM VITIMA,1,1,,,,,,,,1,,Cruzamento,Bom,Não existe,Perfeito estado,Seca,Perfeito estado,Não existe,Placas Pare,,Dupla,Faixa seccionada,,
2020-11-04,20:26:00,COM VÍTIMA,FINALIZADA,FUNDÃO,RUA CORONEL URBANO RIBEIRO DE SENA,439,,PROX. A BARRIGUDA,FUNDÃO,,SUBURBIO,ABALROAMENTO TRANSVERSAL,COLISÃO COM VITIMA/ VITIMA JÁ FOI LEVADA NA VIATURA DOS BOMBEIROS,1,1,,,,,,,,1,,Longo da via,Bom,Não existe,Perfeito estado,Seca,Perfeito estado,Não existe,,,Dupla,Faixa seccionada,,
2020-11-05,08:55:00,COM VÍTIMA,FINALIZADA,ESTÂNCIA,AV DR JOSE RUFINO,,RUA HAVAI,PROX. A GALERIA MARGARIDA,ESTÂNCIA,,,ABALROAMENTO TRANSVERSAL,AUTO E MOTO C/V,1,1,,,,,,,,1,,Cruzamento,Bom,Não existe,Perfeito estado,Seca,Perfeito estado,Não existe,Não há placas,40 km/h,Dupla,Faixa contínua,,
2020-11-05,11:21:00,SEM VÍTIMA,FINALIZADA,MADALENA,RUA BELARMINO CARNEIRO,,RUA MANOEL BERNARDES,PROX. A COMUNIDADE BATISTA,MADALENA,,,ENGAVETAMENTO,VT- POLICIA CIVIL OFICIAL E 3 AUTOS,3,,,,,,,1,,0,,Cruzamento,Bom,Não existe,Não existente,Seca,Perfeito estado,Não existe,Não há placas,,Dupla,Não existe,,
2020-11-05,13:25:00,SEM VÍTIMA,FINALIZADA,COELHOS,RUA FRANCISCO ALVES,49,,PROX. AO IMIP,COELHOS,,,COLISÃO,AMBULANCIA OFICAL E AUTO,2,,,,,,,,,0,,Longo da via,Bom,Não existe,Perfeito estado,Seca,Perfeito estado,Outros,Outras,,Dupla,Faixa contínua,,
2020-11-05,14:25:00,COM VÍTIMA,CANCELADA,TORRE,RUA MARQUES DE MARICA,208,,APOS O CARREFOUR E/F A PRAÇA,TORRE,,,COLISÃO,COLISAO ENTRE AUTO E MOTO COM VITIMA,1,1,,,,,,,,1,,,,,,,,,,,,,,
2020-11-05,13:54:00,COM VÍTIMA,FINALIZADA,CASA FORTE,AV DEZESSETE DE AGOSTO,1255,,ANTES DA PRAÇA VITORIA REGIA S/T CID ENTRE A FARMACIA DROGASIL E O POSTO PETROBRAS,CASA FORTE,,,ABALROAMENTO TRANSVERSAL,COLISAO ENTRE AUTO E MOTO COM VITIMA,1,1,,,,,,,,1,,Longo da via,Bom,Não existe,Perfeito estado,Seca,Perfeito estado,Não existe,Outras,,Dupla,,,
2020-11-05,21:00:00,COM VÍTIMA,FINALIZADA,PINA,AV HERCULANO BANDEIRA,348,,APOS A IGREJA EM FRENTE A BIFURCAÇAO,PINA,,SUBURBIO,COLISÃO TRASEIRA,MOTO X AUTO   OBS: LOCAL DA COLISAO FOI DESCARACTERIZADO,1,1,,,,,,,,1,,Longo da via,Bom,Não existe,Perfeito estado,Seca,Perfeito estado,Não existe,R-6a,50 km/h,Única,,,
2020-11-06,01:29:00,SEM VÍTIMA,FINALIZADA,TEJIPIÓ,AV DR JOSE RUFINO,,,EM FRENTE A ESCOLA ALBERTO TORRES,TEJIPIÓ,,,COLISÃO,COLISÃO DOIS AUTOS,2,,,,,,,,,0,,Longo da via,Chuvoso,Não existe,Perfeito estado,Molhada,Perfeito estado,,,,Dupla,Faixa contínua,,
2020-11-06,08:22:00,COM VÍTIMA,FINALIZADA,JORDÃO,AV MARIA IRENE,55,RUA ANTONIO ROCHA,EM FRENTE AO MARTELINHO DE OURO ALTO CRUZ,JORDÃO,,CIDADE,ABALROAMENTO TRANSVERSAL,COM UMA VITIMA SENDO SOCORRIDA PELO BOMBEIRO,1,1,,,,,,,,1,,Cruzamento,Bom,Não existe,Perfeito estado,Seca,Perfeito estado,Não existe,Não há placas,,Dupla,Faixa contínua,,
2020-11-06,10:05:00,COM VÍTIMA,FINALIZADA,SÃO JOSÉ,RUA IMPERIAL,,PRC SERGIO LORETO,,SÃO JOSÉ,408,CIDADE,ATROPELAMENTO,MOTOCICLETA E PEDESTRE,,1,,,1,,,,,1,,Longo da via,Bom,Sem defeito,Perfeito estado,Seca,Perfeito estado,Não existe,Não há placas,,Única,Não existe,,
2020-11-06,12:15:00,SEM VÍTIMA,FINALIZADA,SANTO AMARO,RUA DA UNIAO,,RUA PRINCESA IZABEL,NA RUA DA ASSEMBLEA LEGISLATIVA,SANTO AMARO,,,COLISÃO,MOTO X CARRO / AGENTES NO LOCAL INS EDINALDO - DAVID LUIZ VT 08,1,1,,,,,,,,0,,,,,,,,,,,,,,
2020-11-06,12:36:00,COM VÍTIMA,FINALIZADA,AFOGADOS,RUA SAO MIGUEL,1204,RUA DONA MARIA DE ANGELIS,EM FRENTE CLINICA JAILME CORDEIRO- AO LADO DO CHINA IN BOX,AFOGADOS,,CIDADE,ABALROAMENTO LONGITUDINAL,COLISÃO ENTRE AUTO E MOTO- C/V,1,1,,,,,,,,1,,Esquina,Bom,Não existe,Perfeito estado,Seca,Perfeito estado,Outros,Outras,50 km/h,Dupla,Faixa,,
2020-11-06,13:07:00,COM VÍTIMA,FINALIZADA,APIPUCOS,RUA DE APIPUCOS,,RUA MANDACARU,EM FRENTE AO RESIDENCIAL E PARQUE APIPUCOS.,APIPUCOS,500,CIDADE,COLISÃO FRONTAL,COLISÃO ENTRE AUTO E MOTO- C/V,1,1,,,,,,,,1,,Longo da via,Bom,,Perfeito estado,Seca,Perfeito estado,,,50 km/h,Dupla,Faixa contínua,,
2020-11-06,14:33:00,COM VÍTIMA,FINALIZADA,PINA,AV HERCULANO BANDEIRA,,RUA NOGUEIRA DE SOUZA,INÍCIO DA AV HERCULANO BANDEIRA. EM FRENTE A MERCEDES BENZ.,PINA,657,SUBURBIO,ABALROAMENTO LONGITUDINAL,DOIS AUTOS E UMA MOTO,2,1,,,,,,,,2,,Longo da via,Bom,Sem defeito,Perfeito estado,Seca,Perfeito estado,Faixa de pedestre,Não há placas,60 km/h,Única,Faixa seccionada,,
2020-11-06,19:42:00,COM VÍTIMA,FINALIZADA,VÁRZEA,RUA TENENTE ROLAND RITTMISTER,37,,PROX AO BAR DE QUETA. ASSOCIAÇÃO DOS MORADORES.,VÁRZEA,,SUBURBIO,CHOQUE VEÍCULO PARADO,COLISAO ENTRE AUTO E MOTO COM VITIMA,1,1,,,,,,,,1,,Longo da via,Bom,Não existe,Perfeito estado,Seca,Perfeito estado,Não existe,Não há placas,,Dupla,Faixa contínua,,
2020-11-06,19:52:00,COM VÍTIMA,FINALIZADA,IBURA,AV SANTOS,186B,RUA PARNARAMA,EM FRENTE A ASSISTÊNCIA TÉCNICA.,IBURA,,CIDADE,COLISÃO,COLISAO ENTRE DUA MOTOS,,2,,,,,,,,2,,Longo da via,Bom,Não existe,Incompleta,Seca,Mal conservada,Não existe,Não há placas,,Dupla,Faixa seccionada,,
2020-11-06,22:15:00,COM VÍTIMA,FINALIZADA,IPSEP,RUA RIO DOCE,500,RUA PINTOR ANTONIO ALBUQUERQUE,SINDICATO DOS MOTORISTAS,IPSEP,,SUBURBIO,COLISÃO FRONTAL,COLISÃO COM VITIMA,1,1,,,,,,,,1,,Cruzamento,Bom,Não existe,Perfeito estado,Seca,Perfeito estado,Faixa de pedestre,Não há placas,,Dupla,Faixa contínua,,
2020-11-07,01:27:00,SEM VÍTIMA,CANCELADA,IPSEP,AV RECIFE,,,EM FRENTE A PIZZARIA ATLANTICA,IPSEP,,,CHOQUE OBJETO FIXO,COLISÃO AUTO E POSTE,1,,,,,,,,,0,,,,,,,,,,,,,,
2020-11-07,09:09:00,COM VÍTIMA,FINALIZADA,CAMPO GRANDE,RUA ODORICO MENDES,100,,EM FRENTE AO RESIDENCIAL AUGUSTO LUCENA,CAMPO GRANDE,,SUBURBIO,ABALROAMENTO TRANSVERSAL,AUTO E MOTO C/V,1,1,,,,,,,,1,,Longo da via,Bom,Não existe,Incompleta,Seca,Perfeito estado,Não existe,Não há placas,,Dupla,Faixa seccionada,,
2020-11-07,13:01:00,SEM VÍTIMA,CANCELADA,PARNAMIRIM,AV FLOR DE SANTANA,360,,E/F AO RESTAURANTE LA TRATORIA,PARNAMIRIM,,,COLISÃO,COLISÃO SEM VÍTIMA,,2,,,,,,,,0,,,,,,,,,,,,,,
2020-11-07,13:53:00,COM VÍTIMA,CANCELADA,IBURA,AV DOIS RIOS,515,,E/F AO PET SHOP PET CLINICA,IBURA,,,COLISÃO,COLISAO ENTRE AUTO E MOTO COM UMA VITIMA,1,1,,,,,,,,1,,,,,,,,,,,,,,
2020-11-07,14:02:00,COM VÍTIMA,FINALIZADA,ARRUDA,RUA DO MACHADO,,RUA ZEFERINO AGRA,IGREJA BATISTA DO ARRUDA.,ARRUDA,,,COLISÃO FRONTAL,COLISAO ENTRE AUTO E MOTO COM UMA VITIMA,1,1,,,,,,,,1,,Cruzamento,Bom,Não existe,Perfeito estado,Seca,Perfeito estado,Faixa de pedestre,R-6a,,Dupla,Faixa seccionada,,
2020-11-07,14:42:00,SEM VÍTIMA,FINALIZADA,,RUA DR BENIGNO JORDAO DE VASCONCELOS,386,,PROXIMO A IGREJA CATOLICA DE LAGOA ENCANTADA,,,SUBURBIO,ABALROAMENTO LONGITUDINAL,COLISÃO COM VIATURA,2,,,,,,,,,0,,Longo da via,Bom,Não existe,Perfeito estado,Seca,Perfeito estado,,Outras,30 km/h,Dupla,Faixa seccionada,,
2020-11-07,16:52:00,SEM VÍTIMA,EQUIPE EM DESLOCAMENTO,ARRUDA,AV PROFESSOR JOSE DOS ANJOS,,,SOB O SEMÁFORO Nº 306,ARRUDA,306,SUBURBIO,CHOQUE VEÍCULO PARADO,COLISÃO SEM VÍTIMA UM DOS CONDUTORES COM SINTOMAS DE EMBRIAGUEZ,2,,,,,,,,,0,,Cruzamento,Bom,Sem defeito,Perfeito estado,Seca,Perfeito estado,Não existe,,,Dupla,Canal,,
2020-11-07,22:20:00,COM VÍTIMA,FINALIZADA,SANTO AMARO,AV JOAO DE BARROS,594,,CONSERVATORIO PERNAMBUCANO DE MUSICA,SANTO AMARO,,SUBURBIO,COLISÃO TRASEIRA,AMBULANCIA X AUTO    OBS: SUSPEITA DE EMBRIAGUEZ,2,,,,,,,,,1,,Longo da via,Chuvoso,Sem defeito,Perfeito estado,Molhada,Perfeito estado,Faixa de pedestre,Outras,,Única,Não existe,,
2020-11-08,02:35:00,SEM VÍTIMA,FINALIZADA,BOA VISTA,AV CONDE DA BOA VISTA,357A,RUA DAS NINFAS,CASA AFRICANA,BOA VISTA,681,SUBURBIO,CHOQUE VEÍCULO PARADO,COLISÃO AUTO E MOTO,1,1,,,,,,,,0,,Longo da via,Bom,Intermitente,Perfeito estado,Seca,Perfeito estado,Faixa de pedestre,,,Única,Faixa contínua,,
2020-11-08,04:56:00,SEM VÍTIMA,FINALIZADA,JORDÃO,AV MARIA IRENE,,,MURO DA BASE ÁEREA,JORDÃO,,,CHOQUE OBJETO FIXO,,1,,,,,,,,,0,,,,,,,,,,,,,,
2020-11-08,05:03:00,SEM VÍTIMA,CANCELADA,BOA VIAGEM,RUA BARAO DE SOUZA LEAO,1065,,EM FRENTE A LOJA ORTOBOM,BOA VIAGEM,,,CHOQUE OBJETO FIXO,PORTÃO DA RESIDÊNCIA,1,,,,,,,,,0,,,,,,,,,,,,,,
2020-11-08,10:57:00,SEM VÍTIMA,FINALIZADA,BOA VIAGEM,AV BOA VIAGEM,2784,,APÓS A PADARIA BOA VIAGEM,BOA VIAGEM,,CIDADE,CHOQUE VEÍCULO PARADO,SEM VITIMAS -UM DOS CONDUTORES EM SITUAÇÃO DE EMBRIAGUEZ,3,,,,,,,,,0,,Longo da via,Bom,Não existe,Perfeito estado,Seca,Perfeito estado,Não existe,Não há placas,,Única,Faixa seccionada,,
2020-11-08,13:25:00,COM VÍTIMA,FINALIZADA,MADALENA,AV VISCONDE DE ALBUQUERQUE,400,RUA LOPES DE CARVALHO,EM FRENTE A LOJA SPUK- AO LADO DO CENTRO ESPIRITA QUINTA LUZ. GALERIA MADALENA CENTER.,MADALENA,,TORRE,ABALROAMENTO TRANSVERSAL,COLISÃO ENTRE AUTO E MOTO C/V,1,1,,,,,,,,1,,Cruzamento,Bom,Não existe,Perfeito estado,Seca,Perfeito estado,Não existe,Placas Pare,,Única,Faixa seccionada,,
2020-11-08,14:23:00,COM VÍTIMA,FINALIZADA,ROSARINHO,RUA AMARO COUTINHO,,AV SANTOS DUMONT,AO LADO DA PRAÇA DO ROSARINHO,ROSARINHO,,,ABALROAMENTO TRANSVERSAL,COLISÃO ENTRE AUTO E MOTO C/V- BATEDOR DE ANGELIS NO LOCAL,1,1,,,,,,,,1,,Cruzamento,Bom,Não existe,Perfeito estado,Seca,Perfeito estado,Não existe,Placas Pare,40 km/h,Dupla,Faixa seccionada,,
2020-11-08,15:44:00,SEM VÍTIMA,FINALIZADA,IMBIRIBEIRA,RUA ITACARI,,AV MARECHAL MASCARENHAS DE MORAES,,IMBIRIBEIRA,,,CHOQUE,APOIO EM CHOQUE DE VEÍCULO COM POSTE SEMAFÓRICO,,,,,,,,,,0,,,,,,,,,,,,,,
2020-11-08,16:11:00,COM VÍTIMA,FINALIZADA,LINHA DO TIRO,RUA URIEL DE HOLANDA,515A,,EM FRENTE AO NUMERO 515A. LADO OPOSTO AO LAVA JATO DEUS É FIEL.,LINHA DO TIRO,,PRAÇA DA CONVENÇÃO,COLISÃO FRONTAL,COLISÃO MOTO X CARRO / VT 11 NO LOCAL,1,1,,,,,,,,1,,Longo da via,Bom,Não existe,Incompleta,Seca,Perfeito estado,Não existe,R-6a,,Dupla,Não existe,,
2020-11-08,19:00:00,COM VÍTIMA,FINALIZADA,IBURA,AV DOM HELDER CAMARA,309,,AO LADO DA MOTO SHOW DISTRIBUIDORA- PROXIMO DO FORMAQUINAS. PARADA DE ÔNIBUS 020180.,IBURA,,CIDADE,CHOQUE VEÍCULO PARADO,COLISÃO ENTRE ÔNIBUS E MOTO C/V,,1,,,,1,,,,1,,Longo da via,Bom,Não existe,Perfeito estado,Seca,Perfeito estado,,,,,,,
2020-11-08,19:40:00,COM VÍTIMA,FINALIZADA,CAMPO GRANDE,RUA PITIGUARAS,470,RUA ESBERARD,PROX. A COMUNIDADE DO CHIE,CAMPO GRANDE,,SUBURBIO,CHOQUE VEÍCULO PARADO,COM VITIMA,1,,,,,,1,,,1,,Longo da via,Chuvoso,Não existe,Incompleta,Molhada,Mal conservada,Não existe,Não há placas,,Dupla,Não existe,,
2020-11-09,00:22:00,COM VÍTIMA,CANCELADA,MADALENA,EST DOS REMEDIOS,,AV JOSE GONCALVES DE MEDEIROS,PROXIMO A POLICLINICA LESSA DE ANDRADE,MADALENA,,,COLISÃO,,,,,,,,,,,2,,,,,,,,,,,,,,